{
  "run": {
    "csv": "/var/lib/neo4j/data/projects/neo4j-mpgnn-thesis/experiment_results/report_files/rq_bottlenecks/baseline_neo4j/products/measurements.csv",
    "runtime_s": 1112.0888848891482,
    "training_time_s": 1107.6698404452763,
    "epochs_completed": 1,
    "batches_seen": 1536,
    "nbr_training_datapoints": 196615.0
  },
  "metrics": {
    "throughput_samples_per_s": 177.50325306407368,
    "epoch_time_s": {
      "count": 1,
      "total_s": 1108.5183209762909,
      "mean_s": 1108.5183209762909,
      "p50_s": 1108.5183209762909,
      "p90_s": 1108.5183209762909,
      "p99_s": 1108.5183209762909,
      "min_s": 1108.5183209762909,
      "max_s": 1108.5183209762909
    },
    "sampling_phase_time_s": {
      "count": 1536,
      "total_s": 1078.4844198357314,
      "mean_s": 0.7021382941638876,
      "p50_s": 0.6583043786231428,
      "p90_s": 0.8654951725620776,
      "p99_s": 0.9341016093268991,
      "min_s": 0.5957441949285567,
      "max_s": 1.0022206432186067
    },
    "training_phase_time_s": {
      "count": 1536,
      "total_s": 11.95571020198986,
      "mean_s": 0.007783665496087148,
      "p50_s": 0.007640150375664234,
      "p90_s": 0.008435117546468973,
      "p99_s": 0.010751146357506522,
      "min_s": 0.006756535265594721,
      "max_s": 0.01629630522802472
    },
    "convergence_time_s": null,
    "converged_epoch": null,
    "avg_cpu_utilization": null,
    "final_validation_accuracy": 0.0,
    "best_validation_accuracy": 0.0,
    "time_to_first_validation_accuracy_s": 1112.0888501182199,
    "time_to_best_accuracy_s": 1112.0888501182199,
    "final_validation_loss": 0.9842981100082396,
    "best_validation_loss": 0.9842981100082396,
    "time_to_best_loss_s": 1112.0888568321243,
    "final_test_accuracy": 0.63,
    "best_test_accuracy": 0.63,
    "time_to_best_test_accuracy_s": 1113.1319995140657,
    "remote_feature_latency_s": {
      "count": 1538,
      "total_s": 502.62166387215257,
      "mean_s": 0.3268021221535452,
      "p50_s": 0.29778952337801456,
      "p90_s": 0.4936176805756986,
      "p99_s": 0.5436837546247988,
      "min_s": 0.0048581319861114025,
      "max_s": 0.5692172329872847
    },
    "remote_feature_total_s": 502.62166387215257,
    "cache_hits": 1538,
    "cache_misses": 1538,
    "cache_hit_rate": 0.5,
    "validation_time_s": {
      "count": 1,
      "total_s": 0.5451051532290876,
      "mean_s": 0.5451051532290876,
      "p50_s": 0.5451051532290876,
      "p90_s": 0.5451051532290876,
      "p99_s": 0.5451051532290876,
      "min_s": 0.5451051532290876,
      "max_s": 0.5451051532290876
    },
    "saving_weights_time_s": {
      "count": 1,
      "total_s": 7.5963325798511505e-06,
      "mean_s": 7.5963325798511505e-06,
      "p50_s": 7.5963325798511505e-06,
      "p90_s": 7.5963325798511505e-06,
      "p99_s": 7.5963325798511505e-06,
      "min_s": 7.5963325798511505e-06,
      "max_s": 7.5963325798511505e-06
    },
    "batch_train_loss_mean": 0.7877823901944794,
    "avg_batch_nodes": 7178.489583333333,
    "avg_batch_edges": 7584.137369791667,
    "avg_seed_node_ratio": 0.01783239158561357,
    "topo_query_sent_ms": null,
    "topo_first_record_ms": null,
    "topo_transfer_ms": null,
    "topo_etl_ms": 3.557730751942906,
    "feat_x_query_sent_ms": null,
    "feat_x_first_record_ms": null,
    "feat_x_transfer_ms": null,
    "feat_x_etl_ms": 8.006611916748867,
    "feat_x_etl_parse_ms": 100.66530712055447,
    "feat_y_query_sent_ms": null,
    "feat_y_first_record_ms": null,
    "feat_y_transfer_ms": null,
    "feat_y_etl_ms": null,
    "network_baseline_ms": null,
    "avg_feat_bytes": 2868782.3146944083
  },
  "notes": [
    "GPU/CPU utilization and explicit DB write/query timings are not in the Measurer CSV (unless you log them); this parser will report None for those.",
    "throughput_samples_per_s assumes nbr_training_datapoints is per-epoch; if it's total across training, remove the * epochs_completed multiplier.",
    "remote_feature_total_s is a proxy for time spent waiting on remote feature reads (DB reads)."
  ]
}