{
  "sampler": {
    "plan_meta": {},
    "global": {
      "sample_count": 1538,
      "avg_client_wall_time_ms": 254.13935352177378,
      "avg_result_available_after_ms": 0.5455136540962289,
      "avg_result_consumed_after_ms": 248.80689206762028,
      "avg_profile_total_time_ms": 0.0,
      "avg_global_memory_bytes": 0.0,
      "avg_root_rows": 0.0,
      "avg_root_db_hits": 0.0,
      "avg_page_cache_hits": 0.0,
      "avg_page_cache_misses": 0.0,
      "avg_db_exec_time_ms": 0,
      "avg_network_transfer_ms": 248.80689206762028,
      "avg_driver_overhead_ms": 254.13935352177378,
      "avg_query_startup_ms": 0.5455136540962289,
      "avg_exec_serialize_ms": 248.26137841352406,
      "avg_client_recv_ms": 5.332461454153503
    },
    "operators": [],
    "top_by_time_ms": [],
    "top_by_db_hits": [],
    "top_by_memory_bytes": []
  },
  "feat_x": {
    "plan_meta": {},
    "global": {
      "sample_count": 1538,
      "avg_client_wall_time_ms": 326.6374360705194,
      "avg_result_available_after_ms": 1.5429128738621587,
      "avg_result_consumed_after_ms": 66.3218465539662,
      "avg_profile_total_time_ms": 0.0,
      "avg_global_memory_bytes": 0.0,
      "avg_root_rows": 0.0,
      "avg_root_db_hits": 0.0,
      "avg_page_cache_hits": 0.0,
      "avg_page_cache_misses": 0.0,
      "avg_db_exec_time_ms": 0,
      "avg_network_transfer_ms": 66.3218465539662,
      "avg_driver_overhead_ms": 326.6374360705194,
      "avg_query_startup_ms": 1.5429128738621587,
      "avg_exec_serialize_ms": 64.77893368010403,
      "avg_client_recv_ms": 260.31558951655325
    },
    "operators": [],
    "top_by_time_ms": [],
    "top_by_db_hits": [],
    "top_by_memory_bytes": []
  },
  "subphase_metrics": {
    "throughput_samples_per_s": 177.50325306407368,
    "epoch_time_s": {
      "count": 1,
      "total_s": 1108.5183209762909,
      "mean_s": 1108.5183209762909,
      "p50_s": 1108.5183209762909,
      "p90_s": 1108.5183209762909,
      "p99_s": 1108.5183209762909,
      "min_s": 1108.5183209762909,
      "max_s": 1108.5183209762909
    },
    "sampling_phase_time_s": {
      "count": 1536,
      "total_s": 1078.4844198357314,
      "mean_s": 0.7021382941638876,
      "p50_s": 0.6583043786231428,
      "p90_s": 0.8654951725620776,
      "p99_s": 0.9341016093268991,
      "min_s": 0.5957441949285567,
      "max_s": 1.0022206432186067
    },
    "training_phase_time_s": {
      "count": 1536,
      "total_s": 11.95571020198986,
      "mean_s": 0.007783665496087148,
      "p50_s": 0.007640150375664234,
      "p90_s": 0.008435117546468973,
      "p99_s": 0.010751146357506522,
      "min_s": 0.006756535265594721,
      "max_s": 0.01629630522802472
    },
    "convergence_time_s": null,
    "converged_epoch": null,
    "avg_cpu_utilization": null,
    "final_validation_accuracy": 0.0,
    "best_validation_accuracy": 0.0,
    "time_to_first_validation_accuracy_s": 1112.0888501182199,
    "time_to_best_accuracy_s": 1112.0888501182199,
    "final_validation_loss": 0.9842981100082396,
    "best_validation_loss": 0.9842981100082396,
    "time_to_best_loss_s": 1112.0888568321243,
    "final_test_accuracy": 0.63,
    "best_test_accuracy": 0.63,
    "time_to_best_test_accuracy_s": 1113.1319995140657,
    "remote_feature_latency_s": {
      "count": 1538,
      "total_s": 502.62166387215257,
      "mean_s": 0.3268021221535452,
      "p50_s": 0.29778952337801456,
      "p90_s": 0.4936176805756986,
      "p99_s": 0.5436837546247988,
      "min_s": 0.0048581319861114025,
      "max_s": 0.5692172329872847
    },
    "remote_feature_total_s": 502.62166387215257,
    "cache_hits": 1538,
    "cache_misses": 1538,
    "cache_hit_rate": 0.5,
    "validation_time_s": {
      "count": 1,
      "total_s": 0.5451051532290876,
      "mean_s": 0.5451051532290876,
      "p50_s": 0.5451051532290876,
      "p90_s": 0.5451051532290876,
      "p99_s": 0.5451051532290876,
      "min_s": 0.5451051532290876,
      "max_s": 0.5451051532290876
    },
    "saving_weights_time_s": {
      "count": 1,
      "total_s": 7.5963325798511505e-06,
      "mean_s": 7.5963325798511505e-06,
      "p50_s": 7.5963325798511505e-06,
      "p90_s": 7.5963325798511505e-06,
      "p99_s": 7.5963325798511505e-06,
      "min_s": 7.5963325798511505e-06,
      "max_s": 7.5963325798511505e-06
    },
    "batch_train_loss_mean": 0.7877823901944794,
    "avg_batch_nodes": 7178.489583333333,
    "avg_batch_edges": 7584.137369791667,
    "avg_seed_node_ratio": 0.01783239158561357,
    "topo_query_sent_ms": null,
    "topo_first_record_ms": null,
    "topo_transfer_ms": null,
    "topo_etl_ms": 3.557730751942906,
    "feat_x_query_sent_ms": null,
    "feat_x_first_record_ms": null,
    "feat_x_transfer_ms": null,
    "feat_x_etl_ms": 8.006611916748867,
    "feat_x_etl_parse_ms": 100.66530712055447,
    "feat_y_query_sent_ms": null,
    "feat_y_first_record_ms": null,
    "feat_y_transfer_ms": null,
    "feat_y_etl_ms": null,
    "network_baseline_ms": 254.13935352177378,
    "avg_feat_bytes": 2868782.3146944083,
    "sampler_avg_db_exec_time_ms": 0,
    "sampler_avg_network_transfer_ms": 248.80689206762028,
    "sampler_avg_driver_overhead_ms": 254.13935352177378,
    "sampler_avg_result_consumed_after_ms": 248.80689206762028,
    "sampler_avg_result_available_after_ms": 0.5455136540962289,
    "sampler_avg_client_wall_time_ms": 254.13935352177378,
    "sampler_avg_query_startup_ms": 0.5455136540962289,
    "sampler_avg_exec_serialize_ms": 248.26137841352406,
    "sampler_avg_client_recv_ms": 5.332461454153503,
    "feat_x_avg_db_exec_time_ms": 0,
    "feat_x_avg_network_transfer_ms": 66.3218465539662,
    "feat_x_avg_driver_overhead_ms": 326.6374360705194,
    "feat_x_avg_result_consumed_after_ms": 66.3218465539662,
    "feat_x_avg_result_available_after_ms": 1.5429128738621587,
    "feat_x_avg_client_wall_time_ms": 326.6374360705194,
    "feat_x_avg_query_startup_ms": 1.5429128738621587,
    "feat_x_avg_exec_serialize_ms": 64.77893368010403,
    "feat_x_avg_client_recv_ms": 260.31558951655325,
    "topo_fetch_ms": 254.13935352177378
  }
}