{
  "sampler": {
    "plan_meta": {},
    "global": {
      "sample_count": 9439,
      "avg_client_wall_time_ms": 17.900483410873345,
      "avg_result_available_after_ms": 0.621781968428859,
      "avg_result_consumed_after_ms": 13.01557368365293,
      "avg_profile_total_time_ms": 0.0,
      "avg_global_memory_bytes": 0.0,
      "avg_root_rows": 0.0,
      "avg_root_db_hits": 0.0,
      "avg_page_cache_hits": 0.0,
      "avg_page_cache_misses": 0.0,
      "avg_db_exec_time_ms": 0,
      "avg_network_transfer_ms": 13.01557368365293,
      "avg_driver_overhead_ms": 17.900483410873345,
      "avg_query_startup_ms": 0.621781968428859,
      "avg_exec_serialize_ms": 12.39379171522407,
      "avg_client_recv_ms": 4.884909727220416
    },
    "operators": [],
    "top_by_time_ms": [],
    "top_by_db_hits": [],
    "top_by_memory_bytes": []
  },
  "feat_x": {
    "plan_meta": {},
    "global": {
      "sample_count": 9439,
      "avg_client_wall_time_ms": 45.58821353303204,
      "avg_result_available_after_ms": 1.2118868524208073,
      "avg_result_consumed_after_ms": 41.617650174806656,
      "avg_profile_total_time_ms": 0.0,
      "avg_global_memory_bytes": 0.0,
      "avg_root_rows": 0.0,
      "avg_root_db_hits": 0.0,
      "avg_page_cache_hits": 0.0,
      "avg_page_cache_misses": 0.0,
      "avg_db_exec_time_ms": 0,
      "avg_network_transfer_ms": 41.617650174806656,
      "avg_driver_overhead_ms": 45.58821353303204,
      "avg_query_startup_ms": 1.2118868524208073,
      "avg_exec_serialize_ms": 40.40576332238585,
      "avg_client_recv_ms": 3.970563358225384
    },
    "operators": [],
    "top_by_time_ms": [],
    "top_by_db_hits": [],
    "top_by_memory_bytes": []
  },
  "subphase_metrics": {
    "throughput_samples_per_s": 1392.5520574620423,
    "epoch_time_s": {
      "count": 1,
      "total_s": 867.1829418037087,
      "mean_s": 867.1829418037087,
      "p50_s": 867.1829418037087,
      "p90_s": 867.1829418037087,
      "p99_s": 867.1829418037087,
      "min_s": 867.1829418037087,
      "max_s": 867.1829418037087
    },
    "sampling_phase_time_s": {
      "count": 9431,
      "total_s": 698.5831489679404,
      "mean_s": 0.0740730727354406,
      "p50_s": 0.07227414892986417,
      "p90_s": 0.0804423769004643,
      "p99_s": 0.09035035176202665,
      "min_s": 0.05197568703442812,
      "max_s": 0.5153609458357096
    },
    "training_phase_time_s": {
      "count": 9431,
      "total_s": 114.1395774371922,
      "mean_s": 0.01210259542330529,
      "p50_s": 0.012439433950930834,
      "p90_s": 0.016149207018315792,
      "p99_s": 0.018977840617299083,
      "min_s": 0.0063414000906050205,
      "max_s": 0.022318999748677015
    },
    "convergence_time_s": null,
    "converged_epoch": null,
    "avg_cpu_utilization": null,
    "final_validation_accuracy": 0.4820000144275676,
    "best_validation_accuracy": 0.4820000144275676,
    "time_to_first_validation_accuracy_s": 953.1324465321377,
    "time_to_best_accuracy_s": 953.1324465321377,
    "final_validation_loss": 1.812746286392212,
    "best_validation_loss": 1.812746286392212,
    "time_to_best_loss_s": 953.1324560171925,
    "final_test_accuracy": 0.4580000132113567,
    "best_test_accuracy": 0.4580000132113567,
    "time_to_best_test_accuracy_s": 981.1356613971293,
    "remote_feature_latency_s": {
      "count": 9439,
      "total_s": 431.7629103306681,
      "mean_s": 0.04574244203100626,
      "p50_s": 0.04551468789577484,
      "p90_s": 0.05113762663677335,
      "p99_s": 0.057238901043310766,
      "min_s": 0.031442021019756794,
      "max_s": 0.09893070394173265
    },
    "remote_feature_total_s": 431.7629103306681,
    "cache_hits": 9439,
    "cache_misses": 9439,
    "cache_hit_rate": 0.5,
    "validation_time_s": {
      "count": 1,
      "total_s": 34.84529355401173,
      "mean_s": 34.84529355401173,
      "p50_s": 34.84529355401173,
      "p90_s": 34.84529355401173,
      "p99_s": 34.84529355401173,
      "min_s": 34.84529355401173,
      "max_s": 34.84529355401173
    },
    "saving_weights_time_s": {
      "count": 1,
      "total_s": 9.017996490001678e-06,
      "mean_s": 9.017996490001678e-06,
      "p50_s": 9.017996490001678e-06,
      "p90_s": 9.017996490001678e-06,
      "p99_s": 9.017996490001678e-06,
      "min_s": 9.017996490001678e-06,
      "max_s": 9.017996490001678e-06
    },
    "batch_train_loss_mean": 1.8184122029423726,
    "avg_batch_nodes": 2764.809458169865,
    "avg_batch_edges": 2861.8885590075283,
    "avg_seed_node_ratio": 0.04656069321510066,
    "topo_query_sent_ms": null,
    "topo_first_record_ms": null,
    "topo_transfer_ms": null,
    "topo_etl_ms": 1.8786705113451685,
    "feat_x_query_sent_ms": null,
    "feat_x_first_record_ms": null,
    "feat_x_transfer_ms": null,
    "feat_x_etl_ms": 3.688656017592741,
    "feat_x_etl_parse_ms": null,
    "feat_y_query_sent_ms": null,
    "feat_y_first_record_ms": null,
    "feat_y_transfer_ms": null,
    "feat_y_etl_ms": null,
    "network_baseline_ms": 17.900483410873345,
    "avg_feat_bytes": 1415937.3289543383,
    "sampler_avg_db_exec_time_ms": 0,
    "sampler_avg_network_transfer_ms": 13.01557368365293,
    "sampler_avg_driver_overhead_ms": 17.900483410873345,
    "sampler_avg_result_consumed_after_ms": 13.01557368365293,
    "sampler_avg_result_available_after_ms": 0.621781968428859,
    "sampler_avg_client_wall_time_ms": 17.900483410873345,
    "sampler_avg_query_startup_ms": 0.621781968428859,
    "sampler_avg_exec_serialize_ms": 12.39379171522407,
    "sampler_avg_client_recv_ms": 4.884909727220416,
    "feat_x_avg_db_exec_time_ms": 0,
    "feat_x_avg_network_transfer_ms": 41.617650174806656,
    "feat_x_avg_driver_overhead_ms": 45.58821353303204,
    "feat_x_avg_result_consumed_after_ms": 41.617650174806656,
    "feat_x_avg_result_available_after_ms": 1.2118868524208073,
    "feat_x_avg_client_wall_time_ms": 45.58821353303204,
    "feat_x_avg_query_startup_ms": 1.2118868524208073,
    "feat_x_avg_exec_serialize_ms": 40.40576332238585,
    "feat_x_avg_client_recv_ms": 3.970563358225384,
    "topo_fetch_ms": 17.900483410873345
  }
}