{
  "sampler": {
    "plan_meta": {},
    "global": {
      "sample_count": 241,
      "avg_client_wall_time_ms": 31.92288469507734,
      "avg_result_available_after_ms": 0.921161825726141,
      "avg_result_consumed_after_ms": 24.83817427385892,
      "avg_profile_total_time_ms": 0.0,
      "avg_global_memory_bytes": 0.0,
      "avg_root_rows": 0.0,
      "avg_root_db_hits": 0.0,
      "avg_page_cache_hits": 0.0,
      "avg_page_cache_misses": 0.0,
      "avg_db_exec_time_ms": 0,
      "avg_network_transfer_ms": 24.83817427385892,
      "avg_driver_overhead_ms": 31.92288469507734,
      "avg_query_startup_ms": 0.921161825726141,
      "avg_exec_serialize_ms": 23.91701244813278,
      "avg_client_recv_ms": 7.084710421218418
    },
    "operators": [],
    "top_by_time_ms": [],
    "top_by_db_hits": [],
    "top_by_memory_bytes": []
  },
  "feat_x": {
    "plan_meta": {},
    "global": {
      "sample_count": 241,
      "avg_client_wall_time_ms": 3294.8175192833783,
      "avg_result_available_after_ms": 10.867219917012449,
      "avg_result_consumed_after_ms": 1355.585062240664,
      "avg_profile_total_time_ms": 0.0,
      "avg_global_memory_bytes": 0.0,
      "avg_root_rows": 0.0,
      "avg_root_db_hits": 0.0,
      "avg_page_cache_hits": 0.0,
      "avg_page_cache_misses": 0.0,
      "avg_db_exec_time_ms": 0,
      "avg_network_transfer_ms": 1355.585062240664,
      "avg_driver_overhead_ms": 3294.8175192833783,
      "avg_query_startup_ms": 10.867219917012449,
      "avg_exec_serialize_ms": 1344.7178423236514,
      "avg_client_recv_ms": 1939.2324570427143
    },
    "operators": [],
    "top_by_time_ms": [],
    "top_by_db_hits": [],
    "top_by_memory_bytes": []
  },
  "subphase_metrics": {
    "throughput_samples_per_s": 59.10486698165363,
    "epoch_time_s": {
      "count": 2,
      "total_s": 600.7166161159985,
      "mean_s": 300.35830805799924,
      "p50_s": 300.35830805799924,
      "p90_s": 300.528086605249,
      "p99_s": 300.5662867783802,
      "min_s": 300.14608487393707,
      "max_s": 300.5705312420614
    },
    "sampling_phase_time_s": {
      "count": 160,
      "total_s": 574.1389294387773,
      "mean_s": 3.588368308992358,
      "p50_s": 3.5163777000270784,
      "p90_s": 4.045213661389425,
      "p99_s": 4.8353251816052945,
      "min_s": 3.1458947379142046,
      "max_s": 4.933748186100274
    },
    "training_phase_time_s": {
      "count": 160,
      "total_s": 24.888827936258167,
      "mean_s": 0.15555517460161356,
      "p50_s": 0.1513467540498823,
      "p90_s": 0.16295792176388205,
      "p99_s": 0.254761550095863,
      "min_s": 0.1406110841780901,
      "max_s": 0.3720305119641125
    },
    "convergence_time_s": null,
    "converged_epoch": null,
    "avg_cpu_utilization": null,
    "final_validation_accuracy": 0.949260648194708,
    "best_validation_accuracy": 0.949260648194708,
    "time_to_first_validation_accuracy_s": 403.8042567060329,
    "time_to_best_accuracy_s": 802.1216745204292,
    "final_validation_loss": 0.1755027770996093,
    "best_validation_loss": 0.1755027770996093,
    "time_to_best_loss_s": 802.1216888623312,
    "final_test_accuracy": 0.9427535810515468,
    "best_test_accuracy": 0.9427535810515468,
    "time_to_best_test_accuracy_s": 903.7126779300161,
    "remote_feature_latency_s": {
      "count": 241,
      "total_s": 794.477316878736,
      "mean_s": 3.296586377090191,
      "p50_s": 3.210202603135258,
      "p90_s": 3.754795248620212,
      "p99_s": 4.59586030356586,
      "min_s": 2.7372380211018026,
      "max_s": 4.697751791682094
    },
    "remote_feature_total_s": 794.477316878736,
    "cache_hits": 241,
    "cache_misses": 241,
    "cache_hit_rate": 0.5,
    "validation_time_s": {
      "count": 2,
      "total_s": 200.96888882108033,
      "mean_s": 100.48444441054016,
      "p50_s": 100.48444441054016,
      "p90_s": 102.3349784212187,
      "p99_s": 102.75134857362136,
      "min_s": 98.171276897192,
      "max_s": 102.79761192388833
    },
    "saving_weights_time_s": {
      "count": 2,
      "total_s": 3.940146416425705e-05,
      "mean_s": 1.9700732082128525e-05,
      "p50_s": 1.9700732082128525e-05,
      "p90_s": 2.060113474726677e-05,
      "p99_s": 2.0803725346922876e-05,
      "min_s": 1.857522875070572e-05,
      "max_s": 2.082623541355133e-05
    },
    "batch_train_loss_mean": 0.348833303200081,
    "avg_batch_nodes": 7189.64375,
    "avg_batch_edges": 11168.60625,
    "avg_seed_node_ratio": 0.035621388974885926,
    "topo_query_sent_ms": null,
    "topo_first_record_ms": null,
    "topo_transfer_ms": null,
    "topo_etl_ms": 5.068764565860334,
    "feat_x_query_sent_ms": null,
    "feat_x_first_record_ms": null,
    "feat_x_transfer_ms": null,
    "feat_x_etl_ms": 148.18805886463443,
    "feat_x_etl_parse_ms": null,
    "feat_y_query_sent_ms": null,
    "feat_y_first_record_ms": null,
    "feat_y_transfer_ms": null,
    "feat_y_etl_ms": null,
    "network_baseline_ms": 31.92288469507734,
    "avg_feat_bytes": 134739443.65145227,
    "sampler_avg_db_exec_time_ms": 0,
    "sampler_avg_network_transfer_ms": 24.83817427385892,
    "sampler_avg_driver_overhead_ms": 31.92288469507734,
    "sampler_avg_result_consumed_after_ms": 24.83817427385892,
    "sampler_avg_result_available_after_ms": 0.921161825726141,
    "sampler_avg_client_wall_time_ms": 31.92288469507734,
    "sampler_avg_query_startup_ms": 0.921161825726141,
    "sampler_avg_exec_serialize_ms": 23.91701244813278,
    "sampler_avg_client_recv_ms": 7.084710421218418,
    "feat_x_avg_db_exec_time_ms": 0,
    "feat_x_avg_network_transfer_ms": 1355.585062240664,
    "feat_x_avg_driver_overhead_ms": 3294.8175192833783,
    "feat_x_avg_result_consumed_after_ms": 1355.585062240664,
    "feat_x_avg_result_available_after_ms": 10.867219917012449,
    "feat_x_avg_client_wall_time_ms": 3294.8175192833783,
    "feat_x_avg_query_startup_ms": 10.867219917012449,
    "feat_x_avg_exec_serialize_ms": 1344.7178423236514,
    "feat_x_avg_client_recv_ms": 1939.2324570427143,
    "topo_fetch_ms": 31.92288469507734
  }
}