{
  "run": {
    "csv": "/home/victor.pekkari/thesis-folder/neo4j-mpgnn-thesis/experiment_results/results/run_4_2026-05-11/measurements.csv",
    "runtime_s": 304.5596283292398,
    "training_time_s": 300.03862086031586,
    "epochs_completed": 1,
    "batches_seen": 1536,
    "nbr_training_datapoints": 196615.0
  },
  "metrics": {
    "throughput_samples_per_s": 655.2989726330427,
    "epoch_time_s": {
      "count": 1,
      "total_s": 300.2898534759879,
      "mean_s": 300.2898534759879,
      "p50_s": 300.2898534759879,
      "p90_s": 300.2898534759879,
      "p99_s": 300.2898534759879,
      "min_s": 300.2898534759879,
      "max_s": 300.2898534759879
    },
    "sampling_phase_time_s": {
      "count": 1536,
      "total_s": 266.72162053221837,
      "mean_s": 0.17364688836732967,
      "p50_s": 0.16840853937901556,
      "p90_s": 0.18916664994321764,
      "p99_s": 0.2041030199732632,
      "min_s": 0.15032026916742325,
      "max_s": 0.5200104503892362
    },
    "training_phase_time_s": {
      "count": 1536,
      "total_s": 13.087047426495701,
      "mean_s": 0.008520213168291471,
      "p50_s": 0.008326742565259337,
      "p90_s": 0.009229016024619341,
      "p99_s": 0.010735024372115732,
      "min_s": 0.007567762862890959,
      "max_s": 0.024553522001951933
    },
    "convergence_time_s": null,
    "converged_epoch": null,
    "avg_cpu_utilization": null,
    "final_validation_accuracy": 1.0,
    "best_validation_accuracy": 1.0,
    "time_to_first_validation_accuracy_s": 304.5595863619819,
    "time_to_best_accuracy_s": 304.5595863619819,
    "final_validation_loss": 0.705446720123291,
    "best_validation_loss": 0.705446720123291,
    "time_to_best_loss_s": 304.55959484539926,
    "final_test_accuracy": 0.68,
    "best_test_accuracy": 0.68,
    "time_to_best_test_accuracy_s": 305.5281589063816,
    "remote_feature_latency_s": {
      "count": 1538,
      "total_s": 110.84014935139567,
      "mean_s": 0.07206771739362527,
      "p50_s": 0.0699091071728617,
      "p90_s": 0.08122343174181879,
      "p99_s": 0.0874097598157823,
      "min_s": 0.032634979113936424,
      "max_s": 0.11710280878469348
    },
    "remote_feature_total_s": 110.84014935139567,
    "cache_hits": 1538,
    "cache_misses": 1538,
    "cache_hit_rate": 0.5,
    "validation_time_s": {
      "count": 1,
      "total_s": 0.6122851609252393,
      "mean_s": 0.6122851609252393,
      "p50_s": 0.6122851609252393,
      "p90_s": 0.6122851609252393,
      "p99_s": 0.6122851609252393,
      "min_s": 0.6122851609252393,
      "max_s": 0.6122851609252393
    },
    "saving_weights_time_s": {
      "count": 1,
      "total_s": 8.781906217336655e-06,
      "mean_s": 8.781906217336655e-06,
      "p50_s": 8.781906217336655e-06,
      "p90_s": 8.781906217336655e-06,
      "p99_s": 8.781906217336655e-06,
      "min_s": 8.781906217336655e-06,
      "max_s": 8.781906217336655e-06
    },
    "batch_train_loss_mean": 0.7837350571062416,
    "avg_batch_nodes": 7179.614583333333,
    "avg_batch_edges": 7583.895833333333,
    "avg_seed_node_ratio": 0.01782953327260529,
    "topo_query_sent_ms": null,
    "topo_first_record_ms": null,
    "topo_transfer_ms": null,
    "topo_etl_ms": 5.098822589307268,
    "feat_x_query_sent_ms": null,
    "feat_x_first_record_ms": null,
    "feat_x_transfer_ms": null,
    "feat_x_etl_ms": 9.524029325960283,
    "feat_x_etl_parse_ms": null,
    "feat_y_query_sent_ms": null,
    "feat_y_first_record_ms": null,
    "feat_y_transfer_ms": null,
    "feat_y_etl_ms": null,
    "network_baseline_ms": 75.32703142851756,
    "avg_feat_bytes": 2869240.312093628,
    "sampler_avg_db_exec_time_ms": 0,
    "sampler_avg_network_transfer_ms": 67.08647594278284,
    "sampler_avg_driver_overhead_ms": 75.32703142851756,
    "sampler_avg_result_consumed_after_ms": 67.08647594278284,
    "sampler_avg_result_available_after_ms": 0.5903771131339401,
    "sampler_avg_client_wall_time_ms": 75.32703142851756,
    "sampler_avg_query_startup_ms": 0.5903771131339401,
    "sampler_avg_exec_serialize_ms": 66.4960988296489,
    "sampler_avg_client_recv_ms": 8.240555485734717,
    "feat_x_avg_db_exec_time_ms": 0,
    "feat_x_avg_network_transfer_ms": 63.56762028608583,
    "feat_x_avg_driver_overhead_ms": 71.87922943597817,
    "feat_x_avg_result_consumed_after_ms": 63.56762028608583,
    "feat_x_avg_result_available_after_ms": 1.901820546163849,
    "feat_x_avg_client_wall_time_ms": 71.87922943597817,
    "feat_x_avg_query_startup_ms": 1.901820546163849,
    "feat_x_avg_exec_serialize_ms": 61.66579973992198,
    "feat_x_avg_client_recv_ms": 8.311609149892348,
    "topo_fetch_ms": 75.32703142851756
  },
  "notes": [
    "GPU/CPU utilization and explicit DB write/query timings are not in the Measurer CSV (unless you log them); this parser will report None for those.",
    "throughput_samples_per_s assumes nbr_training_datapoints is per-epoch; if it's total across training, remove the * epochs_completed multiplier.",
    "remote_feature_total_s is a proxy for time spent waiting on remote feature reads (DB reads)."
  ]
}