{
  "run": {
    "csv": "/Users/victorpekkari/Desktop/neo4j-mpgnn-thesis/experiment_results/sampler_comparison/comparison_6/PyGNeighborLoader/run_0/measurements.csv",
    "runtime_s": 1.1573120419925544,
    "training_time_s": 1.14903066700208,
    "epochs_completed": 100,
    "batches_seen": 400,
    "nbr_training_datapoints": 140.0
  },
  "metrics": {
    "throughput_samples_per_s": 12184.183070176192,
    "epoch_time_s": {
      "count": 100,
      "total_s": 0.6381043329602107,
      "mean_s": 0.006381043329602107,
      "p50_s": 0.006430145993363112,
      "p90_s": 0.0068061543977819385,
      "p99_s": 0.007151952269196045,
      "min_s": 0.005452041979879141,
      "max_s": 0.007192667020717636
    },
    "sampling_phase_time_s": {
      "count": 400,
      "total_s": 0.1334488239372149,
      "mean_s": 0.00033362205984303726,
      "p50_s": 0.0003310839820187539,
      "p90_s": 0.0003889830957632512,
      "p99_s": 0.00042992438742658114,
      "min_s": 0.0002443749981466681,
      "max_s": 0.0006958750018384308
    },
    "training_phase_time_s": {
      "count": 400,
      "total_s": 0.4928008599381428,
      "mean_s": 0.001232002149845357,
      "p50_s": 0.0012316039938014,
      "p90_s": 0.001377488105208613,
      "p99_s": 0.0015419979018042793,
      "min_s": 0.0009420830174349248,
      "max_s": 0.002181541989557445
    },
    "convergence_time_s": null,
    "converged_epoch": null,
    "avg_cpu_utilization": 30.45,
    "final_validation_accuracy": 0.788000024229166,
    "best_validation_accuracy": 0.788000024229166,
    "time_to_first_validation_accuracy_s": 0.014590542006772012,
    "time_to_best_accuracy_s": 1.1572973750007804,
    "final_validation_loss": 0.833841860294342,
    "best_validation_loss": 0.8229674696922302,
    "time_to_best_loss_s": 1.0863604579935782,
    "final_test_accuracy": 0.7870000235752428,
    "best_test_accuracy": 0.7870000235752428,
    "time_to_best_test_accuracy_s": 2.031370791984955,
    "remote_feature_latency_s": {
      "count": 0,
      "total_s": 0.0,
      "mean_s": null,
      "p50_s": null,
      "p90_s": null,
      "p99_s": null,
      "min_s": null,
      "max_s": null
    },
    "remote_feature_total_s": 0.0,
    "cache_hits": 0,
    "cache_misses": 0,
    "cache_hit_rate": null,
    "validation_time_s": {
      "count": 100,
      "total_s": 0.5146062030398753,
      "mean_s": 0.005146062030398753,
      "p50_s": 0.005107687000418082,
      "p90_s": 0.005411587504204363,
      "p99_s": 0.005827054905239501,
      "min_s": 0.004663041007006541,
      "max_s": 0.007560832978924736
    },
    "saving_weights_time_s": {
      "count": 71,
      "total_s": 0.00015887498739175498,
      "mean_s": 2.2376758787571125e-06,
      "p50_s": 1.9580184016376734e-06,
      "p90_s": 2.874992787837982e-06,
      "p99_s": 6.359012331813572e-06,
      "min_s": 1.6249832697212696e-06,
      "max_s": 6.709014996886253e-06
    },
    "batch_train_loss_mean": 0.5869031826639548,
    "avg_batch_nodes": 353.4,
    "avg_batch_edges": 569.2225,
    "avg_seed_node_ratio": 0.08593747520871524,
    "topo_query_sent_ms": null,
    "topo_first_record_ms": null,
    "topo_transfer_ms": null,
    "topo_etl_ms": null,
    "feat_x_query_sent_ms": null,
    "feat_x_first_record_ms": null,
    "feat_x_transfer_ms": null,
    "feat_x_etl_ms": null,
    "feat_y_query_sent_ms": null,
    "feat_y_first_record_ms": null,
    "feat_y_transfer_ms": null,
    "feat_y_etl_ms": null,
    "network_baseline_ms": null
  },
  "notes": [
    "GPU/CPU utilization and explicit DB write/query timings are not in the Measurer CSV (unless you log them); this parser will report None for those.",
    "throughput_samples_per_s assumes nbr_training_datapoints is per-epoch; if it's total across training, remove the * epochs_completed multiplier.",
    "remote_feature_total_s is a proxy for time spent waiting on remote feature reads (DB reads)."
  ]
}