{
  "sampler": {
    "plan_meta": {},
    "global": {
      "sample_count": 1536,
      "avg_client_wall_time_ms": 76.06100306353862,
      "avg_result_available_after_ms": 0.6458333333333334,
      "avg_result_consumed_after_ms": 67.77473958333333,
      "avg_profile_total_time_ms": 0.0,
      "avg_global_memory_bytes": 0.0,
      "avg_root_rows": 0.0,
      "avg_root_db_hits": 0.0,
      "avg_page_cache_hits": 0.0,
      "avg_page_cache_misses": 0.0,
      "avg_db_exec_time_ms": 0,
      "avg_network_transfer_ms": 67.77473958333333,
      "avg_driver_overhead_ms": 76.06100306353862,
      "avg_query_startup_ms": 0.6458333333333334,
      "avg_exec_serialize_ms": 67.12890625,
      "avg_client_recv_ms": 8.286263480205292
    },
    "operators": [],
    "top_by_time_ms": [],
    "top_by_db_hits": [],
    "top_by_memory_bytes": []
  },
  "feat_x": {
    "plan_meta": {},
    "global": {
      "sample_count": 1536,
      "avg_client_wall_time_ms": 76.16751707488827,
      "avg_result_available_after_ms": 2.13671875,
      "avg_result_consumed_after_ms": 67.619140625,
      "avg_profile_total_time_ms": 0.0,
      "avg_global_memory_bytes": 0.0,
      "avg_root_rows": 0.0,
      "avg_root_db_hits": 0.0,
      "avg_page_cache_hits": 0.0,
      "avg_page_cache_misses": 0.0,
      "avg_db_exec_time_ms": 0,
      "avg_network_transfer_ms": 67.619140625,
      "avg_driver_overhead_ms": 76.16751707488827,
      "avg_query_startup_ms": 2.13671875,
      "avg_exec_serialize_ms": 65.482421875,
      "avg_client_recv_ms": 8.548376449888266
    },
    "operators": [],
    "top_by_time_ms": [],
    "top_by_db_hits": [],
    "top_by_memory_bytes": []
  },
  "subphase_metrics": {
    "throughput_samples_per_s": 630.4952697017677,
    "epoch_time_s": {
      "count": 1,
      "total_s": 312.16968847438693,
      "mean_s": 312.16968847438693,
      "p50_s": 312.16968847438693,
      "p90_s": 312.16968847438693,
      "p99_s": 312.16968847438693,
      "min_s": 312.16968847438693,
      "max_s": 312.16968847438693
    },
    "sampling_phase_time_s": {
      "count": 1536,
      "total_s": 275.61535829957575,
      "mean_s": 0.1794370822262863,
      "p50_s": 0.16949474439024925,
      "p90_s": 0.20790817961096764,
      "p99_s": 0.25913099320605415,
      "min_s": 0.14406470395624638,
      "max_s": 0.6862036855891347
    },
    "training_phase_time_s": {
      "count": 1536,
      "total_s": 17.343310519121587,
      "mean_s": 0.01129121778588645,
      "p50_s": 0.010899773798882961,
      "p90_s": 0.013800702523440123,
      "p99_s": 0.01863806918263436,
      "min_s": 0.00872914306819439,
      "max_s": 0.03485563490539789
    },
    "convergence_time_s": null,
    "converged_epoch": null,
    "avg_cpu_utilization": null,
    "final_validation_accuracy": 0.0,
    "best_validation_accuracy": 0.0,
    "time_to_first_validation_accuracy_s": 316.95384908560663,
    "time_to_best_accuracy_s": 316.95384908560663,
    "final_validation_loss": 0.0,
    "best_validation_loss": 0.0,
    "time_to_best_loss_s": 316.9538600947708,
    "final_test_accuracy": 0.0,
    "best_test_accuracy": 0.0,
    "time_to_best_test_accuracy_s": 317.90258054062724,
    "remote_feature_latency_s": {
      "count": 1536,
      "total_s": 117.2625577840954,
      "mean_s": 0.07634281105735378,
      "p50_s": 0.07169157871976495,
      "p90_s": 0.09230575198307633,
      "p99_s": 0.11415265128016472,
      "min_s": 0.06243459694087505,
      "max_s": 0.21411611791700125
    },
    "remote_feature_total_s": 117.2625577840954,
    "cache_hits": 1536,
    "cache_misses": 1536,
    "cache_hit_rate": 0.5,
    "validation_time_s": {
      "count": 1,
      "total_s": 0.6302804900333285,
      "mean_s": 0.6302804900333285,
      "p50_s": 0.6302804900333285,
      "p90_s": 0.6302804900333285,
      "p99_s": 0.6302804900333285,
      "min_s": 0.6302804900333285,
      "max_s": 0.6302804900333285
    },
    "saving_weights_time_s": {
      "count": 1,
      "total_s": 9.065493941307068e-06,
      "mean_s": 9.065493941307068e-06,
      "p50_s": 9.065493941307068e-06,
      "p90_s": 9.065493941307068e-06,
      "p99_s": 9.065493941307068e-06,
      "min_s": 9.065493941307068e-06,
      "max_s": 9.065493941307068e-06
    },
    "batch_train_loss_mean": 0.6474017641836932,
    "avg_batch_nodes": 7178.260416666667,
    "avg_batch_edges": 7583.69140625,
    "avg_seed_node_ratio": 0.01783290080755247,
    "topo_query_sent_ms": null,
    "topo_first_record_ms": null,
    "topo_transfer_ms": null,
    "topo_etl_ms": 5.137752556038322,
    "feat_x_query_sent_ms": null,
    "feat_x_first_record_ms": null,
    "feat_x_transfer_ms": null,
    "feat_x_etl_ms": 10.152090414218643,
    "feat_x_etl_parse_ms": null,
    "feat_y_query_sent_ms": null,
    "feat_y_first_record_ms": null,
    "feat_y_transfer_ms": null,
    "feat_y_etl_ms": null,
    "network_baseline_ms": 76.06100306353862,
    "avg_feat_bytes": 2871304.1666666665,
    "sampler_avg_db_exec_time_ms": 0,
    "sampler_avg_network_transfer_ms": 67.77473958333333,
    "sampler_avg_driver_overhead_ms": 76.06100306353862,
    "sampler_avg_result_consumed_after_ms": 67.77473958333333,
    "sampler_avg_result_available_after_ms": 0.6458333333333334,
    "sampler_avg_client_wall_time_ms": 76.06100306353862,
    "sampler_avg_query_startup_ms": 0.6458333333333334,
    "sampler_avg_exec_serialize_ms": 67.12890625,
    "sampler_avg_client_recv_ms": 8.286263480205292,
    "feat_x_avg_db_exec_time_ms": 0,
    "feat_x_avg_network_transfer_ms": 67.619140625,
    "feat_x_avg_driver_overhead_ms": 76.16751707488827,
    "feat_x_avg_result_consumed_after_ms": 67.619140625,
    "feat_x_avg_result_available_after_ms": 2.13671875,
    "feat_x_avg_client_wall_time_ms": 76.16751707488827,
    "feat_x_avg_query_startup_ms": 2.13671875,
    "feat_x_avg_exec_serialize_ms": 65.482421875,
    "feat_x_avg_client_recv_ms": 8.548376449888266,
    "topo_fetch_ms": 76.06100306353862
  }
}