{
  "sampler": {
    "plan_meta": {},
    "global": {
      "sample_count": 6146,
      "avg_client_wall_time_ms": 41.423107544445116,
      "avg_result_available_after_ms": 0.53123983078425,
      "avg_result_consumed_after_ms": 33.318418483566546,
      "avg_profile_total_time_ms": 0.0,
      "avg_global_memory_bytes": 0.0,
      "avg_root_rows": 0.0,
      "avg_root_db_hits": 0.0,
      "avg_page_cache_hits": 0.0,
      "avg_page_cache_misses": 0.0,
      "avg_db_exec_time_ms": 0,
      "avg_network_transfer_ms": 33.318418483566546,
      "avg_driver_overhead_ms": 41.423107544445116,
      "avg_query_startup_ms": 0.53123983078425,
      "avg_exec_serialize_ms": 32.787178652782295,
      "avg_client_recv_ms": 8.10468906087857
    },
    "operators": [],
    "top_by_time_ms": [],
    "top_by_db_hits": [],
    "top_by_memory_bytes": []
  },
  "feat_x": {
    "plan_meta": {},
    "global": {
      "sample_count": 6146,
      "avg_client_wall_time_ms": 59.1743594811962,
      "avg_result_available_after_ms": 1.5125284738041003,
      "avg_result_consumed_after_ms": 52.0992515457208,
      "avg_profile_total_time_ms": 0.0,
      "avg_global_memory_bytes": 0.0,
      "avg_root_rows": 0.0,
      "avg_root_db_hits": 0.0,
      "avg_page_cache_hits": 0.0,
      "avg_page_cache_misses": 0.0,
      "avg_db_exec_time_ms": 0,
      "avg_network_transfer_ms": 52.0992515457208,
      "avg_driver_overhead_ms": 59.1743594811962,
      "avg_query_startup_ms": 1.5125284738041003,
      "avg_exec_serialize_ms": 50.586723071916694,
      "avg_client_recv_ms": 7.075107935475401
    },
    "operators": [],
    "top_by_time_ms": [],
    "top_by_db_hits": [],
    "top_by_memory_bytes": []
  },
  "subphase_metrics": {
    "throughput_samples_per_s": 224.34447656055463,
    "epoch_time_s": {
      "count": 1,
      "total_s": 876.5786238363944,
      "mean_s": 876.5786238363944,
      "p50_s": 876.5786238363944,
      "p90_s": 876.5786238363944,
      "p99_s": 876.5786238363944,
      "min_s": 876.5786238363944,
      "max_s": 876.5786238363944
    },
    "sampling_phase_time_s": {
      "count": 6144,
      "total_s": 753.5501771345735,
      "mean_s": 0.12264814080966364,
      "p50_s": 0.11823278572410345,
      "p90_s": 0.13487868374213577,
      "p99_s": 0.16539330380968736,
      "min_s": 0.09732720488682389,
      "max_s": 0.6160121271386743
    },
    "training_phase_time_s": {
      "count": 6144,
      "total_s": 42.702139154076576,
      "mean_s": 0.006950217961275484,
      "p50_s": 0.006833111401647329,
      "p90_s": 0.007663472276180983,
      "p99_s": 0.009074826538562768,
      "min_s": 0.006085660308599472,
      "max_s": 0.015897909179329872
    },
    "convergence_time_s": null,
    "converged_epoch": null,
    "avg_cpu_utilization": null,
    "final_validation_accuracy": 0.0,
    "best_validation_accuracy": 0.0,
    "time_to_first_validation_accuracy_s": 881.1603028527461,
    "time_to_best_accuracy_s": 881.1603028527461,
    "final_validation_loss": 1.143854737281799,
    "best_validation_loss": 1.143854737281799,
    "time_to_best_loss_s": 881.1603109990247,
    "final_test_accuracy": 0.68,
    "best_test_accuracy": 0.68,
    "time_to_best_test_accuracy_s": 882.2761316318065,
    "remote_feature_latency_s": {
      "count": 6146,
      "total_s": 364.6582384798676,
      "mean_s": 0.05933261283434227,
      "p50_s": 0.057244731578975916,
      "p90_s": 0.06835428345948458,
      "p99_s": 0.077396505814977,
      "min_s": 0.0039164358749985695,
      "max_s": 0.20424544299021363
    },
    "remote_feature_total_s": 364.6582384798676,
    "cache_hits": 6146,
    "cache_misses": 6146,
    "cache_hit_rate": 0.5,
    "validation_time_s": {
      "count": 1,
      "total_s": 0.5950153470039368,
      "mean_s": 0.5950153470039368,
      "p50_s": 0.5950153470039368,
      "p90_s": 0.5950153470039368,
      "p99_s": 0.5950153470039368,
      "min_s": 0.5950153470039368,
      "max_s": 0.5950153470039368
    },
    "saving_weights_time_s": {
      "count": 1,
      "total_s": 1.0454095900058746e-05,
      "mean_s": 1.0454095900058746e-05,
      "p50_s": 1.0454095900058746e-05,
      "p90_s": 1.0454095900058746e-05,
      "p99_s": 1.0454095900058746e-05,
      "min_s": 1.0454095900058746e-05,
      "max_s": 1.0454095900058746e-05
    },
    "batch_train_loss_mean": 0.5589539039186396,
    "avg_batch_nodes": 5822.253743489583,
    "avg_batch_edges": 6818.67529296875,
    "avg_seed_node_ratio": 0.005500908561537947,
    "topo_query_sent_ms": null,
    "topo_first_record_ms": null,
    "topo_transfer_ms": null,
    "topo_etl_ms": 4.324120020701768,
    "feat_x_query_sent_ms": null,
    "feat_x_first_record_ms": null,
    "feat_x_transfer_ms": null,
    "feat_x_etl_ms": 7.9123230767398445,
    "feat_x_etl_parse_ms": null,
    "feat_y_query_sent_ms": null,
    "feat_y_first_record_ms": null,
    "feat_y_transfer_ms": null,
    "feat_y_etl_ms": null,
    "network_baseline_ms": 41.423107544445116,
    "avg_feat_bytes": 2328894.370322161,
    "sampler_avg_db_exec_time_ms": 0,
    "sampler_avg_network_transfer_ms": 33.318418483566546,
    "sampler_avg_driver_overhead_ms": 41.423107544445116,
    "sampler_avg_result_consumed_after_ms": 33.318418483566546,
    "sampler_avg_result_available_after_ms": 0.53123983078425,
    "sampler_avg_client_wall_time_ms": 41.423107544445116,
    "sampler_avg_query_startup_ms": 0.53123983078425,
    "sampler_avg_exec_serialize_ms": 32.787178652782295,
    "sampler_avg_client_recv_ms": 8.10468906087857,
    "feat_x_avg_db_exec_time_ms": 0,
    "feat_x_avg_network_transfer_ms": 52.0992515457208,
    "feat_x_avg_driver_overhead_ms": 59.1743594811962,
    "feat_x_avg_result_consumed_after_ms": 52.0992515457208,
    "feat_x_avg_result_available_after_ms": 1.5125284738041003,
    "feat_x_avg_client_wall_time_ms": 59.1743594811962,
    "feat_x_avg_query_startup_ms": 1.5125284738041003,
    "feat_x_avg_exec_serialize_ms": 50.586723071916694,
    "feat_x_avg_client_recv_ms": 7.075107935475401,
    "topo_fetch_ms": 41.423107544445116
  }
}