{
  "run": {
    "csv": "/Users/victorpekkari/Desktop/neo4j-mpgnn-thesis/experiment_results/sampler_comparison/comparison_15/Neo4jNeighborSampler/run_0/measurements.csv",
    "runtime_s": 47.09318437500042,
    "training_time_s": 45.665493834007066,
    "epochs_completed": 100,
    "batches_seen": 400,
    "nbr_training_datapoints": 140.0
  },
  "metrics": {
    "throughput_samples_per_s": 306.5772167249445,
    "epoch_time_s": {
      "count": 100,
      "total_s": 12.635927456081845,
      "mean_s": 0.12635927456081844,
      "p50_s": 0.1250150215055328,
      "p90_s": 0.1335800371860387,
      "p99_s": 0.1463650549948217,
      "min_s": 0.11757999999099411,
      "max_s": 0.17548887501470745
    },
    "sampling_phase_time_s": {
      "count": 400,
      "total_s": 12.036495431879302,
      "mean_s": 0.030091238579698257,
      "p50_s": 0.029295500004081987,
      "p90_s": 0.033379183305078185,
      "p99_s": 0.04173402824351796,
      "min_s": 0.026096582994796336,
      "max_s": 0.04641370798344724
    },
    "training_phase_time_s": {
      "count": 400,
      "total_s": 0.5733203079726081,
      "mean_s": 0.0014333007699315204,
      "p50_s": 0.0013700005074497312,
      "p90_s": 0.0016724038898246363,
      "p99_s": 0.0018056749168317762,
      "min_s": 0.00106487498851493,
      "max_s": 0.014710834017023444
    },
    "convergence_time_s": null,
    "converged_epoch": null,
    "avg_cpu_utilization": 56.77173913043478,
    "final_validation_accuracy": 0.7500000226418259,
    "best_validation_accuracy": 0.7720000232516436,
    "time_to_first_validation_accuracy_s": 1.559209708997514,
    "time_to_best_accuracy_s": 42.91916041699005,
    "final_validation_loss": 0.9095283150672911,
    "best_validation_loss": 0.8901647925376892,
    "time_to_best_loss_s": 42.91916891699657,
    "final_test_accuracy": 0.7730000229102785,
    "best_test_accuracy": 0.7730000229102785,
    "time_to_best_test_accuracy_s": 48.28132458400796,
    "remote_feature_latency_s": {
      "count": 0,
      "total_s": 0.0,
      "mean_s": null,
      "p50_s": null,
      "p90_s": null,
      "p99_s": null,
      "min_s": null,
      "max_s": null
    },
    "remote_feature_total_s": 0.0,
    "cache_hits": 0,
    "cache_misses": 0,
    "cache_hit_rate": null,
    "validation_time_s": {
      "count": 100,
      "total_s": 33.411672254937,
      "mean_s": 0.33411672254937,
      "p50_s": 0.3325231460039504,
      "p90_s": 0.34497545900230764,
      "p99_s": 0.390603954588878,
      "min_s": 0.3145996249804739,
      "max_s": 0.39156470901798457
    },
    "saving_weights_time_s": {
      "count": 67,
      "total_s": 0.0001555830822326243,
      "mean_s": 2.3221355557108102e-06,
      "p50_s": 2.2920139599591494e-06,
      "p90_s": 2.7500034775584934e-06,
      "p99_s": 3.239709767512979e-06,
      "min_s": 1.667009200900793e-06,
      "max_s": 3.541994374245405e-06
    },
    "batch_train_loss_mean": 0.5444460874050856,
    "avg_batch_nodes": 354.36,
    "avg_batch_edges": 567.37,
    "avg_seed_node_ratio": 0.08501212398931283
  },
  "notes": [
    "GPU/CPU utilization and explicit DB write/query timings are not in the Measurer CSV (unless you log them); this parser will report None for those.",
    "throughput_samples_per_s assumes nbr_training_datapoints is per-epoch; if it's total across training, remove the * epochs_completed multiplier.",
    "remote_feature_total_s is a proxy for time spent waiting on remote feature reads (DB reads)."
  ]
}