{
  "run": {
    "csv": "/var/lib/neo4j/data/projects/neo4j-mpgnn-thesis/experiment_results/results/run_30_2026-05-12/measurements.csv",
    "runtime_s": 1494.1969211851247,
    "training_time_s": 1302.552285023965,
    "epochs_completed": 2,
    "batches_seen": 160,
    "nbr_training_datapoints": 20695.0
  },
  "metrics": {
    "throughput_samples_per_s": 31.776075690687907,
    "epoch_time_s": {
      "count": 2,
      "total_s": 1123.2704845601693,
      "mean_s": 561.6352422800846,
      "p50_s": 561.6352422800846,
      "p90_s": 564.341010125447,
      "p99_s": 564.9498078906536,
      "min_s": 558.2530324733816,
      "max_s": 565.0174520867877
    },
    "sampling_phase_time_s": {
      "count": 160,
      "total_s": 1117.5889836354181,
      "mean_s": 6.984931147721364,
      "p50_s": 6.9567651122342795,
      "p90_s": 7.351427526911721,
      "p99_s": 7.541799798537977,
      "min_s": 6.247638822067529,
      "max_s": 7.560779248829931
    },
    "training_phase_time_s": {
      "count": 160,
      "total_s": 3.8394447048194706,
      "mean_s": 0.023996529405121692,
      "p50_s": 0.02371817152015865,
      "p90_s": 0.02550114123150706,
      "p99_s": 0.02814264783635735,
      "min_s": 0.02167574129998684,
      "max_s": 0.032749215606600046
    },
    "convergence_time_s": null,
    "converged_epoch": null,
    "avg_cpu_utilization": null,
    "final_validation_accuracy": 0.9556393086119394,
    "best_validation_accuracy": 0.9556393086119394,
    "time_to_first_validation_accuracy_s": 751.6112092882395,
    "time_to_best_accuracy_s": 1494.1968774530105,
    "final_validation_loss": 0.1553582549095153,
    "best_validation_loss": 0.1553582549095153,
    "time_to_best_loss_s": 1494.196890253108,
    "final_test_accuracy": 0.949420247425432,
    "best_test_accuracy": 0.949420247425432,
    "time_to_best_test_accuracy_s": 1680.0243836082518,
    "remote_feature_latency_s": {
      "count": 241,
      "total_s": 1636.203482423909,
      "mean_s": 6.789226068149,
      "p50_s": 6.796360209118575,
      "p90_s": 7.175697884056717,
      "p99_s": 7.373589549399912,
      "min_s": 5.73871238110587,
      "max_s": 7.467512944247574
    },
    "remote_feature_total_s": 1636.203482423909,
    "cache_hits": 241,
    "cache_misses": 241,
    "cache_hit_rate": 0.5,
    "validation_time_s": {
      "count": 2,
      "total_s": 370.49912521475926,
      "mean_s": 185.24956260737963,
      "p50_s": 185.24956260737963,
      "p90_s": 185.98315773406065,
      "p99_s": 186.1482166375639,
      "min_s": 184.33256869902834,
      "max_s": 186.16655651573092
    },
    "saving_weights_time_s": {
      "count": 2,
      "total_s": 2.195313572883606e-05,
      "mean_s": 1.097656786441803e-05,
      "p50_s": 1.097656786441803e-05,
      "p90_s": 1.4092400670051575e-05,
      "p99_s": 1.4793463051319123e-05,
      "min_s": 7.081776857376099e-06,
      "max_s": 1.4871358871459961e-05
    },
    "batch_train_loss_mean": 0.31137236491777004,
    "avg_batch_nodes": 7182.425,
    "avg_batch_edges": 11171.575,
    "avg_seed_node_ratio": 0.03565601571810909,
    "topo_query_sent_ms": null,
    "topo_first_record_ms": null,
    "topo_transfer_ms": null,
    "topo_etl_ms": 5.139754287110201,
    "feat_x_query_sent_ms": null,
    "feat_x_first_record_ms": null,
    "feat_x_transfer_ms": null,
    "feat_x_etl_ms": 88.22383954000362,
    "feat_x_etl_parse_ms": null,
    "feat_y_query_sent_ms": null,
    "feat_y_first_record_ms": null,
    "feat_y_transfer_ms": null,
    "feat_y_etl_ms": null,
    "network_baseline_ms": 31.47490349833958,
    "avg_feat_bytes": 240956436.84647304,
    "sampler_avg_db_exec_time_ms": 0,
    "sampler_avg_network_transfer_ms": 21.3402489626556,
    "sampler_avg_driver_overhead_ms": 31.47490349833958,
    "sampler_avg_result_consumed_after_ms": 21.3402489626556,
    "sampler_avg_result_available_after_ms": 1.3153526970954357,
    "sampler_avg_client_wall_time_ms": 31.47490349833958,
    "sampler_avg_query_startup_ms": 1.3153526970954357,
    "sampler_avg_exec_serialize_ms": 20.024896265560166,
    "sampler_avg_client_recv_ms": 10.134654535683978,
    "feat_x_avg_db_exec_time_ms": 0,
    "feat_x_avg_network_transfer_ms": 812.6141078838174,
    "feat_x_avg_driver_overhead_ms": 6789.073681327441,
    "feat_x_avg_result_consumed_after_ms": 812.6141078838174,
    "feat_x_avg_result_available_after_ms": 2.08298755186722,
    "feat_x_avg_client_wall_time_ms": 6789.073681327441,
    "feat_x_avg_query_startup_ms": 2.08298755186722,
    "feat_x_avg_exec_serialize_ms": 810.5311203319502,
    "feat_x_avg_client_recv_ms": 5976.459573443623,
    "topo_fetch_ms": 31.47490349833958
  },
  "notes": [
    "GPU/CPU utilization and explicit DB write/query timings are not in the Measurer CSV (unless you log them); this parser will report None for those.",
    "throughput_samples_per_s assumes nbr_training_datapoints is per-epoch; if it's total across training, remove the * epochs_completed multiplier.",
    "remote_feature_total_s is a proxy for time spent waiting on remote feature reads (DB reads)."
  ]
}