{
  "run": {
    "csv": "/home/victor.pekkari/thesis-folder/neo4j-mpgnn-thesis/experiment_results/results/run_20_2026-05-12/measurements.csv",
    "runtime_s": 63.66917322203517,
    "training_time_s": 63.26167065789923,
    "epochs_completed": 200,
    "batches_seen": 0,
    "nbr_training_datapoints": 120.0
  },
  "metrics": {
    "throughput_samples_per_s": 379.376639130905,
    "epoch_time_s": {
      "count": 200,
      "total_s": 0.027494308073073626,
      "mean_s": 0.00013747154036536813,
      "p50_s": 0.00012614228762686253,
      "p90_s": 0.00014966544695198535,
      "p99_s": 0.00024059453979133802,
      "min_s": 0.00010289391502737999,
      "max_s": 0.0010977848432958126
    },
    "sampling_phase_time_s": {
      "count": 0,
      "total_s": 0.0,
      "mean_s": null,
      "p50_s": null,
      "p90_s": null,
      "p99_s": null,
      "min_s": null,
      "max_s": null
    },
    "training_phase_time_s": {
      "count": 0,
      "total_s": 0.0,
      "mean_s": null,
      "p50_s": null,
      "p90_s": null,
      "p99_s": null,
      "min_s": null,
      "max_s": null
    },
    "convergence_time_s": null,
    "converged_epoch": null,
    "avg_cpu_utilization": null,
    "final_validation_accuracy": 0.1320000035138648,
    "best_validation_accuracy": 0.1320000035138648,
    "time_to_first_validation_accuracy_s": 0.455814640969038,
    "time_to_best_accuracy_s": 0.455814640969038,
    "final_validation_loss": 1.8020992279052732,
    "best_validation_loss": 1.8020992279052732,
    "time_to_best_loss_s": 0.45582411298528314,
    "final_test_accuracy": 0.1190000039742103,
    "best_test_accuracy": 0.1190000039742103,
    "time_to_best_test_accuracy_s": 64.14633370889351,
    "remote_feature_latency_s": {
      "count": 404,
      "total_s": 40.779094266705215,
      "mean_s": 0.10093835214530994,
      "p50_s": 0.09642740781418979,
      "p90_s": 0.10497966278344392,
      "p99_s": 0.14910563806537536,
      "min_s": 0.05983278201892972,
      "max_s": 0.18001225497573614
    },
    "remote_feature_total_s": 40.779094266705215,
    "cache_hits": 404,
    "cache_misses": 404,
    "cache_hit_rate": 0.5,
    "validation_time_s": {
      "count": 200,
      "total_s": 63.541072422638535,
      "mean_s": 0.31770536211319267,
      "p50_s": 0.3067153284791857,
      "p90_s": 0.3500542818102985,
      "p99_s": 0.4448652460705485,
      "min_s": 0.2957001640461385,
      "max_s": 0.5463082832284272
    },
    "saving_weights_time_s": {
      "count": 1,
      "total_s": 6.8801455199718475e-06,
      "mean_s": 6.8801455199718475e-06,
      "p50_s": 6.8801455199718475e-06,
      "p90_s": 6.8801455199718475e-06,
      "p99_s": 6.8801455199718475e-06,
      "min_s": 6.8801455199718475e-06,
      "max_s": 6.8801455199718475e-06
    },
    "batch_train_loss_mean": null,
    "avg_batch_nodes": null,
    "avg_batch_edges": null,
    "avg_seed_node_ratio": null,
    "topo_query_sent_ms": null,
    "topo_first_record_ms": null,
    "topo_transfer_ms": null,
    "topo_etl_ms": 1.3039167785998618,
    "feat_x_query_sent_ms": null,
    "feat_x_first_record_ms": null,
    "feat_x_transfer_ms": null,
    "feat_x_etl_ms": 6.6756579337992,
    "feat_x_etl_parse_ms": null,
    "feat_y_query_sent_ms": null,
    "feat_y_first_record_ms": null,
    "feat_y_transfer_ms": null,
    "feat_y_etl_ms": null,
    "network_baseline_ms": 7.4840864733709855,
    "avg_feat_bytes": 19481812.97029703,
    "sampler_avg_db_exec_time_ms": 0,
    "sampler_avg_network_transfer_ms": 3.987623762376238,
    "sampler_avg_driver_overhead_ms": 7.4840864733709855,
    "sampler_avg_result_consumed_after_ms": 3.987623762376238,
    "sampler_avg_result_available_after_ms": 0.5099009900990099,
    "sampler_avg_client_wall_time_ms": 7.4840864733709855,
    "sampler_avg_query_startup_ms": 0.5099009900990099,
    "sampler_avg_exec_serialize_ms": 3.477722772277228,
    "sampler_avg_client_recv_ms": 3.4964627109947477,
    "feat_x_avg_db_exec_time_ms": 0,
    "feat_x_avg_network_transfer_ms": 62.4529702970297,
    "feat_x_avg_driver_overhead_ms": 100.32095091468148,
    "feat_x_avg_result_consumed_after_ms": 62.4529702970297,
    "feat_x_avg_result_available_after_ms": 1.9306930693069306,
    "feat_x_avg_client_wall_time_ms": 100.32095091468148,
    "feat_x_avg_query_startup_ms": 1.9306930693069306,
    "feat_x_avg_exec_serialize_ms": 60.52227722772277,
    "feat_x_avg_client_recv_ms": 37.867980617651774,
    "topo_fetch_ms": 7.4840864733709855
  },
  "notes": [
    "GPU/CPU utilization and explicit DB write/query timings are not in the Measurer CSV (unless you log them); this parser will report None for those.",
    "throughput_samples_per_s assumes nbr_training_datapoints is per-epoch; if it's total across training, remove the * epochs_completed multiplier.",
    "remote_feature_total_s is a proxy for time spent waiting on remote feature reads (DB reads)."
  ]
}