{
  "run": {
    "csv": "/home/victor.pekkari/thesis-folder/neo4j-mpgnn-thesis/experiment_results/results/run_5_2026-05-11/measurements.csv",
    "runtime_s": 28.950606160331517,
    "training_time_s": 27.07613271381706,
    "epochs_completed": 1,
    "batches_seen": 710,
    "nbr_training_datapoints": 90941.0
  },
  "metrics": {
    "throughput_samples_per_s": 3358.714516626388,
    "epoch_time_s": {
      "count": 1,
      "total_s": 27.121798102743924,
      "mean_s": 27.121798102743924,
      "p50_s": 27.121798102743924,
      "p90_s": 27.121798102743924,
      "p99_s": 27.121798102743924,
      "min_s": 27.121798102743924,
      "max_s": 27.121798102743924
    },
    "sampling_phase_time_s": {
      "count": 710,
      "total_s": 21.542567308060825,
      "mean_s": 0.030341644095860317,
      "p50_s": 0.028864475432783365,
      "p90_s": 0.03756357855163515,
      "p99_s": 0.04551541987806557,
      "min_s": 0.01953547215089202,
      "max_s": 0.2897765450179577
    },
    "training_phase_time_s": {
      "count": 710,
      "total_s": 4.013006768189371,
      "mean_s": 0.005652122208717423,
      "p50_s": 0.005607272498309612,
      "p90_s": 0.006127739418298007,
      "p99_s": 0.007461163429543373,
      "min_s": 0.004657636862248182,
      "max_s": 0.013478759676218033
    },
    "convergence_time_s": null,
    "converged_epoch": null,
    "avg_cpu_utilization": null,
    "final_validation_accuracy": 0.4770000145714408,
    "best_validation_accuracy": 0.4770000145714408,
    "time_to_first_validation_accuracy_s": 28.950567153282464,
    "time_to_best_accuracy_s": 28.950567153282464,
    "final_validation_loss": 1.966597080230713,
    "best_validation_loss": 1.966597080230713,
    "time_to_best_loss_s": 28.950576070230454,
    "final_test_accuracy": 0.4470000131465173,
    "best_test_accuracy": 0.4470000131465173,
    "time_to_best_test_accuracy_s": 29.124995965976268,
    "remote_feature_latency_s": {
      "count": 718,
      "total_s": 11.765595944132656,
      "mean_s": 0.016386623877622082,
      "p50_s": 0.01557306107133627,
      "p90_s": 0.02234170474112034,
      "p99_s": 0.02832015575375411,
      "min_s": 0.007081050891429186,
      "max_s": 0.03469722578302026
    },
    "remote_feature_total_s": 11.765595944132656,
    "cache_hits": 718,
    "cache_misses": 718,
    "cache_hit_rate": 0.5,
    "validation_time_s": {
      "count": 1,
      "total_s": 0.26946348091587424,
      "mean_s": 0.26946348091587424,
      "p50_s": 0.26946348091587424,
      "p90_s": 0.26946348091587424,
      "p99_s": 0.26946348091587424,
      "min_s": 0.26946348091587424,
      "max_s": 0.26946348091587424
    },
    "saving_weights_time_s": {
      "count": 1,
      "total_s": 7.405877113342285e-06,
      "mean_s": 7.405877113342285e-06,
      "p50_s": 7.405877113342285e-06,
      "p90_s": 7.405877113342285e-06,
      "p99_s": 7.405877113342285e-06,
      "min_s": 7.405877113342285e-06,
      "max_s": 7.405877113342285e-06
    },
    "batch_train_loss_mean": 2.44206372113295,
    "avg_batch_nodes": 1397.649295774648,
    "avg_batch_edges": 1464.3309859154929,
    "avg_seed_node_ratio": 0.09251716844939036,
    "topo_query_sent_ms": null,
    "topo_first_record_ms": null,
    "topo_transfer_ms": null,
    "topo_etl_ms": 0.9918469101616018,
    "feat_x_query_sent_ms": null,
    "feat_x_first_record_ms": null,
    "feat_x_transfer_ms": null,
    "feat_x_etl_ms": 1.8647314966357933,
    "feat_x_etl_parse_ms": null,
    "feat_y_query_sent_ms": null,
    "feat_y_first_record_ms": null,
    "feat_y_transfer_ms": null,
    "feat_y_etl_ms": null,
    "network_baseline_ms": 7.89818870588556,
    "avg_feat_bytes": 715132.0779944289,
    "sampler_avg_db_exec_time_ms": 0,
    "sampler_avg_network_transfer_ms": 4.768802228412256,
    "sampler_avg_driver_overhead_ms": 7.89818870588556,
    "sampler_avg_result_consumed_after_ms": 4.768802228412256,
    "sampler_avg_result_available_after_ms": 0.6253481894150418,
    "sampler_avg_client_wall_time_ms": 7.89818870588556,
    "sampler_avg_query_startup_ms": 0.6253481894150418,
    "sampler_avg_exec_serialize_ms": 4.1434540389972145,
    "sampler_avg_client_recv_ms": 3.129386477473304,
    "feat_x_avg_db_exec_time_ms": 0,
    "feat_x_avg_network_transfer_ms": 13.661559888579387,
    "feat_x_avg_driver_overhead_ms": 16.240184709642467,
    "feat_x_avg_result_consumed_after_ms": 13.661559888579387,
    "feat_x_avg_result_available_after_ms": 0.7743732590529248,
    "feat_x_avg_client_wall_time_ms": 16.240184709642467,
    "feat_x_avg_query_startup_ms": 0.7743732590529248,
    "feat_x_avg_exec_serialize_ms": 12.887186629526461,
    "feat_x_avg_client_recv_ms": 2.57862482106308,
    "topo_fetch_ms": 7.89818870588556
  },
  "notes": [
    "GPU/CPU utilization and explicit DB write/query timings are not in the Measurer CSV (unless you log them); this parser will report None for those.",
    "throughput_samples_per_s assumes nbr_training_datapoints is per-epoch; if it's total across training, remove the * epochs_completed multiplier.",
    "remote_feature_total_s is a proxy for time spent waiting on remote feature reads (DB reads)."
  ]
}