{
  "run": {
    "csv": "/Users/victorpekkari/Desktop/neo4j-mpgnn-thesis/experiment_results/results/run_0_2026-03-25/measurements.csv",
    "runtime_s": 15.484783250023611,
    "training_time_s": 14.690465958032291,
    "epochs_completed": 90,
    "batches_seen": 360,
    "nbr_training_datapoints": 140.0
  },
  "metrics": {
    "throughput_samples_per_s": 857.6991387472438,
    "epoch_time_s": {
      "count": 90,
      "total_s": 12.211556047957856,
      "mean_s": 0.13568395608842063,
      "p50_s": 0.06975568798952736,
      "p90_s": 0.07361291248816997,
      "p99_s": 2.9096484502771633,
      "min_s": 0.06514229194726795,
      "max_s": 3.1143810829962604
    },
    "sampling_phase_time_s": {
      "count": 360,
      "total_s": 10.814831811236218,
      "mean_s": 0.03004119947565616,
      "p50_s": 0.01591843750793487,
      "p90_s": 0.018491546175209806,
      "p99_s": 0.6225347034574954,
      "min_s": 0.01265691698063165,
      "max_s": 0.8255202089785598
    },
    "training_phase_time_s": {
      "count": 360,
      "total_s": 1.2496645161299966,
      "mean_s": 0.003471290322583324,
      "p50_s": 0.0011488754826132208,
      "p90_s": 0.001351316587533802,
      "p99_s": 0.09840384803013892,
      "min_s": 0.0009340419783256948,
      "max_s": 0.15656945802038535
    },
    "convergence_time_s": null,
    "converged_epoch": null,
    "avg_cpu_utilization": null,
    "final_validation_accuracy": 0.77,
    "best_validation_accuracy": 0.81,
    "time_to_first_validation_accuracy_s": 3.233630542003084,
    "time_to_best_accuracy_s": 14.114849707984831,
    "final_validation_loss": 0.7584814429283142,
    "best_validation_loss": 0.750282347202301,
    "time_to_best_loss_s": 15.3787991249701,
    "final_test_accuracy": 0.766000023111701,
    "best_test_accuracy": 0.766000023111701,
    "time_to_best_test_accuracy_s": 15.620615041989367,
    "remote_feature_latency_s": {
      "count": 454,
      "total_s": 9.233541796333157,
      "mean_s": 0.02033819778928008,
      "p50_s": 0.008484895515721291,
      "p90_s": 0.017324245802592488,
      "p99_s": 0.5547031474596573,
      "min_s": 0.0057877079816535115,
      "max_s": 0.7685447920230217
    },
    "remote_feature_total_s": 9.233541796333157,
    "cache_hits": 454,
    "cache_misses": 454,
    "cache_hit_rate": 0.5,
    "validation_time_s": {
      "count": 90,
      "total_s": 3.203671133844182,
      "mean_s": 0.03559634593160202,
      "p50_s": 0.03480160402250476,
      "p90_s": 0.038580833282321696,
      "p99_s": 0.049257413397426716,
      "min_s": 0.03234191704541445,
      "max_s": 0.050532041990663856
    },
    "saving_weights_time_s": {
      "count": 76,
      "total_s": 0.0001622119452804327,
      "mean_s": 2.134367701058325e-06,
      "p50_s": 1.937500201165676e-06,
      "p90_s": 2.5414919946342707e-06,
      "p99_s": 5.073001375421882e-06,
      "min_s": 1.4999532140791416e-06,
      "max_s": 5.66698145121336e-06
    },
    "batch_train_loss_mean": 1.1524451362176074,
    "avg_batch_nodes": 356.85,
    "avg_batch_edges": 571.9555555555555,
    "avg_seed_node_ratio": 0.08481220268884042,
    "topo_query_sent_ms": null,
    "topo_first_record_ms": null,
    "topo_transfer_ms": null,
    "topo_etl_ms": 0.17187604129351347,
    "feat_x_query_sent_ms": null,
    "feat_x_first_record_ms": null,
    "feat_x_transfer_ms": null,
    "feat_x_etl_ms": 2.3902484342981016,
    "feat_x_etl_parse_ms": 1.9636565820921197,
    "feat_y_query_sent_ms": null,
    "feat_y_first_record_ms": null,
    "feat_y_transfer_ms": null,
    "feat_y_etl_ms": null,
    "network_baseline_ms": 3.973264282528635,
    "sampler_avg_db_exec_time_ms": 2.558315,
    "sampler_avg_network_transfer_ms": 0.17957046255506626,
    "sampler_avg_driver_overhead_ms": 3.973264282528635,
    "sampler_avg_result_consumed_after_ms": 2.737885462555066,
    "sampler_avg_result_available_after_ms": 0.17400881057268722,
    "sampler_avg_client_wall_time_ms": 6.531579282528635,
    "sampler_avg_query_startup_ms": 0.17400881057268722,
    "sampler_avg_exec_serialize_ms": 2.563876651982379,
    "sampler_avg_client_recv_ms": 3.793693819973569,
    "feat_x_avg_db_exec_time_ms": 0.7951520792951542,
    "feat_x_avg_network_transfer_ms": 0.0660814008810573,
    "feat_x_avg_driver_overhead_ms": 19.498394467779054,
    "feat_x_avg_result_consumed_after_ms": 0.8612334801762115,
    "feat_x_avg_result_available_after_ms": 0.18502202643171806,
    "feat_x_avg_client_wall_time_ms": 20.293546547074207,
    "feat_x_avg_query_startup_ms": 0.18502202643171806,
    "feat_x_avg_exec_serialize_ms": 0.6762114537444934,
    "feat_x_avg_client_recv_ms": 19.432313066897997,
    "topo_fetch_ms": 6.531579282528635
  },
  "notes": [
    "GPU/CPU utilization and explicit DB write/query timings are not in the Measurer CSV (unless you log them); this parser will report None for those.",
    "throughput_samples_per_s assumes nbr_training_datapoints is per-epoch; if it's total across training, remove the * epochs_completed multiplier.",
    "remote_feature_total_s is a proxy for time spent waiting on remote feature reads (DB reads)."
  ]
}