{
  "run": {
    "csv": "/Users/victorpekkari/Desktop/neo4j-mpgnn-thesis/experiment_results/results/run_12_2026-03-25/measurements.csv",
    "runtime_s": 18.948178459017072,
    "training_time_s": 17.834273166023195,
    "epochs_completed": 90,
    "batches_seen": 360,
    "nbr_training_datapoints": 140.0
  },
  "metrics": {
    "throughput_samples_per_s": 706.504822635821,
    "epoch_time_s": {
      "count": 90,
      "total_s": 15.277130364906043,
      "mean_s": 0.16974589294340048,
      "p50_s": 0.07721222951659001,
      "p90_s": 0.08395252439659089,
      "p99_s": 4.101014594222652,
      "min_s": 0.06888512498699129,
      "max_s": 4.403638957999647
    },
    "sampling_phase_time_s": {
      "count": 360,
      "total_s": 13.36185162817128,
      "mean_s": 0.037116254522698,
      "p50_s": 0.01745300050242804,
      "p90_s": 0.020101878856075932,
      "p99_s": 0.8529847824969352,
      "min_s": 0.012408041977323592,
      "max_s": 1.1681522080325522
    },
    "training_phase_time_s": {
      "count": 360,
      "total_s": 1.7439393444219604,
      "mean_s": 0.004844275956727668,
      "p50_s": 0.0014461874961853027,
      "p90_s": 0.001755133329425007,
      "p99_s": 0.14258777275390552,
      "min_s": 0.0010741669684648514,
      "max_s": 0.20292808301746845
    },
    "convergence_time_s": null,
    "converged_epoch": null,
    "avg_cpu_utilization": null,
    "final_validation_accuracy": 0.77,
    "best_validation_accuracy": 0.81,
    "time_to_first_validation_accuracy_s": 4.58371099998476,
    "time_to_best_accuracy_s": 15.695636624994222,
    "final_validation_loss": 0.6586139798164368,
    "best_validation_loss": 0.6370974183082581,
    "time_to_best_loss_s": 18.595185333979316,
    "final_test_accuracy": 0.767000022777838,
    "best_test_accuracy": 0.767000022777838,
    "time_to_best_test_accuracy_s": 19.096417958964594,
    "remote_feature_latency_s": {
      "count": 454,
      "total_s": 11.661879959399812,
      "mean_s": 0.02568696026299518,
      "p50_s": 0.009455687482841313,
      "p90_s": 0.019033791305264457,
      "p99_s": 0.737762502465629,
      "min_s": 0.006747916981112212,
      "max_s": 1.1025621250155382
    },
    "remote_feature_total_s": 11.661879959399812,
    "cache_hits": 454,
    "cache_misses": 454,
    "cache_hit_rate": 0.5,
    "validation_time_s": {
      "count": 90,
      "total_s": 3.5400452119647525,
      "mean_s": 0.03933383568849725,
      "p50_s": 0.03770174947567284,
      "p90_s": 0.043280995503300806,
      "p99_s": 0.05540826833574099,
      "min_s": 0.03468379197875038,
      "max_s": 0.0997526670107618
    },
    "saving_weights_time_s": {
      "count": 64,
      "total_s": 0.00013842282351106405,
      "mean_s": 2.162856617360376e-06,
      "p50_s": 2.145505277439952e-06,
      "p90_s": 2.541986759752035e-06,
      "p99_s": 3.2654189271852345e-06,
      "min_s": 1.4579854905605316e-06,
      "max_s": 3.999972250312567e-06
    },
    "batch_train_loss_mean": 0.6863830978361268,
    "avg_batch_nodes": 357.775,
    "avg_batch_edges": 572.1888888888889,
    "avg_seed_node_ratio": 0.08464547573917533,
    "topo_query_sent_ms": null,
    "topo_first_record_ms": null,
    "topo_transfer_ms": null,
    "topo_etl_ms": 0.18607355340892687,
    "feat_x_query_sent_ms": null,
    "feat_x_first_record_ms": null,
    "feat_x_transfer_ms": null,
    "feat_x_etl_ms": 2.8904305281484755,
    "feat_x_etl_parse_ms": 2.344405024193457,
    "feat_y_query_sent_ms": null,
    "feat_y_first_record_ms": null,
    "feat_y_transfer_ms": null,
    "feat_y_etl_ms": null,
    "network_baseline_ms": 4.195574627548727,
    "sampler_avg_db_exec_time_ms": 2.6093983788546256,
    "sampler_avg_network_transfer_ms": 0.22320074008810575,
    "sampler_avg_driver_overhead_ms": 4.195574627548727,
    "sampler_avg_result_consumed_after_ms": 2.8325991189427313,
    "sampler_avg_result_available_after_ms": 0.22026431718061673,
    "sampler_avg_client_wall_time_ms": 6.804973006403353,
    "sampler_avg_query_startup_ms": 0.22026431718061673,
    "sampler_avg_exec_serialize_ms": 2.6123348017621146,
    "sampler_avg_client_recv_ms": 3.9723738874606216,
    "feat_x_avg_db_exec_time_ms": 1.3035166982378854,
    "feat_x_avg_network_transfer_ms": 0.15243043832599135,
    "feat_x_avg_driver_overhead_ms": 24.33349811962809,
    "feat_x_avg_result_consumed_after_ms": 1.4559471365638768,
    "feat_x_avg_result_available_after_ms": 0.2092511013215859,
    "feat_x_avg_client_wall_time_ms": 25.637014817865975,
    "feat_x_avg_query_startup_ms": 0.2092511013215859,
    "feat_x_avg_exec_serialize_ms": 1.246696035242291,
    "feat_x_avg_client_recv_ms": 24.181067681302096,
    "topo_fetch_ms": 6.804973006403353
  },
  "notes": [
    "GPU/CPU utilization and explicit DB write/query timings are not in the Measurer CSV (unless you log them); this parser will report None for those.",
    "throughput_samples_per_s assumes nbr_training_datapoints is per-epoch; if it's total across training, remove the * epochs_completed multiplier.",
    "remote_feature_total_s is a proxy for time spent waiting on remote feature reads (DB reads)."
  ]
}