{
  "run": {
    "csv": "/Users/victorpekkari/Desktop/neo4j-mpgnn-thesis/experiment_results/results/run_18_2026-03-26/measurements.csv",
    "runtime_s": 16.966028041963,
    "training_time_s": 16.12148095900193,
    "epochs_completed": 90,
    "batches_seen": 360,
    "nbr_training_datapoints": 140.0
  },
  "metrics": {
    "throughput_samples_per_s": 781.5659139531099,
    "epoch_time_s": {
      "count": 90,
      "total_s": 13.457417114987038,
      "mean_s": 0.1495268568331893,
      "p50_s": 0.07320443747448735,
      "p90_s": 0.07754147468367592,
      "p99_s": 3.478563195997267,
      "min_s": 0.06848404096672311,
      "max_s": 3.481072291964665
    },
    "sampling_phase_time_s": {
      "count": 360,
      "total_s": 11.812752216705121,
      "mean_s": 0.03281320060195867,
      "p50_s": 0.0165878955158405,
      "p90_s": 0.018728474673116578,
      "p99_s": 0.723033062231844,
      "min_s": 0.012898291985038668,
      "max_s": 0.8358488329686224
    },
    "training_phase_time_s": {
      "count": 360,
      "total_s": 1.4825051894877106,
      "mean_s": 0.0041180699707991965,
      "p50_s": 0.0013910415000282228,
      "p90_s": 0.0015705743746366352,
      "p99_s": 0.12093351172516152,
      "min_s": 0.0010691250208765268,
      "max_s": 0.15867562498897314
    },
    "convergence_time_s": null,
    "converged_epoch": null,
    "avg_cpu_utilization": null,
    "final_validation_accuracy": 0.84,
    "best_validation_accuracy": 0.86,
    "time_to_first_validation_accuracy_s": 3.6069427089532837,
    "time_to_best_accuracy_s": 15.541110458958428,
    "final_validation_loss": 0.5903691649436951,
    "best_validation_loss": 0.5903691649436951,
    "time_to_best_loss_s": 16.965983999951277,
    "final_test_accuracy": 0.7820000231089391,
    "best_test_accuracy": 0.7820000231089391,
    "time_to_best_test_accuracy_s": 17.125709249987267,
    "remote_feature_latency_s": {
      "count": 454,
      "total_s": 10.26196704513859,
      "mean_s": 0.022603451641274426,
      "p50_s": 0.00901091645937413,
      "p90_s": 0.018805796414380894,
      "p99_s": 0.6469475384958786,
      "min_s": 0.006391000002622604,
      "max_s": 0.7876467920141295
    },
    "remote_feature_total_s": 10.26196704513859,
    "cache_hits": 454,
    "cache_misses": 454,
    "cache_hit_rate": 0.5,
    "validation_time_s": {
      "count": 90,
      "total_s": 3.4295060437289067,
      "mean_s": 0.03810562270809896,
      "p50_s": 0.03737229199032299,
      "p90_s": 0.03946006637415849,
      "p99_s": 0.05082616247294936,
      "min_s": 0.03534945799037814,
      "max_s": 0.05112987500615418
    },
    "saving_weights_time_s": {
      "count": 67,
      "total_s": 0.00019533198792487383,
      "mean_s": 2.915402804848863e-06,
      "p50_s": 1.9170111045241356e-06,
      "p90_s": 5.149992648512125e-06,
      "p99_s": 1.73155078664423e-05,
      "min_s": 1.4579854905605316e-06,
      "max_s": 3.620801726356149e-05
    },
    "batch_train_loss_mean": 0.6898693449277845,
    "avg_batch_nodes": 353.925,
    "avg_batch_edges": 566.95,
    "avg_seed_node_ratio": 0.08545668814042462,
    "topo_query_sent_ms": null,
    "topo_first_record_ms": null,
    "topo_transfer_ms": null,
    "topo_etl_ms": 0.1751920099355822,
    "feat_x_query_sent_ms": null,
    "feat_x_first_record_ms": null,
    "feat_x_transfer_ms": null,
    "feat_x_etl_ms": 2.8474597261125214,
    "feat_x_etl_parse_ms": 2.3369885300796907,
    "feat_y_query_sent_ms": null,
    "feat_y_first_record_ms": null,
    "feat_y_transfer_ms": null,
    "feat_y_etl_ms": null,
    "network_baseline_ms": 3.652140399579621,
    "sampler_avg_db_exec_time_ms": 2.787655544052863,
    "sampler_avg_network_transfer_ms": 0.1837100947136565,
    "sampler_avg_driver_overhead_ms": 3.652140399579621,
    "sampler_avg_result_consumed_after_ms": 2.9713656387665197,
    "sampler_avg_result_available_after_ms": 0.17400881057268722,
    "sampler_avg_client_wall_time_ms": 6.439795943632484,
    "sampler_avg_query_startup_ms": 0.17400881057268722,
    "sampler_avg_exec_serialize_ms": 2.7973568281938324,
    "sampler_avg_client_recv_ms": 3.4684303048659646,
    "feat_x_avg_db_exec_time_ms": 1.243334037444934,
    "feat_x_avg_network_transfer_ms": 0.08265715198237888,
    "feat_x_avg_driver_overhead_ms": 21.31351102410786,
    "feat_x_avg_result_consumed_after_ms": 1.3259911894273129,
    "feat_x_avg_result_available_after_ms": 0.09691629955947137,
    "feat_x_avg_client_wall_time_ms": 22.556845061552796,
    "feat_x_avg_query_startup_ms": 0.09691629955947137,
    "feat_x_avg_exec_serialize_ms": 1.2290748898678414,
    "feat_x_avg_client_recv_ms": 21.230853872125483,
    "topo_fetch_ms": 6.439795943632484
  },
  "notes": [
    "GPU/CPU utilization and explicit DB write/query timings are not in the Measurer CSV (unless you log them); this parser will report None for those.",
    "throughput_samples_per_s assumes nbr_training_datapoints is per-epoch; if it's total across training, remove the * epochs_completed multiplier.",
    "remote_feature_total_s is a proxy for time spent waiting on remote feature reads (DB reads)."
  ]
}