{
  "run": {
    "csv": "/home/victor.pekkari/thesis-folder/neo4j-mpgnn-thesis/experiment_results/results/run_10_2026-05-05/measurements.csv",
    "runtime_s": 111.52164151938632,
    "training_time_s": 93.87985687283799,
    "epochs_completed": 1,
    "batches_seen": 3031,
    "nbr_training_datapoints": 90941.0
  },
  "metrics": {
    "throughput_samples_per_s": 968.6955543954575,
    "epoch_time_s": {
      "count": 1,
      "total_s": 93.98879909981042,
      "mean_s": 93.98879909981042,
      "p50_s": 93.98879909981042,
      "p90_s": 93.98879909981042,
      "p99_s": 93.98879909981042,
      "min_s": 93.98879909981042,
      "max_s": 93.98879909981042
    },
    "sampling_phase_time_s": {
      "count": 3031,
      "total_s": 79.75286972243339,
      "mean_s": 0.02631239515751679,
      "p50_s": 0.025580090936273336,
      "p90_s": 0.031299694906920195,
      "p99_s": 0.037723468570038665,
      "min_s": 0.013924740720540285,
      "max_s": 0.2971941358409822
    },
    "training_phase_time_s": {
      "count": 3031,
      "total_s": 12.035673244390637,
      "mean_s": 0.003970858873108095,
      "p50_s": 0.003922577016055584,
      "p90_s": 0.004371094051748514,
      "p99_s": 0.0048708694055676445,
      "min_s": 0.003141945693641901,
      "max_s": 0.057689313776791096
    },
    "convergence_time_s": null,
    "converged_epoch": null,
    "avg_cpu_utilization": null,
    "final_validation_accuracy": 0.5372998872511903,
    "best_validation_accuracy": 0.5372998872511903,
    "time_to_first_validation_accuracy_s": 111.52158952923492,
    "time_to_best_accuracy_s": 111.52158952923492,
    "final_validation_loss": 1.6134876012802124,
    "best_validation_loss": 1.6134876012802124,
    "time_to_best_loss_s": 111.52159979520366,
    "final_test_accuracy": 0.4800732547751877,
    "best_test_accuracy": 0.4800732547751877,
    "time_to_best_test_accuracy_s": 116.55914305802435,
    "remote_feature_latency_s": {
      "count": 3338,
      "total_s": 58.47248589945957,
      "mean_s": 0.01751722165951455,
      "p50_s": 0.014895202592015266,
      "p90_s": 0.01929326648823917,
      "p99_s": 0.08167752073146406,
      "min_s": 0.006549113895744085,
      "max_s": 0.34043049020692706
    },
    "remote_feature_total_s": 58.47248589945957,
    "cache_hits": 3338,
    "cache_misses": 3338,
    "cache_hit_rate": 0.5,
    "validation_time_s": {
      "count": 1,
      "total_s": 16.242330142762512,
      "mean_s": 16.242330142762512,
      "p50_s": 16.242330142762512,
      "p90_s": 16.242330142762512,
      "p99_s": 16.242330142762512,
      "min_s": 16.242330142762512,
      "max_s": 16.242330142762512
    },
    "saving_weights_time_s": {
      "count": 1,
      "total_s": 9.556766599416733e-06,
      "mean_s": 9.556766599416733e-06,
      "p50_s": 9.556766599416733e-06,
      "p90_s": 9.556766599416733e-06,
      "p99_s": 9.556766599416733e-06,
      "min_s": 9.556766599416733e-06,
      "max_s": 9.556766599416733e-06
    },
    "batch_train_loss_mean": 1.8788794132987487,
    "avg_batch_nodes": 330.29792147806006,
    "avg_batch_edges": 344.08083140877596,
    "avg_seed_node_ratio": 0.09458954769319367,
    "topo_query_sent_ms": null,
    "topo_first_record_ms": null,
    "topo_transfer_ms": null,
    "topo_etl_ms": 0.28637788270211206,
    "feat_x_query_sent_ms": null,
    "feat_x_first_record_ms": null,
    "feat_x_transfer_ms": null,
    "feat_x_etl_ms": 0.5164914154835434,
    "feat_x_etl_parse_ms": 4.37558319312484,
    "feat_y_query_sent_ms": null,
    "feat_y_first_record_ms": null,
    "feat_y_transfer_ms": null,
    "feat_y_etl_ms": null,
    "network_baseline_ms": 5.4371062930675595,
    "avg_feat_bytes": 206998.93109646495,
    "sampler_avg_db_exec_time_ms": 0,
    "sampler_avg_network_transfer_ms": 3.2887956860395446,
    "sampler_avg_driver_overhead_ms": 5.4371062930675595,
    "sampler_avg_result_consumed_after_ms": 3.2887956860395446,
    "sampler_avg_result_available_after_ms": 0.5419412822049131,
    "sampler_avg_client_wall_time_ms": 5.4371062930675595,
    "sampler_avg_query_startup_ms": 0.5419412822049131,
    "sampler_avg_exec_serialize_ms": 2.7468544038346314,
    "sampler_avg_client_recv_ms": 2.148310607028015,
    "feat_x_avg_db_exec_time_ms": 0,
    "feat_x_avg_network_transfer_ms": 3.097064110245656,
    "feat_x_avg_driver_overhead_ms": 17.39125439384924,
    "feat_x_avg_result_consumed_after_ms": 3.097064110245656,
    "feat_x_avg_result_available_after_ms": 0.33702816057519475,
    "feat_x_avg_client_wall_time_ms": 17.39125439384924,
    "feat_x_avg_query_startup_ms": 0.33702816057519475,
    "feat_x_avg_exec_serialize_ms": 2.7600359496704616,
    "feat_x_avg_client_recv_ms": 14.294190283603585,
    "topo_fetch_ms": 5.4371062930675595
  },
  "notes": [
    "GPU/CPU utilization and explicit DB write/query timings are not in the Measurer CSV (unless you log them); this parser will report None for those.",
    "throughput_samples_per_s assumes nbr_training_datapoints is per-epoch; if it's total across training, remove the * epochs_completed multiplier.",
    "remote_feature_total_s is a proxy for time spent waiting on remote feature reads (DB reads)."
  ]
}