{
  "run": {
    "csv": "/var/lib/neo4j/data/projects/neo4j-mpgnn-thesis/experiment_results/results/run_32_2026-06-01/measurements.csv",
    "runtime_s": 2917.026127744466,
    "training_time_s": 2829.0730717424303,
    "epochs_completed": 1,
    "batches_seen": 9431,
    "nbr_training_datapoints": 1207179.0
  },
  "metrics": {
    "throughput_samples_per_s": 426.7047790520648,
    "epoch_time_s": {
      "count": 1,
      "total_s": 2829.420560576953,
      "mean_s": 2829.420560576953,
      "p50_s": 2829.420560576953,
      "p90_s": 2829.420560576953,
      "p99_s": 2829.420560576953,
      "min_s": 2829.420560576953,
      "max_s": 2829.420560576953
    },
    "sampling_phase_time_s": {
      "count": 9431,
      "total_s": 2477.3101042760536,
      "mean_s": 0.2626773517417086,
      "p50_s": 0.23287617973983288,
      "p90_s": 0.2948303325101733,
      "p99_s": 0.6246256573125727,
      "min_s": 0.1654030717909336,
      "max_s": 0.7980990698561072
    },
    "training_phase_time_s": {
      "count": 9431,
      "total_s": 301.4237148743123,
      "mean_s": 0.031960949514824755,
      "p50_s": 0.03226702567189932,
      "p90_s": 0.05145564489066601,
      "p99_s": 0.06315284566953781,
      "min_s": 0.008175396360456944,
      "max_s": 0.07358252443373203
    },
    "convergence_time_s": null,
    "converged_epoch": null,
    "avg_cpu_utilization": null,
    "final_validation_accuracy": 0.0,
    "best_validation_accuracy": 0.0,
    "time_to_first_validation_accuracy_s": 2917.0260856160894,
    "time_to_best_accuracy_s": 2917.0260856160894,
    "final_validation_loss": 0.0,
    "best_validation_loss": 0.0,
    "time_to_best_loss_s": 2917.0260965842754,
    "final_test_accuracy": 0.0,
    "best_test_accuracy": 0.0,
    "time_to_best_test_accuracy_s": 2948.130515466444,
    "remote_feature_latency_s": {
      "count": 9431,
      "total_s": 1408.7557421559468,
      "mean_s": 0.149375012422431,
      "p50_s": 0.13524676207453012,
      "p90_s": 0.1629286389797926,
      "p99_s": 0.5067116433754564,
      "min_s": 0.09586392994970083,
      "max_s": 0.6992816580459476
    },
    "remote_feature_total_s": 1408.7557421559468,
    "cache_hits": 9431,
    "cache_misses": 9431,
    "cache_hit_rate": 0.5,
    "validation_time_s": {
      "count": 1,
      "total_s": 36.17661824822426,
      "mean_s": 36.17661824822426,
      "p50_s": 36.17661824822426,
      "p90_s": 36.17661824822426,
      "p99_s": 36.17661824822426,
      "min_s": 36.17661824822426,
      "max_s": 36.17661824822426
    },
    "saving_weights_time_s": {
      "count": 1,
      "total_s": 8.528120815753937e-06,
      "mean_s": 8.528120815753937e-06,
      "p50_s": 8.528120815753937e-06,
      "p90_s": 8.528120815753937e-06,
      "p99_s": 8.528120815753937e-06,
      "min_s": 8.528120815753937e-06,
      "max_s": 8.528120815753937e-06
    },
    "batch_train_loss_mean": 1.73986802917942,
    "avg_batch_nodes": 2758.2942423921113,
    "avg_batch_edges": 2855.326794613509,
    "avg_seed_node_ratio": 0.046672156550835585,
    "topo_query_sent_ms": null,
    "topo_first_record_ms": null,
    "topo_transfer_ms": null,
    "topo_etl_ms": 1.8829176188196246,
    "feat_x_query_sent_ms": null,
    "feat_x_first_record_ms": null,
    "feat_x_transfer_ms": null,
    "feat_x_etl_ms": 3.8311272002807946,
    "feat_x_etl_parse_ms": 46.530154209187806,
    "feat_y_query_sent_ms": null,
    "feat_y_first_record_ms": null,
    "feat_y_transfer_ms": null,
    "feat_y_etl_ms": null,
    "network_baseline_ms": 15.8783810066151,
    "avg_feat_bytes": 1412246.652104761,
    "sampler_avg_db_exec_time_ms": 40.04404809786873,
    "sampler_avg_network_transfer_ms": 3.1681245243346368,
    "sampler_avg_driver_overhead_ms": 15.8783810066151,
    "sampler_avg_result_consumed_after_ms": 43.21217262220337,
    "sampler_avg_result_available_after_ms": 0.7391580956420316,
    "sampler_avg_client_wall_time_ms": 55.92242910448383,
    "sampler_avg_query_startup_ms": 0.7391580956420316,
    "sampler_avg_exec_serialize_ms": 42.473014526561336,
    "sampler_avg_client_recv_ms": 12.710256482280464,
    "feat_x_avg_db_exec_time_ms": 39.427745187148766,
    "feat_x_avg_network_transfer_ms": 1.7253668900434747,
    "feat_x_avg_driver_overhead_ms": 109.79879601144222,
    "feat_x_avg_result_consumed_after_ms": 41.15311207719224,
    "feat_x_avg_result_available_after_ms": 1.261902237302513,
    "feat_x_avg_client_wall_time_ms": 149.22654119859098,
    "feat_x_avg_query_startup_ms": 1.261902237302513,
    "feat_x_avg_exec_serialize_ms": 39.891209839889726,
    "feat_x_avg_client_recv_ms": 108.07342912139873,
    "topo_fetch_ms": 55.92242910448383
  },
  "notes": [
    "GPU/CPU utilization and explicit DB write/query timings are not in the Measurer CSV (unless you log them); this parser will report None for those.",
    "throughput_samples_per_s assumes nbr_training_datapoints is per-epoch; if it's total across training, remove the * epochs_completed multiplier.",
    "remote_feature_total_s is a proxy for time spent waiting on remote feature reads (DB reads)."
  ]
}