{
  "run": {
    "csv": "/Users/victorpekkari/Desktop/neo4j-mpgnn-thesis/experiments/results/run_16/measurements.csv",
    "runtime_s": 1.2215952919941628,
    "training_time_s": 0.18457812500128057,
    "epochs_completed": 10,
    "batches_seen": 50,
    "nbr_training_datapoints": 140.0
  },
  "metrics": {
    "throughput_samples_per_s": 7584.8641326825,
    "epoch_time_s": {
      "count": 10,
      "total_s": 0.14812650201201905,
      "mean_s": 0.014812650201201904,
      "p50_s": 0.010225458499917295,
      "p90_s": 0.01590336699300677,
      "p99_s": 0.051320211998390736,
      "min_s": 0.009453750011743978,
      "max_s": 0.05525541699898895
    },
    "sampling_phase_time_s": {
      "count": 50,
      "total_s": 0.020656284017604776,
      "mean_s": 0.0004131256803520955,
      "p50_s": 0.0003562915007933043,
      "p90_s": 0.0005049705010605976,
      "p99_s": 0.0015372769271198162,
      "min_s": 0.0002422909892629832,
      "max_s": 0.0023358750040642917
    },
    "training_phase_time_s": {
      "count": 50,
      "total_s": 0.10868808408849873,
      "mean_s": 0.0021737616817699744,
      "p50_s": 0.0017246455026906915,
      "p90_s": 0.002136371494270861,
      "p99_s": 0.013725256254401713,
      "min_s": 0.0011554170050658286,
      "max_s": 0.02460050000809133
    },
    "convergence_time_s": null,
    "converged_epoch": null,
    "avg_cpu_utilization": 100.5,
    "final_validation_accuracy": 0.6360000185324948,
    "best_validation_accuracy": 0.6360000185324948,
    "time_to_first_validation_accuracy_s": 1.0744671249995008,
    "time_to_best_accuracy_s": 1.2215816249954514,
    "final_validation_loss": 1.285527586936951,
    "best_validation_loss": 1.285527586936951,
    "time_to_best_loss_s": 1.221585082996171,
    "final_test_accuracy": 0.6230000190653613,
    "best_test_accuracy": 0.6230000190653613,
    "time_to_best_test_accuracy_s": 2.061999957993976,
    "remote_feature_latency_s": {
      "count": 0,
      "total_s": 0.0,
      "mean_s": null,
      "p50_s": null,
      "p90_s": null,
      "p99_s": null,
      "min_s": null,
      "max_s": null
    },
    "remote_feature_total_s": 0.0,
    "cache_hits": 0,
    "cache_misses": 0,
    "cache_hit_rate": null,
    "validation_time_s": {
      "count": 10,
      "total_s": 0.06219525101187173,
      "mean_s": 0.006219525101187173,
      "p50_s": 0.006107291999796871,
      "p90_s": 0.007089192302373704,
      "p99_s": 0.007953732029272942,
      "min_s": 0.005525500004296191,
      "max_s": 0.008049791998928413
    },
    "saving_weights_time_s": {
      "count": 10,
      "total_s": 2.449598105158657e-05,
      "mean_s": 2.449598105158657e-06,
      "p50_s": 2.0204970496706665e-06,
      "p90_s": 3.3079981221817425e-06,
      "p99_s": 5.130500212544576e-06,
      "min_s": 1.91599247045815e-06,
      "max_s": 5.333000444807112e-06
    },
    "batch_train_loss_mean": 1.65229496717453,
    "avg_batch_nodes": 321.78,
    "avg_batch_edges": 523.26,
    "avg_seed_node_ratio": 0.08919060225238522
  },
  "notes": [
    "GPU/CPU utilization and explicit DB write/query timings are not in the Measurer CSV (unless you log them); this parser will report None for those.",
    "throughput_samples_per_s assumes nbr_training_datapoints is per-epoch; if it's total across training, remove the * epochs_completed multiplier.",
    "remote_feature_total_s is a proxy for time spent waiting on remote feature reads (DB reads)."
  ]
}