{
  "sampler": {
    "plan_meta": {},
    "global": {
      "sample_count": 710,
      "avg_client_wall_time_ms": 8.422959093529155,
      "avg_result_available_after_ms": 0.8408450704225352,
      "avg_result_consumed_after_ms": 5.292957746478873,
      "avg_profile_total_time_ms": 0.0,
      "avg_global_memory_bytes": 0.0,
      "avg_root_rows": 0.0,
      "avg_root_db_hits": 0.0,
      "avg_page_cache_hits": 0.0,
      "avg_page_cache_misses": 0.0,
      "avg_db_exec_time_ms": 0,
      "avg_network_transfer_ms": 5.292957746478873,
      "avg_driver_overhead_ms": 8.422959093529155,
      "avg_query_startup_ms": 0.8408450704225352,
      "avg_exec_serialize_ms": 4.452112676056338,
      "avg_client_recv_ms": 3.130001347050282
    },
    "operators": [],
    "top_by_time_ms": [],
    "top_by_db_hits": [],
    "top_by_memory_bytes": []
  },
  "feat_x": {
    "plan_meta": {},
    "global": {
      "sample_count": 710,
      "avg_client_wall_time_ms": 17.959215848798483,
      "avg_result_available_after_ms": 1.0633802816901408,
      "avg_result_consumed_after_ms": 15.27605633802817,
      "avg_profile_total_time_ms": 0.0,
      "avg_global_memory_bytes": 0.0,
      "avg_root_rows": 0.0,
      "avg_root_db_hits": 0.0,
      "avg_page_cache_hits": 0.0,
      "avg_page_cache_misses": 0.0,
      "avg_db_exec_time_ms": 0,
      "avg_network_transfer_ms": 15.27605633802817,
      "avg_driver_overhead_ms": 17.959215848798483,
      "avg_query_startup_ms": 1.0633802816901408,
      "avg_exec_serialize_ms": 14.21267605633803,
      "avg_client_recv_ms": 2.683159510770313
    },
    "operators": [],
    "top_by_time_ms": [],
    "top_by_db_hits": [],
    "top_by_memory_bytes": []
  },
  "subphase_metrics": {
    "throughput_samples_per_s": 3195.788939574258,
    "epoch_time_s": {
      "count": 1,
      "total_s": 28.776828745380044,
      "mean_s": 28.776828745380044,
      "p50_s": 28.776828745380044,
      "p90_s": 28.776828745380044,
      "p99_s": 28.776828745380044,
      "min_s": 28.776828745380044,
      "max_s": 28.776828745380044
    },
    "sampling_phase_time_s": {
      "count": 710,
      "total_s": 23.26342360023409,
      "mean_s": 0.03276538535244238,
      "p50_s": 0.029787284322082996,
      "p90_s": 0.038826558832079174,
      "p99_s": 0.05688723758794358,
      "min_s": 0.023014413192868233,
      "max_s": 0.42726716212928295
    },
    "training_phase_time_s": {
      "count": 710,
      "total_s": 4.156693580560386,
      "mean_s": 0.005854498000789276,
      "p50_s": 0.005529717542231083,
      "p90_s": 0.0063661101274192335,
      "p99_s": 0.01007486111484468,
      "min_s": 0.004628024995326996,
      "max_s": 0.01670889463275671
    },
    "convergence_time_s": null,
    "converged_epoch": null,
    "avg_cpu_utilization": null,
    "final_validation_accuracy": 0.0,
    "best_validation_accuracy": 0.0,
    "time_to_first_validation_accuracy_s": 30.412180595099926,
    "time_to_best_accuracy_s": 30.412180595099926,
    "final_validation_loss": 0.0,
    "best_validation_loss": 0.0,
    "time_to_best_loss_s": 30.412188537418842,
    "final_test_accuracy": 0.0,
    "best_test_accuracy": 0.0,
    "time_to_best_test_accuracy_s": 30.49695443175733,
    "remote_feature_latency_s": {
      "count": 710,
      "total_s": 12.843975270166993,
      "mean_s": 0.01809010601431971,
      "p50_s": 0.016786400228738785,
      "p90_s": 0.020710960403084757,
      "p99_s": 0.035291383489966334,
      "min_s": 0.012517295777797699,
      "max_s": 0.4119098028168082
    },
    "remote_feature_total_s": 12.843975270166993,
    "cache_hits": 710,
    "cache_misses": 710,
    "cache_hit_rate": 0.5,
    "validation_time_s": {
      "count": 1,
      "total_s": 0.06737311743199825,
      "mean_s": 0.06737311743199825,
      "p50_s": 0.06737311743199825,
      "p90_s": 0.06737311743199825,
      "p99_s": 0.06737311743199825,
      "min_s": 0.06737311743199825,
      "max_s": 0.06737311743199825
    },
    "saving_weights_time_s": {
      "count": 1,
      "total_s": 8.461996912956238e-06,
      "mean_s": 8.461996912956238e-06,
      "p50_s": 8.461996912956238e-06,
      "p90_s": 8.461996912956238e-06,
      "p99_s": 8.461996912956238e-06,
      "min_s": 8.461996912956238e-06,
      "max_s": 8.461996912956238e-06
    },
    "batch_train_loss_mean": 2.0232018962712357,
    "avg_batch_nodes": 1395.1605633802817,
    "avg_batch_edges": 1462.7464788732395,
    "avg_seed_node_ratio": 0.09252993707332745,
    "topo_query_sent_ms": null,
    "topo_first_record_ms": null,
    "topo_transfer_ms": null,
    "topo_etl_ms": 1.0237898743173606,
    "feat_x_query_sent_ms": null,
    "feat_x_first_record_ms": null,
    "feat_x_transfer_ms": null,
    "feat_x_etl_ms": 2.06584040941277,
    "feat_x_etl_parse_ms": null,
    "feat_y_query_sent_ms": null,
    "feat_y_first_record_ms": null,
    "feat_y_transfer_ms": null,
    "feat_y_etl_ms": null,
    "network_baseline_ms": 8.422959093529155,
    "avg_feat_bytes": 714322.2084507042,
    "sampler_avg_db_exec_time_ms": 0,
    "sampler_avg_network_transfer_ms": 5.292957746478873,
    "sampler_avg_driver_overhead_ms": 8.422959093529155,
    "sampler_avg_result_consumed_after_ms": 5.292957746478873,
    "sampler_avg_result_available_after_ms": 0.8408450704225352,
    "sampler_avg_client_wall_time_ms": 8.422959093529155,
    "sampler_avg_query_startup_ms": 0.8408450704225352,
    "sampler_avg_exec_serialize_ms": 4.452112676056338,
    "sampler_avg_client_recv_ms": 3.130001347050282,
    "feat_x_avg_db_exec_time_ms": 0,
    "feat_x_avg_network_transfer_ms": 15.27605633802817,
    "feat_x_avg_driver_overhead_ms": 17.959215848798483,
    "feat_x_avg_result_consumed_after_ms": 15.27605633802817,
    "feat_x_avg_result_available_after_ms": 1.0633802816901408,
    "feat_x_avg_client_wall_time_ms": 17.959215848798483,
    "feat_x_avg_query_startup_ms": 1.0633802816901408,
    "feat_x_avg_exec_serialize_ms": 14.21267605633803,
    "feat_x_avg_client_recv_ms": 2.683159510770313,
    "topo_fetch_ms": 8.422959093529155
  }
}