{
  "sampler": {
    "plan_meta": {},
    "global": {
      "sample_count": 718,
      "avg_client_wall_time_ms": 6.659722967400192,
      "avg_result_available_after_ms": 0.479108635097493,
      "avg_result_consumed_after_ms": 3.4428969359331476,
      "avg_profile_total_time_ms": 0.0,
      "avg_global_memory_bytes": 0.0,
      "avg_root_rows": 0.0,
      "avg_root_db_hits": 0.0,
      "avg_page_cache_hits": 0.0,
      "avg_page_cache_misses": 0.0,
      "avg_db_exec_time_ms": 0,
      "avg_network_transfer_ms": 3.4428969359331476,
      "avg_driver_overhead_ms": 6.659722967400192,
      "avg_query_startup_ms": 0.479108635097493,
      "avg_exec_serialize_ms": 2.9637883008356547,
      "avg_client_recv_ms": 3.2168260314670447
    },
    "operators": [],
    "top_by_time_ms": [],
    "top_by_db_hits": [],
    "top_by_memory_bytes": []
  },
  "feat_x": {
    "plan_meta": {},
    "global": {
      "sample_count": 718,
      "avg_client_wall_time_ms": 59.71220616785638,
      "avg_result_available_after_ms": 0.5111420612813371,
      "avg_result_consumed_after_ms": 10.629526462395543,
      "avg_profile_total_time_ms": 0.0,
      "avg_global_memory_bytes": 0.0,
      "avg_root_rows": 0.0,
      "avg_root_db_hits": 0.0,
      "avg_page_cache_hits": 0.0,
      "avg_page_cache_misses": 0.0,
      "avg_db_exec_time_ms": 0,
      "avg_network_transfer_ms": 10.629526462395543,
      "avg_driver_overhead_ms": 59.71220616785638,
      "avg_query_startup_ms": 0.5111420612813371,
      "avg_exec_serialize_ms": 10.118384401114206,
      "avg_client_recv_ms": 49.08267970546083
    },
    "operators": [],
    "top_by_time_ms": [],
    "top_by_db_hits": [],
    "top_by_memory_bytes": []
  },
  "subphase_metrics": {
    "throughput_samples_per_s": 1316.98398833767,
    "epoch_time_s": {
      "count": 1,
      "total_s": 69.1767307058908,
      "mean_s": 69.1767307058908,
      "p50_s": 69.1767307058908,
      "p90_s": 69.1767307058908,
      "p99_s": 69.1767307058908,
      "min_s": 69.1767307058908,
      "max_s": 69.1767307058908
    },
    "sampling_phase_time_s": {
      "count": 710,
      "total_s": 64.45815859967843,
      "mean_s": 0.09078613887278651,
      "p50_s": 0.08559777541086078,
      "p90_s": 0.09656765274703503,
      "p99_s": 0.2542593035427853,
      "min_s": 0.06362628983333707,
      "max_s": 0.29931643791496754
    },
    "training_phase_time_s": {
      "count": 710,
      "total_s": 3.4431114098988473,
      "mean_s": 0.004849452689998377,
      "p50_s": 0.004821608075872064,
      "p90_s": 0.005157445557415485,
      "p99_s": 0.006574458237737417,
      "min_s": 0.004056286066770554,
      "max_s": 0.010752185713499784
    },
    "convergence_time_s": null,
    "converged_epoch": null,
    "avg_cpu_utilization": null,
    "final_validation_accuracy": 0.4760000143713992,
    "best_validation_accuracy": 0.4760000143713992,
    "time_to_first_validation_accuracy_s": 71.08013310143724,
    "time_to_best_accuracy_s": 71.08013310143724,
    "final_validation_loss": 1.9688130617141724,
    "best_validation_loss": 1.9688130617141724,
    "time_to_best_loss_s": 71.08014253433794,
    "final_test_accuracy": 0.4450000132040667,
    "best_test_accuracy": 0.4450000132040667,
    "time_to_best_test_accuracy_s": 71.23424302227795,
    "remote_feature_latency_s": {
      "count": 718,
      "total_s": 42.970394644886255,
      "mean_s": 0.05984734630207,
      "p50_s": 0.05919535458087921,
      "p90_s": 0.06644849544391036,
      "p99_s": 0.08249757591634993,
      "min_s": 0.009332413785159588,
      "max_s": 0.27042813738808036
    },
    "remote_feature_total_s": 42.970394644886255,
    "cache_hits": 718,
    "cache_misses": 718,
    "cache_hit_rate": 0.5,
    "validation_time_s": {
      "count": 1,
      "total_s": 0.5432431446388364,
      "mean_s": 0.5432431446388364,
      "p50_s": 0.5432431446388364,
      "p90_s": 0.5432431446388364,
      "p99_s": 0.5432431446388364,
      "min_s": 0.5432431446388364,
      "max_s": 0.5432431446388364
    },
    "saving_weights_time_s": {
      "count": 1,
      "total_s": 6.388872861862183e-06,
      "mean_s": 6.388872861862183e-06,
      "p50_s": 6.388872861862183e-06,
      "p90_s": 6.388872861862183e-06,
      "p99_s": 6.388872861862183e-06,
      "min_s": 6.388872861862183e-06,
      "max_s": 6.388872861862183e-06
    },
    "batch_train_loss_mean": 2.4540146569131127,
    "avg_batch_nodes": 1396.3,
    "avg_batch_edges": 1463.8535211267606,
    "avg_seed_node_ratio": 0.09248266453123755,
    "topo_query_sent_ms": null,
    "topo_first_record_ms": null,
    "topo_transfer_ms": null,
    "topo_etl_ms": 0.744544232943845,
    "feat_x_query_sent_ms": null,
    "feat_x_first_record_ms": null,
    "feat_x_transfer_ms": null,
    "feat_x_etl_ms": 1.6495458545645798,
    "feat_x_etl_parse_ms": 19.08445778214645,
    "feat_y_query_sent_ms": null,
    "feat_y_first_record_ms": null,
    "feat_y_transfer_ms": null,
    "feat_y_etl_ms": null,
    "network_baseline_ms": 6.659722967400192,
    "avg_feat_bytes": 714448.9359331477,
    "sampler_avg_db_exec_time_ms": 0,
    "sampler_avg_network_transfer_ms": 3.4428969359331476,
    "sampler_avg_driver_overhead_ms": 6.659722967400192,
    "sampler_avg_result_consumed_after_ms": 3.4428969359331476,
    "sampler_avg_result_available_after_ms": 0.479108635097493,
    "sampler_avg_client_wall_time_ms": 6.659722967400192,
    "sampler_avg_query_startup_ms": 0.479108635097493,
    "sampler_avg_exec_serialize_ms": 2.9637883008356547,
    "sampler_avg_client_recv_ms": 3.2168260314670447,
    "feat_x_avg_db_exec_time_ms": 0,
    "feat_x_avg_network_transfer_ms": 10.629526462395543,
    "feat_x_avg_driver_overhead_ms": 59.71220616785638,
    "feat_x_avg_result_consumed_after_ms": 10.629526462395543,
    "feat_x_avg_result_available_after_ms": 0.5111420612813371,
    "feat_x_avg_client_wall_time_ms": 59.71220616785638,
    "feat_x_avg_query_startup_ms": 0.5111420612813371,
    "feat_x_avg_exec_serialize_ms": 10.118384401114206,
    "feat_x_avg_client_recv_ms": 49.08267970546083,
    "topo_fetch_ms": 6.659722967400192
  }
}