{
  "run": {
    "csv": "/Users/victorpekkari/Desktop/neo4j-mpgnn-thesis/experiments/results/run_15/measurements.csv",
    "runtime_s": 7.6609489580005175,
    "training_time_s": 6.135804791992996,
    "epochs_completed": 10,
    "batches_seen": 50,
    "nbr_training_datapoints": 140.0
  },
  "metrics": {
    "throughput_samples_per_s": 228.1689277056124,
    "epoch_time_s": {
      "count": 10,
      "total_s": 2.368054124977789,
      "mean_s": 0.2368054124977789,
      "p50_s": 0.22867874999792548,
      "p90_s": 0.2574367913912283,
      "p99_s": 0.27364961694402157,
      "min_s": 0.22161037499608938,
      "max_s": 0.275451042005443
    },
    "sampling_phase_time_s": {
      "count": 50,
      "total_s": 2.2401155429834034,
      "mean_s": 0.04480231085966807,
      "p50_s": 0.044209667001268826,
      "p90_s": 0.0522059294016799,
      "p99_s": 0.06659915317490231,
      "min_s": 0.0313162919919705,
      "max_s": 0.06722937501035631
    },
    "training_phase_time_s": {
      "count": 50,
      "total_s": 0.11334579403046519,
      "mean_s": 0.0022669158806093038,
      "p50_s": 0.001979687498533167,
      "p90_s": 0.002452899707714096,
      "p99_s": 0.009745985163026463,
      "min_s": 0.001411874996847473,
      "max_s": 0.016588916987529956
    },
    "convergence_time_s": null,
    "converged_epoch": null,
    "avg_cpu_utilization": 83.92857142857143,
    "final_validation_accuracy": 0.672000020097361,
    "best_validation_accuracy": 0.7280000221045291,
    "time_to_first_validation_accuracy_s": 1.7476822500029812,
    "time_to_best_accuracy_s": 3.7116502499993658,
    "final_validation_loss": 1.3058178424835205,
    "best_validation_loss": 0.9790117740631104,
    "time_to_best_loss_s": 3.7116545000026235,
    "final_test_accuracy": 0.710000021367109,
    "best_test_accuracy": 0.710000021367109,
    "time_to_best_test_accuracy_s": 8.485585207992699,
    "remote_feature_latency_s": {
      "count": 148,
      "total_s": 2.7717135711282026,
      "mean_s": 0.018727794399514882,
      "p50_s": 0.010775499504234176,
      "p90_s": 0.04126699560583802,
      "p99_s": 0.05157773596816696,
      "min_s": 0.005327292004949413,
      "max_s": 0.05291541700717062
    },
    "remote_feature_total_s": 2.7717135711282026,
    "cache_hits": 148,
    "cache_misses": 148,
    "cache_hit_rate": 0.5,
    "validation_time_s": {
      "count": 10,
      "total_s": 4.25505854099174,
      "mean_s": 0.425505854099174,
      "p50_s": 0.42385497850045795,
      "p90_s": 0.4368825288955122,
      "p99_s": 0.455868490691937,
      "min_s": 0.4054354169929866,
      "max_s": 0.4579780420026509
    },
    "saving_weights_time_s": {
      "count": 4,
      "total_s": 6.629100244026631e-05,
      "mean_s": 1.6572750610066578e-05,
      "p50_s": 2.7915011742152274e-06,
      "p90_s": 4.2195599235128625e-05,
      "p99_s": 5.716926025343126e-05,
      "min_s": 1.8749997252598405e-06,
      "max_s": 5.8833000366576016e-05
    },
    "batch_train_loss_mean": 0.5220692477794364,
    "avg_batch_nodes": 302.52,
    "avg_batch_edges": 663.2,
    "avg_seed_node_ratio": 0.09310196976140006
  },
  "notes": [
    "GPU/CPU utilization and explicit DB write/query timings are not in the Measurer CSV (unless you log them); this parser will report None for those.",
    "throughput_samples_per_s assumes nbr_training_datapoints is per-epoch; if it's total across training, remove the * epochs_completed multiplier.",
    "remote_feature_total_s is a proxy for time spent waiting on remote feature reads (DB reads)."
  ]
}