{
  "run": {
    "csv": "/home/victor.pekkari/thesis-folder/neo4j-mpgnn-thesis/experiment_results/results/run_8_2026-05-11/measurements.csv",
    "runtime_s": 811.3728932873346,
    "training_time_s": 805.3751784311607,
    "epochs_completed": 1,
    "batches_seen": 768,
    "nbr_training_datapoints": 196615.0
  },
  "metrics": {
    "throughput_samples_per_s": 244.1284574761769,
    "epoch_time_s": {
      "count": 1,
      "total_s": 806.4515463071875,
      "mean_s": 806.4515463071875,
      "p50_s": 806.4515463071875,
      "p90_s": 806.4515463071875,
      "p99_s": 806.4515463071875,
      "min_s": 806.4515463071875,
      "max_s": 806.4515463071875
    },
    "sampling_phase_time_s": {
      "count": 768,
      "total_s": 715.0252025048248,
      "mean_s": 0.931022399094824,
      "p50_s": 0.9279137358535081,
      "p90_s": 1.0572909199167042,
      "p99_s": 1.1139242405025294,
      "min_s": 0.7838263721205294,
      "max_s": 1.5102761969901621
    },
    "training_phase_time_s": {
      "count": 768,
      "total_s": 19.06036731088534,
      "mean_s": 0.024818186602715286,
      "p50_s": 0.024456406012177467,
      "p90_s": 0.0286503397859633,
      "p99_s": 0.03215034643653782,
      "min_s": 0.0198979782871902,
      "max_s": 0.040466147009283304
    },
    "convergence_time_s": null,
    "converged_epoch": null,
    "avg_cpu_utilization": null,
    "final_validation_accuracy": 0.0,
    "best_validation_accuracy": 0.0,
    "time_to_first_validation_accuracy_s": 811.3728330312297,
    "time_to_best_accuracy_s": 811.3728330312297,
    "final_validation_loss": 1.4091449975967407,
    "best_validation_loss": 1.4091449975967407,
    "time_to_best_loss_s": 811.3728433479555,
    "final_test_accuracy": 0.66,
    "best_test_accuracy": 0.66,
    "time_to_best_test_accuracy_s": 812.8869537301362,
    "remote_feature_latency_s": {
      "count": 770,
      "total_s": 354.6720780786127,
      "mean_s": 0.46061308841378273,
      "p50_s": 0.46256089280359447,
      "p90_s": 0.5334161357022822,
      "p99_s": 0.563903375044465,
      "min_s": 0.0051786876283586025,
      "max_s": 0.706354227848351
    },
    "remote_feature_total_s": 354.6720780786127,
    "cache_hits": 770,
    "cache_misses": 770,
    "cache_hit_rate": 0.5,
    "validation_time_s": {
      "count": 1,
      "total_s": 0.8082806440070271,
      "mean_s": 0.8082806440070271,
      "p50_s": 0.8082806440070271,
      "p90_s": 0.8082806440070271,
      "p99_s": 0.8082806440070271,
      "min_s": 0.8082806440070271,
      "max_s": 0.8082806440070271
    },
    "saving_weights_time_s": {
      "count": 1,
      "total_s": 1.4310702681541443e-05,
      "mean_s": 1.4310702681541443e-05,
      "p50_s": 1.4310702681541443e-05,
      "p90_s": 1.4310702681541443e-05,
      "p99_s": 1.4310702681541443e-05,
      "min_s": 1.4310702681541443e-05,
      "max_s": 1.4310702681541443e-05
    },
    "batch_train_loss_mean": 0.8733679251357293,
    "avg_batch_nodes": 44535.420572916664,
    "avg_batch_edges": 54197.592447916664,
    "avg_seed_node_ratio": 0.005748796518664319,
    "topo_query_sent_ms": null,
    "topo_first_record_ms": null,
    "topo_transfer_ms": null,
    "topo_etl_ms": 37.85073312918668,
    "feat_x_query_sent_ms": null,
    "feat_x_first_record_ms": null,
    "feat_x_transfer_ms": null,
    "feat_x_etl_ms": 60.20080818818858,
    "feat_x_etl_parse_ms": null,
    "feat_y_query_sent_ms": null,
    "feat_y_first_record_ms": null,
    "feat_y_transfer_ms": null,
    "feat_y_etl_ms": null,
    "network_baseline_ms": 302.64730254768745,
    "avg_feat_bytes": 17773889.87012987,
    "sampler_avg_db_exec_time_ms": 0,
    "sampler_avg_network_transfer_ms": 268.374025974026,
    "sampler_avg_driver_overhead_ms": 302.64730254768745,
    "sampler_avg_result_consumed_after_ms": 268.374025974026,
    "sampler_avg_result_available_after_ms": 0.5987012987012987,
    "sampler_avg_client_wall_time_ms": 302.64730254768745,
    "sampler_avg_query_startup_ms": 0.5987012987012987,
    "sampler_avg_exec_serialize_ms": 267.77532467532467,
    "sampler_avg_client_recv_ms": 34.27327657366146,
    "feat_x_avg_db_exec_time_ms": 0,
    "feat_x_avg_network_transfer_ms": 411.53376623376624,
    "feat_x_avg_driver_overhead_ms": 460.4068784260905,
    "feat_x_avg_result_consumed_after_ms": 411.53376623376624,
    "feat_x_avg_result_available_after_ms": 8.867532467532467,
    "feat_x_avg_client_wall_time_ms": 460.4068784260905,
    "feat_x_avg_query_startup_ms": 8.867532467532467,
    "feat_x_avg_exec_serialize_ms": 402.6662337662338,
    "feat_x_avg_client_recv_ms": 48.87311219232424,
    "topo_fetch_ms": 302.64730254768745
  },
  "notes": [
    "GPU/CPU utilization and explicit DB write/query timings are not in the Measurer CSV (unless you log them); this parser will report None for those.",
    "throughput_samples_per_s assumes nbr_training_datapoints is per-epoch; if it's total across training, remove the * epochs_completed multiplier.",
    "remote_feature_total_s is a proxy for time spent waiting on remote feature reads (DB reads)."
  ]
}