{
  "run": {
    "csv": "/Users/victorpekkari/Desktop/neo4j-mpgnn-thesis/experiment_results/sampler_comparison/comparison_6/Neo4jSampler/run_0/measurements.csv",
    "runtime_s": 42.18064229201991,
    "training_time_s": 41.7812299579964,
    "epochs_completed": 100,
    "batches_seen": 400,
    "nbr_training_datapoints": 140.0
  },
  "metrics": {
    "throughput_samples_per_s": 335.07869476495813,
    "epoch_time_s": {
      "count": 100,
      "total_s": 12.159530240984168,
      "mean_s": 0.12159530240984168,
      "p50_s": 0.12026245800370816,
      "p90_s": 0.12508534970111215,
      "p99_s": 0.15566678101226006,
      "min_s": 0.1153420000046026,
      "max_s": 0.18615779202082194
    },
    "sampling_phase_time_s": {
      "count": 400,
      "total_s": 11.523866536124842,
      "mean_s": 0.028809666340312106,
      "p50_s": 0.029371729004196823,
      "p90_s": 0.03247167060908396,
      "p99_s": 0.03659214798739412,
      "min_s": 0.023450209002476186,
      "max_s": 0.09389179098070599
    },
    "training_phase_time_s": {
      "count": 400,
      "total_s": 0.623240895482013,
      "mean_s": 0.0015581022387050325,
      "p50_s": 0.0015567290101898834,
      "p90_s": 0.0017851000011432916,
      "p99_s": 0.002033240506425499,
      "min_s": 0.0011963330034632236,
      "max_s": 0.002143749996321276
    },
    "convergence_time_s": null,
    "converged_epoch": null,
    "avg_cpu_utilization": 16.833333333333332,
    "final_validation_accuracy": 0.7420000229145355,
    "best_validation_accuracy": 0.7660000236193482,
    "time_to_first_validation_accuracy_s": 0.5334108750103042,
    "time_to_best_accuracy_s": 36.69590579200303,
    "final_validation_loss": 0.8750430345535278,
    "best_validation_loss": 0.8594164848327637,
    "time_to_best_loss_s": 40.49811487502302,
    "final_test_accuracy": 0.7770000231002683,
    "best_test_accuracy": 0.7770000231002683,
    "time_to_best_test_accuracy_s": 42.58300012501422,
    "remote_feature_latency_s": {
      "count": 1208,
      "total_s": 22.377469470637152,
      "mean_s": 0.01852439525714996,
      "p50_s": 0.010007562494138256,
      "p90_s": 0.040020067017758267,
      "p99_s": 0.04212585919420236,
      "min_s": 0.006713750015478581,
      "max_s": 0.09042641700943932
    },
    "remote_feature_total_s": 22.377469470637152,
    "cache_hits": 1208,
    "cache_misses": 1208,
    "cache_hit_rate": 0.5,
    "validation_time_s": {
      "count": 100,
      "total_s": 30.012312337988988,
      "mean_s": 0.3001231233798899,
      "p50_s": 0.298303167000995,
      "p90_s": 0.30347078748454803,
      "p99_s": 0.34829875281575373,
      "min_s": 0.28664204201777466,
      "max_s": 0.3598283749888651
    },
    "saving_weights_time_s": {
      "count": 75,
      "total_s": 0.0001812101691029966,
      "mean_s": 2.4161355880399545e-06,
      "p50_s": 2.207991201430559e-06,
      "p90_s": 2.874992787837982e-06,
      "p99_s": 6.294673657976098e-06,
      "min_s": 1.667009200900793e-06,
      "max_s": 7.250026101246476e-06
    },
    "batch_train_loss_mean": 0.5777356961742044,
    "avg_batch_nodes": 404.5275,
    "avg_batch_edges": 574.58,
    "avg_seed_node_ratio": 0.07667179059517064,
    "topo_query_sent_ms": null,
    "topo_first_record_ms": null,
    "topo_transfer_ms": null,
    "topo_etl_ms": 0.39937235673254246,
    "feat_x_query_sent_ms": null,
    "feat_x_first_record_ms": null,
    "feat_x_transfer_ms": null,
    "feat_x_etl_ms": 2.607535558283585,
    "feat_y_query_sent_ms": null,
    "feat_y_first_record_ms": null,
    "feat_y_transfer_ms": null,
    "feat_y_etl_ms": 1.6664738292899908,
    "network_baseline_ms": null
  },
  "notes": [
    "GPU/CPU utilization and explicit DB write/query timings are not in the Measurer CSV (unless you log them); this parser will report None for those.",
    "throughput_samples_per_s assumes nbr_training_datapoints is per-epoch; if it's total across training, remove the * epochs_completed multiplier.",
    "remote_feature_total_s is a proxy for time spent waiting on remote feature reads (DB reads)."
  ]
}