{
  "run": {
    "csv": "/home/victor.pekkari/thesis-folder/neo4j-mpgnn-thesis/experiment_results/results/run_14/measurements.csv",
    "runtime_s": 732.8090113000944,
    "training_time_s": 695.416728741955,
    "epochs_completed": 3,
    "batches_seen": 213,
    "nbr_training_datapoints": 10000.0
  },
  "metrics": {
    "throughput_samples_per_s": 43.13960070283549,
    "epoch_time_s": {
      "count": 3,
      "total_s": 629.612860342022,
      "mean_s": 209.87095344734067,
      "p50_s": 209.54513105284423,
      "p90_s": 210.63092093709855,
      "p99_s": 210.8752236610558,
      "min_s": 209.16536088101566,
      "max_s": 210.90236840816215
    },
    "sampling_phase_time_s": {
      "count": 213,
      "total_s": 627.7136466833763,
      "mean_s": 2.9470124257435506,
      "p50_s": 2.9415377220138907,
      "p90_s": 3.0693499175831676,
      "p99_s": 3.252648408524692,
      "min_s": 2.723470415920019,
      "max_s": 3.3071655379608274
    },
    "training_phase_time_s": {
      "count": 213,
      "total_s": 1.8834624756127596,
      "mean_s": 0.008842546833862722,
      "p50_s": 0.008642088156193495,
      "p90_s": 0.009348685573786496,
      "p99_s": 0.011776532158255576,
      "min_s": 0.0077540758065879345,
      "max_s": 0.016723352950066328
    },
    "convergence_time_s": null,
    "converged_epoch": null,
    "avg_cpu_utilization": null,
    "final_validation_accuracy": 0.7600000223690837,
    "best_validation_accuracy": 0.7600000223690837,
    "time_to_first_validation_accuracy_s": 246.54738033004105,
    "time_to_best_accuracy_s": 732.8089664187282,
    "final_validation_loss": 0.9545505046844482,
    "best_validation_loss": 0.9545505046844482,
    "time_to_best_loss_s": 732.808979857713,
    "final_test_accuracy": 0.6010000181729617,
    "best_test_accuracy": 0.6010000181729617,
    "time_to_best_test_accuracy_s": 756.5245697707869,
    "remote_feature_latency_s": {
      "count": 229,
      "total_s": 633.2830502106808,
      "mean_s": 2.765428166858868,
      "p50_s": 2.4561162716709077,
      "p90_s": 2.6732052435167137,
      "p99_s": 7.923087222408503,
      "min_s": 2.266288544051349,
      "max_s": 8.25149786612019
    },
    "remote_feature_total_s": 633.2830502106808,
    "cache_hits": 229,
    "cache_misses": 229,
    "cache_hit_rate": 0.5,
    "validation_time_s": {
      "count": 3,
      "total_s": 101.9701378964819,
      "mean_s": 33.99004596549397,
      "p50_s": 34.28145281318575,
      "p90_s": 34.39158595968038,
      "p99_s": 34.41636591764167,
      "min_s": 33.269565836992115,
      "max_s": 34.419119246304035
    },
    "saving_weights_time_s": {
      "count": 3,
      "total_s": 2.2936146706342697e-05,
      "mean_s": 7.645382235447565e-06,
      "p50_s": 7.325317710638046e-06,
      "p90_s": 8.93203541636467e-06,
      "p99_s": 9.29354690015316e-06,
      "min_s": 6.277114152908325e-06,
      "max_s": 9.333714842796326e-06
    },
    "batch_train_loss_mean": 1.7801664124632106,
    "avg_batch_nodes": 7839.967136150235,
    "avg_batch_edges": 8292.37089201878,
    "avg_seed_node_ratio": 0.017858156645229467,
    "topo_query_sent_ms": null,
    "topo_first_record_ms": null,
    "topo_transfer_ms": null,
    "topo_etl_ms": 4.545507244928435,
    "feat_x_query_sent_ms": null,
    "feat_x_first_record_ms": null,
    "feat_x_transfer_ms": null,
    "feat_x_etl_ms": 81.2274600017214,
    "feat_y_query_sent_ms": null,
    "feat_y_first_record_ms": null,
    "feat_y_transfer_ms": null,
    "feat_y_etl_ms": null,
    "network_baseline_ms": 46.12826402113808,
    "sampler_avg_db_exec_time_ms": 348.4594398820961,
    "sampler_avg_network_transfer_ms": 36.90737234497817,
    "sampler_avg_driver_overhead_ms": 46.12826402113808,
    "sampler_avg_result_consumed_after_ms": 385.36681222707426,
    "sampler_avg_client_wall_time_ms": 394.58770390323417,
    "feat_x_avg_db_exec_time_ms": 2744.2077108777294,
    "feat_x_avg_network_transfer_ms": 2.552114449781584,
    "feat_x_avg_driver_overhead_ms": 21.094575892335342,
    "feat_x_avg_result_consumed_after_ms": 2746.759825327511,
    "feat_x_avg_client_wall_time_ms": 2765.3022867700647,
    "topo_fetch_ms": 394.58770390323417
  },
  "notes": [
    "GPU/CPU utilization and explicit DB write/query timings are not in the Measurer CSV (unless you log them); this parser will report None for those.",
    "throughput_samples_per_s assumes nbr_training_datapoints is per-epoch; if it's total across training, remove the * epochs_completed multiplier.",
    "remote_feature_total_s is a proxy for time spent waiting on remote feature reads (DB reads)."
  ]
}