{
  "run": {
    "csv": "/home/victor.pekkari/thesis-folder/neo4j-mpgnn-thesis/experiment_results/results/run_7/measurements.csv",
    "runtime_s": 198.88334581628442,
    "training_time_s": 194.7205555550754,
    "epochs_completed": 1,
    "batches_seen": 600,
    "nbr_training_datapoints": 30000.0
  },
  "metrics": {
    "throughput_samples_per_s": 154.06693923238475,
    "epoch_time_s": {
      "count": 1,
      "total_s": 195.2983082169667,
      "mean_s": 195.2983082169667,
      "p50_s": 195.2983082169667,
      "p90_s": 195.2983082169667,
      "p99_s": 195.2983082169667,
      "min_s": 195.2983082169667,
      "max_s": 195.2983082169667
    },
    "sampling_phase_time_s": {
      "count": 600,
      "total_s": 189.27702238596976,
      "mean_s": 0.31546170397661627,
      "p50_s": 0.3084310148842633,
      "p90_s": 0.3386432454455644,
      "p99_s": 0.493511815140955,
      "min_s": 0.2650093277916312,
      "max_s": 0.5784060610458255
    },
    "training_phase_time_s": {
      "count": 600,
      "total_s": 3.664006561972201,
      "mean_s": 0.0061066776032870015,
      "p50_s": 0.0060377418994903564,
      "p90_s": 0.006284220237284898,
      "p99_s": 0.008505406430922447,
      "min_s": 0.005417028907686472,
      "max_s": 0.013526882976293564
    },
    "convergence_time_s": null,
    "converged_epoch": null,
    "avg_cpu_utilization": null,
    "final_validation_accuracy": 0.84,
    "best_validation_accuracy": 0.84,
    "time_to_first_validation_accuracy_s": 198.8832933283411,
    "time_to_best_accuracy_s": 198.8832933283411,
    "final_validation_loss": 0.7267229557037354,
    "best_validation_loss": 0.7267229557037354,
    "time_to_best_loss_s": 198.88330436544493,
    "final_test_accuracy": 0.6580000201175953,
    "best_test_accuracy": 0.6580000201175953,
    "time_to_best_test_accuracy_s": 221.92369190324098,
    "remote_feature_latency_s": {
      "count": 605,
      "total_s": 105.20044019632041,
      "mean_s": 0.17388502511788498,
      "p50_s": 0.13639551401138306,
      "p90_s": 0.1416538119316101,
      "p99_s": 0.3468521713092926,
      "min_s": 0.12782443594187498,
      "max_s": 5.499039177317172
    },
    "remote_feature_total_s": 105.20044019632041,
    "cache_hits": 605,
    "cache_misses": 605,
    "cache_hit_rate": 0.5,
    "validation_time_s": {
      "count": 1,
      "total_s": 1.9143161419779062,
      "mean_s": 1.9143161419779062,
      "p50_s": 1.9143161419779062,
      "p90_s": 1.9143161419779062,
      "p99_s": 1.9143161419779062,
      "min_s": 1.9143161419779062,
      "max_s": 1.9143161419779062
    },
    "saving_weights_time_s": {
      "count": 1,
      "total_s": 1.0023824870586395e-05,
      "mean_s": 1.0023824870586395e-05,
      "p50_s": 1.0023824870586395e-05,
      "p90_s": 1.0023824870586395e-05,
      "p99_s": 1.0023824870586395e-05,
      "min_s": 1.0023824870586395e-05,
      "max_s": 1.0023824870586395e-05
    },
    "batch_train_loss_mean": 1.1796545160313447,
    "avg_batch_nodes": 2818.595,
    "avg_batch_edges": 2965.5016666666666,
    "avg_seed_node_ratio": 0.017742947185719688,
    "topo_query_sent_ms": null,
    "topo_first_record_ms": null,
    "topo_transfer_ms": null,
    "topo_etl_ms": 1.8238158111483598,
    "feat_x_query_sent_ms": null,
    "feat_x_first_record_ms": null,
    "feat_x_transfer_ms": null,
    "feat_x_etl_ms": 28.57657738938189,
    "feat_y_query_sent_ms": null,
    "feat_y_first_record_ms": null,
    "feat_y_transfer_ms": null,
    "feat_y_etl_ms": null,
    "network_baseline_ms": 21.0387771851354,
    "sampler_avg_db_exec_time_ms": 116.16859299008264,
    "sampler_avg_network_transfer_ms": 11.669423538842977,
    "sampler_avg_driver_overhead_ms": 21.0387771851354,
    "sampler_avg_result_consumed_after_ms": 127.83801652892562,
    "sampler_avg_result_available_after_ms": 0.9768595041322314,
    "sampler_avg_client_wall_time_ms": 137.20737017521805,
    "sampler_avg_query_startup_ms": 0.9768595041322314,
    "sampler_avg_exec_serialize_ms": 126.86115702479339,
    "sampler_avg_client_recv_ms": 9.369353646292424,
    "feat_x_avg_db_exec_time_ms": 105.62407000330577,
    "feat_x_avg_network_transfer_ms": 0.9246903272727423,
    "feat_x_avg_driver_overhead_ms": 68.13613146003149,
    "feat_x_avg_result_consumed_after_ms": 106.54876033057852,
    "feat_x_avg_result_available_after_ms": 0.9702479338842975,
    "feat_x_avg_client_wall_time_ms": 173.76020146333727,
    "feat_x_avg_query_startup_ms": 0.9702479338842975,
    "feat_x_avg_exec_serialize_ms": 105.57851239669422,
    "feat_x_avg_client_recv_ms": 67.21144113275875,
    "topo_fetch_ms": 137.20737017521805
  },
  "notes": [
    "GPU/CPU utilization and explicit DB write/query timings are not in the Measurer CSV (unless you log them); this parser will report None for those.",
    "throughput_samples_per_s assumes nbr_training_datapoints is per-epoch; if it's total across training, remove the * epochs_completed multiplier.",
    "remote_feature_total_s is a proxy for time spent waiting on remote feature reads (DB reads)."
  ]
}