{
  "sampler": {
    "plan_meta": {},
    "global": {
      "sample_count": 544,
      "avg_client_wall_time_ms": 5.3834419360261085,
      "avg_result_available_after_ms": 0.5275735294117647,
      "avg_result_consumed_after_ms": 2.4908088235294117,
      "avg_profile_total_time_ms": 0.0,
      "avg_global_memory_bytes": 0.0,
      "avg_root_rows": 0.0,
      "avg_root_db_hits": 0.0,
      "avg_page_cache_hits": 0.0,
      "avg_page_cache_misses": 0.0,
      "avg_db_exec_time_ms": 0,
      "avg_network_transfer_ms": 2.4908088235294117,
      "avg_driver_overhead_ms": 5.3834419360261085,
      "avg_query_startup_ms": 0.5275735294117647,
      "avg_exec_serialize_ms": 1.963235294117647,
      "avg_client_recv_ms": 2.892633112496697
    },
    "operators": [],
    "top_by_time_ms": [],
    "top_by_db_hits": [],
    "top_by_memory_bytes": []
  },
  "feat_x": {
    "plan_meta": {},
    "global": {
      "sample_count": 544,
      "avg_client_wall_time_ms": 32.251006338115346,
      "avg_result_available_after_ms": 1.3363970588235294,
      "avg_result_consumed_after_ms": 20.404411764705884,
      "avg_profile_total_time_ms": 0.0,
      "avg_global_memory_bytes": 0.0,
      "avg_root_rows": 0.0,
      "avg_root_db_hits": 0.0,
      "avg_page_cache_hits": 0.0,
      "avg_page_cache_misses": 0.0,
      "avg_db_exec_time_ms": 0,
      "avg_network_transfer_ms": 20.404411764705884,
      "avg_driver_overhead_ms": 32.251006338115346,
      "avg_query_startup_ms": 1.3363970588235294,
      "avg_exec_serialize_ms": 19.068014705882355,
      "avg_client_recv_ms": 11.846594573409462
    },
    "operators": [],
    "top_by_time_ms": [],
    "top_by_db_hits": [],
    "top_by_memory_bytes": []
  },
  "subphase_metrics": {
    "throughput_samples_per_s": 374.57583270996435,
    "epoch_time_s": {
      "count": 90,
      "total_s": 11.11787902424112,
      "mean_s": 0.12353198915823466,
      "p50_s": 0.12730242894031107,
      "p90_s": 0.13351557734422387,
      "p99_s": 0.13960581863299013,
      "min_s": 0.10099597973749042,
      "max_s": 0.14970464492216706
    },
    "sampling_phase_time_s": {
      "count": 360,
      "total_s": 7.829562419094145,
      "mean_s": 0.02174878449748374,
      "p50_s": 0.021846640156581998,
      "p90_s": 0.025443004118278625,
      "p99_s": 0.03082221622113139,
      "min_s": 0.01449829014018178,
      "max_s": 0.05211126012727618
    },
    "training_phase_time_s": {
      "count": 360,
      "total_s": 3.018026483245194,
      "mean_s": 0.008383406897903317,
      "p50_s": 0.008365710498765111,
      "p90_s": 0.009242002572864293,
      "p99_s": 0.011192156942561288,
      "min_s": 0.006851737853139639,
      "max_s": 0.013480683322995901
    },
    "convergence_time_s": null,
    "converged_epoch": null,
    "avg_cpu_utilization": null,
    "final_validation_accuracy": 0.7740000231290755,
    "best_validation_accuracy": 0.7820000235090551,
    "time_to_first_validation_accuracy_s": 0.4385930090211332,
    "time_to_best_accuracy_s": 21.16998378932476,
    "final_validation_loss": 0.8447532653808594,
    "best_validation_loss": 0.8447532653808594,
    "time_to_best_loss_s": 33.9810815602541,
    "final_test_accuracy": 0.7930000239364996,
    "best_test_accuracy": 0.7930000239364996,
    "time_to_best_test_accuracy_s": 34.37035933509469,
    "remote_feature_latency_s": {
      "count": 544,
      "total_s": 17.723640172742307,
      "mean_s": 0.0325802209057763,
      "p50_s": 0.015355703188106418,
      "p90_s": 0.07668710649013519,
      "p99_s": 0.08785118490457536,
      "min_s": 0.00826679915189743,
      "max_s": 0.09113020775839686
    },
    "remote_feature_total_s": 17.723640172742307,
    "cache_hits": 544,
    "cache_misses": 544,
    "cache_hit_rate": 0.5,
    "validation_time_s": {
      "count": 90,
      "total_s": 22.81140324519947,
      "mean_s": 0.2534600360577719,
      "p50_s": 0.26067692739889026,
      "p90_s": 0.2679819584358484,
      "p99_s": 0.3024025772418826,
      "min_s": 0.20698382100090384,
      "max_s": 0.5116862240247428
    },
    "saving_weights_time_s": {
      "count": 78,
      "total_s": 0.0006022593006491661,
      "mean_s": 7.721273085245719e-06,
      "p50_s": 6.809365004301071e-06,
      "p90_s": 7.497007027268409e-06,
      "p99_s": 2.687549684196735e-05,
      "min_s": 5.1460228860378265e-06,
      "max_s": 7.478008046746254e-05
    },
    "batch_train_loss_mean": 0.628313922519899,
    "avg_batch_nodes": 354.8361111111111,
    "avg_batch_edges": 570.1,
    "avg_seed_node_ratio": 0.08529605351703658,
    "topo_query_sent_ms": null,
    "topo_first_record_ms": null,
    "topo_transfer_ms": null,
    "topo_etl_ms": 0.7985154319184777,
    "feat_x_query_sent_ms": null,
    "feat_x_first_record_ms": null,
    "feat_x_transfer_ms": null,
    "feat_x_etl_ms": 2.1187355476500027,
    "feat_x_etl_parse_ms": null,
    "feat_y_query_sent_ms": null,
    "feat_y_first_record_ms": null,
    "feat_y_transfer_ms": null,
    "feat_y_etl_ms": null,
    "network_baseline_ms": 5.3834419360261085,
    "avg_feat_bytes": 3787081.8235294116,
    "sampler_avg_db_exec_time_ms": 0,
    "sampler_avg_network_transfer_ms": 2.4908088235294117,
    "sampler_avg_driver_overhead_ms": 5.3834419360261085,
    "sampler_avg_result_consumed_after_ms": 2.4908088235294117,
    "sampler_avg_result_available_after_ms": 0.5275735294117647,
    "sampler_avg_client_wall_time_ms": 5.3834419360261085,
    "sampler_avg_query_startup_ms": 0.5275735294117647,
    "sampler_avg_exec_serialize_ms": 1.963235294117647,
    "sampler_avg_client_recv_ms": 2.892633112496697,
    "feat_x_avg_db_exec_time_ms": 0,
    "feat_x_avg_network_transfer_ms": 20.404411764705884,
    "feat_x_avg_driver_overhead_ms": 32.251006338115346,
    "feat_x_avg_result_consumed_after_ms": 20.404411764705884,
    "feat_x_avg_result_available_after_ms": 1.3363970588235294,
    "feat_x_avg_client_wall_time_ms": 32.251006338115346,
    "feat_x_avg_query_startup_ms": 1.3363970588235294,
    "feat_x_avg_exec_serialize_ms": 19.068014705882355,
    "feat_x_avg_client_recv_ms": 11.846594573409462,
    "topo_fetch_ms": 5.3834419360261085
  }
}