{
  "sampler": {
    "plan_meta": {},
    "global": {
      "sample_count": 544,
      "avg_client_wall_time_ms": 5.209410635870881,
      "avg_result_available_after_ms": 0.5147058823529411,
      "avg_result_consumed_after_ms": 2.4338235294117645,
      "avg_profile_total_time_ms": 0.0,
      "avg_global_memory_bytes": 0.0,
      "avg_root_rows": 0.0,
      "avg_root_db_hits": 0.0,
      "avg_page_cache_hits": 0.0,
      "avg_page_cache_misses": 0.0,
      "avg_db_exec_time_ms": 0,
      "avg_network_transfer_ms": 2.4338235294117645,
      "avg_driver_overhead_ms": 5.209410635870881,
      "avg_query_startup_ms": 0.5147058823529411,
      "avg_exec_serialize_ms": 1.9191176470588234,
      "avg_client_recv_ms": 2.775587106459117
    },
    "operators": [],
    "top_by_time_ms": [],
    "top_by_db_hits": [],
    "top_by_memory_bytes": []
  },
  "feat_x": {
    "plan_meta": {},
    "global": {
      "sample_count": 544,
      "avg_client_wall_time_ms": 32.40673759565278,
      "avg_result_available_after_ms": 1.286764705882353,
      "avg_result_consumed_after_ms": 21.50735294117647,
      "avg_profile_total_time_ms": 0.0,
      "avg_global_memory_bytes": 0.0,
      "avg_root_rows": 0.0,
      "avg_root_db_hits": 0.0,
      "avg_page_cache_hits": 0.0,
      "avg_page_cache_misses": 0.0,
      "avg_db_exec_time_ms": 0,
      "avg_network_transfer_ms": 21.50735294117647,
      "avg_driver_overhead_ms": 32.40673759565278,
      "avg_query_startup_ms": 1.286764705882353,
      "avg_exec_serialize_ms": 20.22058823529412,
      "avg_client_recv_ms": 10.899384654476307
    },
    "operators": [],
    "top_by_time_ms": [],
    "top_by_db_hits": [],
    "top_by_memory_bytes": []
  },
  "subphase_metrics": {
    "throughput_samples_per_s": 376.60627727268906,
    "epoch_time_s": {
      "count": 90,
      "total_s": 10.779003906529397,
      "mean_s": 0.11976671007254885,
      "p50_s": 0.11800744757056236,
      "p90_s": 0.1309351770207286,
      "p99_s": 0.14000101441517473,
      "min_s": 0.10423110891133547,
      "max_s": 0.14051879569888115
    },
    "sampling_phase_time_s": {
      "count": 360,
      "total_s": 7.749095187988132,
      "mean_s": 0.021525264411078146,
      "p50_s": 0.021371830021962523,
      "p90_s": 0.0250027462374419,
      "p99_s": 0.030460086367093027,
      "min_s": 0.014731200411915779,
      "max_s": 0.03504329128190875
    },
    "training_phase_time_s": {
      "count": 360,
      "total_s": 2.770902642980218,
      "mean_s": 0.007696951786056161,
      "p50_s": 0.007518308470025659,
      "p90_s": 0.008726343372836709,
      "p99_s": 0.010380095900036395,
      "min_s": 0.006058765109628439,
      "max_s": 0.01272052712738514
    },
    "convergence_time_s": null,
    "converged_epoch": null,
    "avg_cpu_utilization": null,
    "final_validation_accuracy": 0.7680000232066959,
    "best_validation_accuracy": 0.7760000234416334,
    "time_to_first_validation_accuracy_s": 0.4408378452062607,
    "time_to_best_accuracy_s": 28.20610877405852,
    "final_validation_loss": 0.8551890850067139,
    "best_validation_loss": 0.8549749851226807,
    "time_to_best_loss_s": 33.415590514894575,
    "final_test_accuracy": 0.7740000231103201,
    "best_test_accuracy": 0.7740000231103201,
    "time_to_best_test_accuracy_s": 34.06263500312343,
    "remote_feature_latency_s": {
      "count": 544,
      "total_s": 17.799137535039335,
      "mean_s": 0.03271900282176349,
      "p50_s": 0.015580813400447369,
      "p90_s": 0.07494660299271345,
      "p99_s": 0.08351536090951416,
      "min_s": 0.008378647733479738,
      "max_s": 0.08664537314325571
    },
    "remote_feature_total_s": 17.799137535039335,
    "cache_hits": 544,
    "cache_misses": 544,
    "cache_hit_rate": 0.5,
    "validation_time_s": {
      "count": 90,
      "total_s": 22.94074237346649,
      "mean_s": 0.254897137482961,
      "p50_s": 0.25399431120604277,
      "p90_s": 0.2683496554847807,
      "p99_s": 0.29950788295362135,
      "min_s": 0.2125937039963901,
      "max_s": 0.4785552890971303
    },
    "saving_weights_time_s": {
      "count": 86,
      "total_s": 0.0005684420466423035,
      "mean_s": 6.609791240026784e-06,
      "p50_s": 6.118789315223694e-06,
      "p90_s": 7.131602615118027e-06,
      "p99_s": 1.5863147564232464e-05,
      "min_s": 5.078036338090897e-06,
      "max_s": 3.2969750463962555e-05
    },
    "batch_train_loss_mean": 0.672156515924467,
    "avg_batch_nodes": 353.7472222222222,
    "avg_batch_edges": 568.6861111111111,
    "avg_seed_node_ratio": 0.08561100255223743,
    "topo_query_sent_ms": null,
    "topo_first_record_ms": null,
    "topo_transfer_ms": null,
    "topo_etl_ms": 0.7878706537132316,
    "feat_x_query_sent_ms": null,
    "feat_x_first_record_ms": null,
    "feat_x_transfer_ms": null,
    "feat_x_etl_ms": 2.444668715778629,
    "feat_x_etl_parse_ms": null,
    "feat_y_query_sent_ms": null,
    "feat_y_first_record_ms": null,
    "feat_y_transfer_ms": null,
    "feat_y_etl_ms": null,
    "network_baseline_ms": 5.209410635870881,
    "avg_feat_bytes": 3785775.2647058824,
    "sampler_avg_db_exec_time_ms": 0,
    "sampler_avg_network_transfer_ms": 2.4338235294117645,
    "sampler_avg_driver_overhead_ms": 5.209410635870881,
    "sampler_avg_result_consumed_after_ms": 2.4338235294117645,
    "sampler_avg_result_available_after_ms": 0.5147058823529411,
    "sampler_avg_client_wall_time_ms": 5.209410635870881,
    "sampler_avg_query_startup_ms": 0.5147058823529411,
    "sampler_avg_exec_serialize_ms": 1.9191176470588234,
    "sampler_avg_client_recv_ms": 2.775587106459117,
    "feat_x_avg_db_exec_time_ms": 0,
    "feat_x_avg_network_transfer_ms": 21.50735294117647,
    "feat_x_avg_driver_overhead_ms": 32.40673759565278,
    "feat_x_avg_result_consumed_after_ms": 21.50735294117647,
    "feat_x_avg_result_available_after_ms": 1.286764705882353,
    "feat_x_avg_client_wall_time_ms": 32.40673759565278,
    "feat_x_avg_query_startup_ms": 1.286764705882353,
    "feat_x_avg_exec_serialize_ms": 20.22058823529412,
    "feat_x_avg_client_recv_ms": 10.899384654476307,
    "topo_fetch_ms": 5.209410635870881
  }
}