{
  "run": {
    "csv": "/var/lib/neo4j/data/projects/neo4j-mpgnn-thesis/experiment_results/report_files/rq_bottlenecks/baseline_neo4j/papers100M/measurements.csv",
    "runtime_s": 2264.12432154594,
    "training_time_s": 2199.9187429281883,
    "epochs_completed": 1,
    "batches_seen": 9431,
    "nbr_training_datapoints": 1207179.0
  },
  "metrics": {
    "throughput_samples_per_s": 548.7379949284817,
    "epoch_time_s": {
      "count": 1,
      "total_s": 2200.23758416716,
      "mean_s": 2200.23758416716,
      "p50_s": 2200.23758416716,
      "p90_s": 2200.23758416716,
      "p99_s": 2200.23758416716,
      "min_s": 2200.23758416716,
      "max_s": 2200.23758416716
    },
    "sampling_phase_time_s": {
      "count": 9431,
      "total_s": 2047.402623661328,
      "mean_s": 0.2170928452615129,
      "p50_s": 0.1986989751458168,
      "p90_s": 0.22979444777593017,
      "p99_s": 0.535702927503735,
      "min_s": 0.14469234412536025,
      "max_s": 0.7113448977470398
    },
    "training_phase_time_s": {
      "count": 9431,
      "total_s": 102.84621963370591,
      "mean_s": 0.010905123489948671,
      "p50_s": 0.011156119871884584,
      "p90_s": 0.013730100821703672,
      "p99_s": 0.015273444540798665,
      "min_s": 0.005647206213325262,
      "max_s": 0.02098541520535946
    },
    "convergence_time_s": null,
    "converged_epoch": null,
    "avg_cpu_utilization": null,
    "final_validation_accuracy": 0.4790000138274426,
    "best_validation_accuracy": 0.4790000138274426,
    "time_to_first_validation_accuracy_s": 2264.124262048863,
    "time_to_best_accuracy_s": 2264.124262048863,
    "final_validation_loss": 1.8820085525512693,
    "best_validation_loss": 1.8820085525512693,
    "time_to_best_loss_s": 2264.124272358138,
    "final_test_accuracy": 0.4560000133451781,
    "best_test_accuracy": 0.4560000133451781,
    "time_to_best_test_accuracy_s": 2286.718267790973,
    "remote_feature_latency_s": {
      "count": 9439,
      "total_s": 1155.8877973095514,
      "mean_s": 0.12245871356177046,
      "p50_s": 0.11619239998981357,
      "p90_s": 0.13006443958729505,
      "p99_s": 0.4014245021156969,
      "min_s": 0.0368265388533473,
      "max_s": 0.6040668352507055
    },
    "remote_feature_total_s": 1155.8877973095514,
    "cache_hits": 9439,
    "cache_misses": 9439,
    "cache_hit_rate": 0.5,
    "validation_time_s": {
      "count": 1,
      "total_s": 23.01579628093168,
      "mean_s": 23.01579628093168,
      "p50_s": 23.01579628093168,
      "p90_s": 23.01579628093168,
      "p99_s": 23.01579628093168,
      "min_s": 23.01579628093168,
      "max_s": 23.01579628093168
    },
    "saving_weights_time_s": {
      "count": 1,
      "total_s": 8.641742169857025e-06,
      "mean_s": 8.641742169857025e-06,
      "p50_s": 8.641742169857025e-06,
      "p90_s": 8.641742169857025e-06,
      "p99_s": 8.641742169857025e-06,
      "min_s": 8.641742169857025e-06,
      "max_s": 8.641742169857025e-06
    },
    "batch_train_loss_mean": 1.8240292248626286,
    "avg_batch_nodes": 2757.184497932351,
    "avg_batch_edges": 2854.4109850493055,
    "avg_seed_node_ratio": 0.04669462340521915,
    "topo_query_sent_ms": null,
    "topo_first_record_ms": null,
    "topo_transfer_ms": null,
    "topo_etl_ms": 1.4236960298614503,
    "feat_x_query_sent_ms": null,
    "feat_x_first_record_ms": null,
    "feat_x_transfer_ms": null,
    "feat_x_etl_ms": 3.1729060901455806,
    "feat_x_etl_parse_ms": 39.804811826517856,
    "feat_y_query_sent_ms": null,
    "feat_y_first_record_ms": null,
    "feat_y_transfer_ms": null,
    "feat_y_etl_ms": null,
    "network_baseline_ms": null,
    "avg_feat_bytes": 1412024.182222693
  },
  "notes": [
    "GPU/CPU utilization and explicit DB write/query timings are not in the Measurer CSV (unless you log them); this parser will report None for those.",
    "throughput_samples_per_s assumes nbr_training_datapoints is per-epoch; if it's total across training, remove the * epochs_completed multiplier.",
    "remote_feature_total_s is a proxy for time spent waiting on remote feature reads (DB reads)."
  ]
}