{
  "sampler": {
    "plan_meta": {},
    "global": {
      "sample_count": 9439,
      "avg_client_wall_time_ms": 15.046522115077103,
      "avg_result_available_after_ms": 0.5841720521241657,
      "avg_result_consumed_after_ms": 10.544549210721474,
      "avg_profile_total_time_ms": 0.0,
      "avg_global_memory_bytes": 0.0,
      "avg_root_rows": 0.0,
      "avg_root_db_hits": 0.0,
      "avg_page_cache_hits": 0.0,
      "avg_page_cache_misses": 0.0,
      "avg_db_exec_time_ms": 0,
      "avg_network_transfer_ms": 10.544549210721474,
      "avg_driver_overhead_ms": 15.046522115077103,
      "avg_query_startup_ms": 0.5841720521241657,
      "avg_exec_serialize_ms": 9.960377158597309,
      "avg_client_recv_ms": 4.501972904355629
    },
    "operators": [],
    "top_by_time_ms": [],
    "top_by_db_hits": [],
    "top_by_memory_bytes": []
  },
  "feat_x": {
    "plan_meta": {},
    "global": {
      "sample_count": 9439,
      "avg_client_wall_time_ms": 126.7483742592006,
      "avg_result_available_after_ms": 0.9066638415086344,
      "avg_result_consumed_after_ms": 38.659709715012184,
      "avg_profile_total_time_ms": 0.0,
      "avg_global_memory_bytes": 0.0,
      "avg_root_rows": 0.0,
      "avg_root_db_hits": 0.0,
      "avg_page_cache_hits": 0.0,
      "avg_page_cache_misses": 0.0,
      "avg_db_exec_time_ms": 0,
      "avg_network_transfer_ms": 38.659709715012184,
      "avg_driver_overhead_ms": 126.7483742592006,
      "avg_query_startup_ms": 0.9066638415086344,
      "avg_exec_serialize_ms": 37.75304587350355,
      "avg_client_recv_ms": 88.08866454418842
    },
    "operators": [],
    "top_by_time_ms": [],
    "top_by_db_hits": [],
    "top_by_memory_bytes": []
  },
  "subphase_metrics": {
    "throughput_samples_per_s": 618.8845855435927,
    "epoch_time_s": {
      "count": 1,
      "total_s": 1951.0020617870614,
      "mean_s": 1951.0020617870614,
      "p50_s": 1951.0020617870614,
      "p90_s": 1951.0020617870614,
      "p99_s": 1951.0020617870614,
      "min_s": 1951.0020617870614,
      "max_s": 1951.0020617870614
    },
    "sampling_phase_time_s": {
      "count": 9431,
      "total_s": 1803.8098654146306,
      "mean_s": 0.19126390259936704,
      "p50_s": 0.16760700102895498,
      "p90_s": 0.20140950195491314,
      "p99_s": 0.4755685548763723,
      "min_s": 0.11599042499437928,
      "max_s": 0.6337595689110458
    },
    "training_phase_time_s": {
      "count": 9431,
      "total_s": 99.95823436463252,
      "mean_s": 0.010598900897532872,
      "p50_s": 0.010696329642087221,
      "p90_s": 0.013199420180171728,
      "p99_s": 0.015472357673570516,
      "min_s": 0.0059569901786744595,
      "max_s": 0.02318835025653243
    },
    "convergence_time_s": null,
    "converged_epoch": null,
    "avg_cpu_utilization": null,
    "final_validation_accuracy": 0.5070000146997385,
    "best_validation_accuracy": 0.5070000146997385,
    "time_to_first_validation_accuracy_s": 2012.459934426006,
    "time_to_best_accuracy_s": 2012.459934426006,
    "final_validation_loss": 1.781952738761902,
    "best_validation_loss": 1.781952738761902,
    "time_to_best_loss_s": 2012.4599432861432,
    "final_test_accuracy": 0.4670000133337453,
    "best_test_accuracy": 0.4670000133337453,
    "time_to_best_test_accuracy_s": 2034.4154578750022,
    "remote_feature_latency_s": {
      "count": 9439,
      "total_s": 1197.748003208544,
      "mean_s": 0.1268935271965827,
      "p50_s": 0.11634593084454536,
      "p90_s": 0.13106542387977244,
      "p99_s": 0.4104515199549499,
      "min_s": 0.03783141169697046,
      "max_s": 0.5764708048664033
    },
    "remote_feature_total_s": 1197.748003208544,
    "cache_hits": 9439,
    "cache_misses": 9439,
    "cache_hit_rate": 0.5,
    "validation_time_s": {
      "count": 1,
      "total_s": 23.24041172116995,
      "mean_s": 23.24041172116995,
      "p50_s": 23.24041172116995,
      "p90_s": 23.24041172116995,
      "p99_s": 23.24041172116995,
      "min_s": 23.24041172116995,
      "max_s": 23.24041172116995
    },
    "saving_weights_time_s": {
      "count": 1,
      "total_s": 8.726958185434341e-06,
      "mean_s": 8.726958185434341e-06,
      "p50_s": 8.726958185434341e-06,
      "p90_s": 8.726958185434341e-06,
      "p99_s": 8.726958185434341e-06,
      "min_s": 8.726958185434341e-06,
      "max_s": 8.726958185434341e-06
    },
    "batch_train_loss_mean": 1.8165959074039397,
    "avg_batch_nodes": 2764.5283639062663,
    "avg_batch_edges": 2861.587530484572,
    "avg_seed_node_ratio": 0.04657161649226844,
    "topo_query_sent_ms": null,
    "topo_first_record_ms": null,
    "topo_transfer_ms": null,
    "topo_etl_ms": 1.4113114571721956,
    "feat_x_query_sent_ms": null,
    "feat_x_first_record_ms": null,
    "feat_x_transfer_ms": null,
    "feat_x_etl_ms": 3.152246792305512,
    "feat_x_etl_parse_ms": 40.7662180071121,
    "feat_y_query_sent_ms": null,
    "feat_y_first_record_ms": null,
    "feat_y_transfer_ms": null,
    "feat_y_etl_ms": null,
    "network_baseline_ms": 15.046522115077103,
    "avg_feat_bytes": 1415793.530670622,
    "sampler_avg_db_exec_time_ms": 0,
    "sampler_avg_network_transfer_ms": 10.544549210721474,
    "sampler_avg_driver_overhead_ms": 15.046522115077103,
    "sampler_avg_result_consumed_after_ms": 10.544549210721474,
    "sampler_avg_result_available_after_ms": 0.5841720521241657,
    "sampler_avg_client_wall_time_ms": 15.046522115077103,
    "sampler_avg_query_startup_ms": 0.5841720521241657,
    "sampler_avg_exec_serialize_ms": 9.960377158597309,
    "sampler_avg_client_recv_ms": 4.501972904355629,
    "feat_x_avg_db_exec_time_ms": 0,
    "feat_x_avg_network_transfer_ms": 38.659709715012184,
    "feat_x_avg_driver_overhead_ms": 126.7483742592006,
    "feat_x_avg_result_consumed_after_ms": 38.659709715012184,
    "feat_x_avg_result_available_after_ms": 0.9066638415086344,
    "feat_x_avg_client_wall_time_ms": 126.7483742592006,
    "feat_x_avg_query_startup_ms": 0.9066638415086344,
    "feat_x_avg_exec_serialize_ms": 37.75304587350355,
    "feat_x_avg_client_recv_ms": 88.08866454418842,
    "topo_fetch_ms": 15.046522115077103
  }
}