{
  "run": {
    "csv": "/var/lib/neo4j/data/projects/neo4j-mpgnn-thesis/experiment_results/results/run_11_2026-05-13/baseline_pyg/run_4/measurements.csv",
    "runtime_s": 2.983372775837779,
    "training_time_s": 2.912553490139544,
    "epochs_completed": 90,
    "batches_seen": 360,
    "nbr_training_datapoints": 140.0
  },
  "metrics": {
    "throughput_samples_per_s": 4326.100805584284,
    "epoch_time_s": {
      "count": 90,
      "total_s": 2.0074714375659823,
      "mean_s": 0.02230523819517758,
      "p50_s": 0.02212162665091455,
      "p90_s": 0.022797933872789146,
      "p99_s": 0.02796301467344164,
      "min_s": 0.020828685257583857,
      "max_s": 0.03822306916117668
    },
    "sampling_phase_time_s": {
      "count": 360,
      "total_s": 0.3320830059237778,
      "mean_s": 0.0009224527942327162,
      "p50_s": 0.0009092898108065128,
      "p90_s": 0.0009610395878553391,
      "p99_s": 0.0011854918999597436,
      "min_s": 0.0008348342962563038,
      "max_s": 0.0024783583357930183
    },
    "training_phase_time_s": {
      "count": 360,
      "total_s": 1.4247022815980017,
      "mean_s": 0.003957506337772227,
      "p50_s": 0.0039188864175230265,
      "p90_s": 0.004105021525174379,
      "p99_s": 0.0047443236457184,
      "min_s": 0.003524334169924259,
      "max_s": 0.008325599133968353
    },
    "convergence_time_s": null,
    "converged_epoch": null,
    "avg_cpu_utilization": null,
    "final_validation_accuracy": 0.7600000228992374,
    "best_validation_accuracy": 0.7780000233915864,
    "time_to_first_validation_accuracy_s": 0.10575315216556191,
    "time_to_best_accuracy_s": 1.6719390428625047,
    "final_validation_loss": 0.858797550201416,
    "best_validation_loss": 0.8517162799835205,
    "time_to_best_loss_s": 2.715668798889965,
    "final_test_accuracy": 0.7870000238803312,
    "best_test_accuracy": 0.7870000238803312,
    "time_to_best_test_accuracy_s": 3.013520412147045,
    "remote_feature_latency_s": {
      "count": 0,
      "total_s": 0.0,
      "mean_s": null,
      "p50_s": null,
      "p90_s": null,
      "p99_s": null,
      "min_s": null,
      "max_s": null
    },
    "remote_feature_total_s": 0.0,
    "cache_hits": 0,
    "cache_misses": 0,
    "cache_hit_rate": null,
    "validation_time_s": {
      "count": 90,
      "total_s": 0.9172970559448004,
      "mean_s": 0.010192189510497782,
      "p50_s": 0.010078405262902379,
      "p90_s": 0.010628301883116364,
      "p99_s": 0.011850152136757969,
      "min_s": 0.009461013600230217,
      "max_s": 0.014877357985824347
    },
    "saving_weights_time_s": {
      "count": 69,
      "total_s": 0.00038418732583522797,
      "mean_s": 5.567932258481565e-06,
      "p50_s": 5.2852556109428406e-06,
      "p90_s": 6.032921373844147e-06,
      "p99_s": 1.110007986426352e-05,
      "min_s": 4.665926098823547e-06,
      "max_s": 1.262221485376358e-05
    },
    "batch_train_loss_mean": 0.6338228260166943,
    "avg_batch_nodes": 356.59166666666664,
    "avg_batch_edges": 572.0138888888889,
    "avg_seed_node_ratio": 0.08490670959440942,
    "topo_query_sent_ms": null,
    "topo_first_record_ms": null,
    "topo_transfer_ms": null,
    "topo_etl_ms": null,
    "feat_x_query_sent_ms": null,
    "feat_x_first_record_ms": null,
    "feat_x_transfer_ms": null,
    "feat_x_etl_ms": null,
    "feat_x_etl_parse_ms": null,
    "feat_y_query_sent_ms": null,
    "feat_y_first_record_ms": null,
    "feat_y_transfer_ms": null,
    "feat_y_etl_ms": null,
    "network_baseline_ms": null,
    "avg_feat_bytes": null
  },
  "notes": [
    "GPU/CPU utilization and explicit DB write/query timings are not in the Measurer CSV (unless you log them); this parser will report None for those.",
    "throughput_samples_per_s assumes nbr_training_datapoints is per-epoch; if it's total across training, remove the * epochs_completed multiplier.",
    "remote_feature_total_s is a proxy for time spent waiting on remote feature reads (DB reads)."
  ]
}