{
  "run": {
    "csv": "/Users/victorpekkari/Desktop/neo4j-mpgnn-thesis/experiment_results/results/run_1_2026-03-25/measurements.csv",
    "runtime_s": 18.74724766705185,
    "training_time_s": 17.577041000011377,
    "epochs_completed": 90,
    "batches_seen": 360,
    "nbr_training_datapoints": 140.0
  },
  "metrics": {
    "throughput_samples_per_s": 716.844206029436,
    "epoch_time_s": {
      "count": 90,
      "total_s": 15.285769626963884,
      "mean_s": 0.16984188474404316,
      "p50_s": 0.07368795850197785,
      "p90_s": 0.0793535327888094,
      "p99_s": 3.5014632638939642,
      "min_s": 0.06588220898993313,
      "max_s": 5.442111749958713
    },
    "sampling_phase_time_s": {
      "count": 360,
      "total_s": 13.196324878605083,
      "mean_s": 0.03665645799612523,
      "p50_s": 0.016822125006001443,
      "p90_s": 0.0194158163794782,
      "p99_s": 0.7998300299426804,
      "min_s": 0.013348708976991475,
      "max_s": 1.2757714579929598
    },
    "training_phase_time_s": {
      "count": 360,
      "total_s": 1.9182565223891288,
      "mean_s": 0.005328490339969802,
      "p50_s": 0.001353437517536804,
      "p90_s": 0.0015649249835405499,
      "p99_s": 0.16111587724124818,
      "min_s": 0.0011254159617237747,
      "max_s": 0.27043783402768895
    },
    "convergence_time_s": null,
    "converged_epoch": null,
    "avg_cpu_utilization": null,
    "final_validation_accuracy": 0.87,
    "best_validation_accuracy": 0.9,
    "time_to_first_validation_accuracy_s": 5.565559208043851,
    "time_to_best_accuracy_s": 15.660297250025906,
    "final_validation_loss": 0.5159481167793274,
    "best_validation_loss": 0.5032817721366882,
    "time_to_best_loss_s": 18.419422125036363,
    "final_test_accuracy": 0.7890000232888771,
    "best_test_accuracy": 0.7890000232888771,
    "time_to_best_test_accuracy_s": 18.893467458023224,
    "remote_feature_latency_s": {
      "count": 454,
      "total_s": 11.667939835286234,
      "mean_s": 0.0257003080072384,
      "p50_s": 0.009200333501212299,
      "p90_s": 0.019143000163603572,
      "p99_s": 0.6787156450003378,
      "min_s": 0.006691957998555154,
      "max_s": 1.2107488749898039
    },
    "remote_feature_total_s": 11.667939835286234,
    "cache_hits": 454,
    "cache_misses": 454,
    "cache_hit_rate": 0.5,
    "validation_time_s": {
      "count": 90,
      "total_s": 3.387291419378016,
      "mean_s": 0.037636571326422404,
      "p50_s": 0.036908333480823785,
      "p90_s": 0.039421229093568405,
      "p99_s": 0.05013793377031107,
      "min_s": 0.034781458030920476,
      "max_s": 0.050847375008743256
    },
    "saving_weights_time_s": {
      "count": 60,
      "total_s": 0.000169417355209589,
      "mean_s": 2.8236225868264834e-06,
      "p50_s": 2.04198295250535e-06,
      "p90_s": 2.724694786593318e-06,
      "p99_s": 1.8196685705333856e-05,
      "min_s": 1.500011421740055e-06,
      "max_s": 3.425002796575427e-05
    },
    "batch_train_loss_mean": 0.6040169005540924,
    "avg_batch_nodes": 357.93333333333334,
    "avg_batch_edges": 572.325,
    "avg_seed_node_ratio": 0.08471566401286705,
    "topo_query_sent_ms": null,
    "topo_first_record_ms": null,
    "topo_transfer_ms": null,
    "topo_etl_ms": 0.17421213435091176,
    "feat_x_query_sent_ms": null,
    "feat_x_first_record_ms": null,
    "feat_x_transfer_ms": null,
    "feat_x_etl_ms": 2.803953507446401,
    "feat_x_etl_parse_ms": 2.297243401859497,
    "feat_y_query_sent_ms": null,
    "feat_y_first_record_ms": null,
    "feat_y_transfer_ms": null,
    "feat_y_etl_ms": null,
    "network_baseline_ms": 3.836511921879117,
    "sampler_avg_db_exec_time_ms": 2.466102568281938,
    "sampler_avg_network_transfer_ms": 0.21891945814977998,
    "sampler_avg_driver_overhead_ms": 3.836511921879117,
    "sampler_avg_result_consumed_after_ms": 2.685022026431718,
    "sampler_avg_result_available_after_ms": 0.19383259911894274,
    "sampler_avg_client_wall_time_ms": 6.302614490161055,
    "sampler_avg_query_startup_ms": 0.19383259911894274,
    "sampler_avg_exec_serialize_ms": 2.4911894273127753,
    "sampler_avg_client_recv_ms": 3.617592463729337,
    "feat_x_avg_db_exec_time_ms": 1.3141226453744494,
    "feat_x_avg_network_transfer_ms": 0.13301391850220257,
    "feat_x_avg_driver_overhead_ms": 24.325803463269004,
    "feat_x_avg_result_consumed_after_ms": 1.447136563876652,
    "feat_x_avg_result_available_after_ms": 0.15418502202643172,
    "feat_x_avg_client_wall_time_ms": 25.639926108643454,
    "feat_x_avg_query_startup_ms": 0.15418502202643172,
    "feat_x_avg_exec_serialize_ms": 1.2929515418502202,
    "feat_x_avg_client_recv_ms": 24.192789544766804,
    "topo_fetch_ms": 6.302614490161055
  },
  "notes": [
    "GPU/CPU utilization and explicit DB write/query timings are not in the Measurer CSV (unless you log them); this parser will report None for those.",
    "throughput_samples_per_s assumes nbr_training_datapoints is per-epoch; if it's total across training, remove the * epochs_completed multiplier.",
    "remote_feature_total_s is a proxy for time spent waiting on remote feature reads (DB reads)."
  ]
}