{
  "sampler": {
    "plan_meta": {},
    "global": {
      "sample_count": 727,
      "avg_client_wall_time_ms": 21.0472630398371,
      "avg_result_available_after_ms": 0.9738651994497937,
      "avg_result_consumed_after_ms": 13.723521320495186,
      "avg_profile_total_time_ms": 0.0,
      "avg_global_memory_bytes": 0.0,
      "avg_root_rows": 0.0,
      "avg_root_db_hits": 0.0,
      "avg_page_cache_hits": 0.0,
      "avg_page_cache_misses": 0.0,
      "avg_db_exec_time_ms": 0,
      "avg_network_transfer_ms": 13.723521320495186,
      "avg_driver_overhead_ms": 21.0472630398371,
      "avg_query_startup_ms": 0.9738651994497937,
      "avg_exec_serialize_ms": 12.749656121045392,
      "avg_client_recv_ms": 7.323741719341916
    },
    "operators": [],
    "top_by_time_ms": [],
    "top_by_db_hits": [],
    "top_by_memory_bytes": []
  },
  "feat_x": {
    "plan_meta": {},
    "global": {
      "sample_count": 727,
      "avg_client_wall_time_ms": 4202.704098094844,
      "avg_result_available_after_ms": 1.5213204951856947,
      "avg_result_consumed_after_ms": 607.5103163686382,
      "avg_profile_total_time_ms": 0.0,
      "avg_global_memory_bytes": 0.0,
      "avg_root_rows": 0.0,
      "avg_root_db_hits": 0.0,
      "avg_page_cache_hits": 0.0,
      "avg_page_cache_misses": 0.0,
      "avg_db_exec_time_ms": 0,
      "avg_network_transfer_ms": 607.5103163686382,
      "avg_driver_overhead_ms": 4202.704098094844,
      "avg_query_startup_ms": 1.5213204951856947,
      "avg_exec_serialize_ms": 605.9889958734525,
      "avg_client_recv_ms": 3595.193781726206
    },
    "operators": [],
    "top_by_time_ms": [],
    "top_by_db_hits": [],
    "top_by_memory_bytes": []
  },
  "subphase_metrics": {
    "throughput_samples_per_s": 18.722099127343498,
    "epoch_time_s": {
      "count": 2,
      "total_s": 1743.9676896813326,
      "mean_s": 871.9838448406663,
      "p50_s": 871.9838448406663,
      "p90_s": 875.1466592147481,
      "p99_s": 875.8582924489165,
      "min_s": 868.030326873064,
      "max_s": 875.9373628082685
    },
    "sampling_phase_time_s": {
      "count": 646,
      "total_s": 1728.9732525581494,
      "mean_s": 2.676429183526547,
      "p50_s": 2.692365171154961,
      "p90_s": 3.0841658762656152,
      "p99_s": 3.3742586030857633,
      "min_s": 1.7834768653847277,
      "max_s": 3.501093433238566
    },
    "training_phase_time_s": {
      "count": 646,
      "total_s": 10.16038317605853,
      "mean_s": 0.015728147331359955,
      "p50_s": 0.015594504540786147,
      "p90_s": 0.0170028458815068,
      "p99_s": 0.019339872081764027,
      "min_s": 0.013112626038491726,
      "max_s": 0.03235295694321394
    },
    "convergence_time_s": null,
    "converged_epoch": null,
    "avg_cpu_utilization": null,
    "final_validation_accuracy": 0.9566540955075192,
    "best_validation_accuracy": 0.958828638847494,
    "time_to_first_validation_accuracy_s": 1345.768319282215,
    "time_to_best_accuracy_s": 1345.768319282215,
    "final_validation_loss": 0.151628702878952,
    "best_validation_loss": 0.151628702878952,
    "time_to_best_loss_s": 2679.6311086099595,
    "final_test_accuracy": 0.9498550299990188,
    "best_test_accuracy": 0.9498550299990188,
    "time_to_best_test_accuracy_s": 3148.927470718045,
    "remote_feature_latency_s": {
      "count": 727,
      "total_s": 3055.4684321959503,
      "mean_s": 4.202845161204883,
      "p50_s": 2.6645576148293912,
      "p90_s": 15.745568254776297,
      "p99_s": 18.374801521403715,
      "min_s": 1.714242053218186,
      "max_s": 18.778778200037777
    },
    "remote_feature_total_s": 3055.4684321959503,
    "cache_hits": 727,
    "cache_misses": 727,
    "cache_hit_rate": 0.5,
    "validation_time_s": {
      "count": 2,
      "total_s": 935.2226187833585,
      "mean_s": 467.61130939167924,
      "p50_s": 467.61130939167924,
      "p90_s": 469.0344343619887,
      "p99_s": 469.3546374803083,
      "min_s": 465.83240317879245,
      "max_s": 469.39021560456604
    },
    "saving_weights_time_s": {
      "count": 2,
      "total_s": 1.9892118871212006e-05,
      "mean_s": 9.946059435606003e-06,
      "p50_s": 9.946059435606003e-06,
      "p90_s": 1.1958833783864976e-05,
      "p99_s": 1.2411708012223243e-05,
      "min_s": 7.430091500282288e-06,
      "max_s": 1.2462027370929718e-05
    },
    "batch_train_loss_mean": 0.1989033114101634,
    "avg_batch_nodes": 4228.411764705882,
    "avg_batch_edges": 7106.3792569659445,
    "avg_seed_node_ratio": 0.01520572684932766,
    "topo_query_sent_ms": null,
    "topo_first_record_ms": null,
    "topo_transfer_ms": null,
    "topo_etl_ms": 4.021739348912665,
    "feat_x_query_sent_ms": null,
    "feat_x_first_record_ms": null,
    "feat_x_transfer_ms": null,
    "feat_x_etl_ms": 62.3232550372048,
    "feat_x_etl_parse_ms": null,
    "feat_y_query_sent_ms": null,
    "feat_y_first_record_ms": null,
    "feat_y_transfer_ms": null,
    "feat_y_etl_ms": null,
    "network_baseline_ms": 21.0472630398371,
    "avg_feat_bytes": 172437031.6093535,
    "sampler_avg_db_exec_time_ms": 0,
    "sampler_avg_network_transfer_ms": 13.723521320495186,
    "sampler_avg_driver_overhead_ms": 21.0472630398371,
    "sampler_avg_result_consumed_after_ms": 13.723521320495186,
    "sampler_avg_result_available_after_ms": 0.9738651994497937,
    "sampler_avg_client_wall_time_ms": 21.0472630398371,
    "sampler_avg_query_startup_ms": 0.9738651994497937,
    "sampler_avg_exec_serialize_ms": 12.749656121045392,
    "sampler_avg_client_recv_ms": 7.323741719341916,
    "feat_x_avg_db_exec_time_ms": 0,
    "feat_x_avg_network_transfer_ms": 607.5103163686382,
    "feat_x_avg_driver_overhead_ms": 4202.704098094844,
    "feat_x_avg_result_consumed_after_ms": 607.5103163686382,
    "feat_x_avg_result_available_after_ms": 1.5213204951856947,
    "feat_x_avg_client_wall_time_ms": 4202.704098094844,
    "feat_x_avg_query_startup_ms": 1.5213204951856947,
    "feat_x_avg_exec_serialize_ms": 605.9889958734525,
    "feat_x_avg_client_recv_ms": 3595.193781726206,
    "topo_fetch_ms": 21.0472630398371
  }
}