{
  "run": {
    "csv": "/home/victor.pekkari/thesis-folder/neo4j-mpgnn-thesis/experiment_results/results/run_16_2026-05-12/measurements.csv",
    "runtime_s": 5.790276522282511,
    "training_time_s": 5.4031589650548995,
    "epochs_completed": 20,
    "batches_seen": 0,
    "nbr_training_datapoints": 120.0
  },
  "metrics": {
    "throughput_samples_per_s": 444.1845993282958,
    "epoch_time_s": {
      "count": 20,
      "total_s": 0.004418165422976017,
      "mean_s": 0.00022090827114880086,
      "p50_s": 0.00012770458124578,
      "p90_s": 0.00029551130719483,
      "p99_s": 0.0010505422484129666,
      "min_s": 0.00011824583634734154,
      "max_s": 0.0010795560665428638
    },
    "sampling_phase_time_s": {
      "count": 0,
      "total_s": 0.0,
      "mean_s": null,
      "p50_s": null,
      "p90_s": null,
      "p99_s": null,
      "min_s": null,
      "max_s": null
    },
    "training_phase_time_s": {
      "count": 0,
      "total_s": 0.0,
      "mean_s": null,
      "p50_s": null,
      "p90_s": null,
      "p99_s": null,
      "min_s": null,
      "max_s": null
    },
    "convergence_time_s": null,
    "converged_epoch": null,
    "avg_cpu_utilization": null,
    "final_validation_accuracy": 0.1520000036660826,
    "best_validation_accuracy": 0.1520000036660826,
    "time_to_first_validation_accuracy_s": 0.4336968120187521,
    "time_to_best_accuracy_s": 0.4336968120187521,
    "final_validation_loss": 1.7993288040161133,
    "best_validation_loss": 1.7993288040161133,
    "time_to_best_loss_s": 0.4337079389952123,
    "final_test_accuracy": 0.1570000041773992,
    "best_test_accuracy": 0.1570000041773992,
    "time_to_best_test_accuracy_s": 6.235379270277917,
    "remote_feature_latency_s": {
      "count": 44,
      "total_s": 4.6076740603893995,
      "mean_s": 0.10471986500884999,
      "p50_s": 0.10849010362289846,
      "p90_s": 0.1132910983171314,
      "p99_s": 0.12703494407236576,
      "min_s": 0.06174325291067362,
      "max_s": 0.13490571919828653
    },
    "remote_feature_total_s": 4.6076740603893995,
    "cache_hits": 44,
    "cache_misses": 44,
    "cache_hit_rate": 0.5,
    "validation_time_s": {
      "count": 20,
      "total_s": 5.688181579113007,
      "mean_s": 0.2844090789556503,
      "p50_s": 0.2889398541301489,
      "p90_s": 0.29782238537445666,
      "p99_s": 0.3291578386072069,
      "min_s": 0.2607764941640198,
      "max_s": 0.33550950000062585
    },
    "saving_weights_time_s": {
      "count": 1,
      "total_s": 8.062925189733505e-06,
      "mean_s": 8.062925189733505e-06,
      "p50_s": 8.062925189733505e-06,
      "p90_s": 8.062925189733505e-06,
      "p99_s": 8.062925189733505e-06,
      "min_s": 8.062925189733505e-06,
      "max_s": 8.062925189733505e-06
    },
    "batch_train_loss_mean": null,
    "avg_batch_nodes": null,
    "avg_batch_edges": null,
    "avg_seed_node_ratio": null,
    "topo_query_sent_ms": null,
    "topo_first_record_ms": null,
    "topo_transfer_ms": null,
    "topo_etl_ms": 1.070553680289198,
    "feat_x_query_sent_ms": null,
    "feat_x_first_record_ms": null,
    "feat_x_transfer_ms": null,
    "feat_x_etl_ms": 5.639816126362844,
    "feat_x_etl_parse_ms": null,
    "feat_y_query_sent_ms": null,
    "feat_y_first_record_ms": null,
    "feat_y_transfer_ms": null,
    "feat_y_etl_ms": null,
    "network_baseline_ms": 6.61774383942512,
    "avg_feat_bytes": 19467007.636363637,
    "sampler_avg_db_exec_time_ms": 0,
    "sampler_avg_network_transfer_ms": 4.318181818181818,
    "sampler_avg_driver_overhead_ms": 6.61774383942512,
    "sampler_avg_result_consumed_after_ms": 4.318181818181818,
    "sampler_avg_result_available_after_ms": 0.5227272727272727,
    "sampler_avg_client_wall_time_ms": 6.61774383942512,
    "sampler_avg_query_startup_ms": 0.5227272727272727,
    "sampler_avg_exec_serialize_ms": 3.795454545454546,
    "sampler_avg_client_recv_ms": 2.2995620212433012,
    "feat_x_avg_db_exec_time_ms": 0,
    "feat_x_avg_network_transfer_ms": 62.06818181818182,
    "feat_x_avg_driver_overhead_ms": 104.58838862409307,
    "feat_x_avg_result_consumed_after_ms": 62.06818181818182,
    "feat_x_avg_result_available_after_ms": 0.6590909090909091,
    "feat_x_avg_client_wall_time_ms": 104.58838862409307,
    "feat_x_avg_query_startup_ms": 0.6590909090909091,
    "feat_x_avg_exec_serialize_ms": 61.409090909090914,
    "feat_x_avg_client_recv_ms": 42.52020680591125,
    "topo_fetch_ms": 6.61774383942512
  },
  "notes": [
    "GPU/CPU utilization and explicit DB write/query timings are not in the Measurer CSV (unless you log them); this parser will report None for those.",
    "throughput_samples_per_s assumes nbr_training_datapoints is per-epoch; if it's total across training, remove the * epochs_completed multiplier.",
    "remote_feature_total_s is a proxy for time spent waiting on remote feature reads (DB reads)."
  ]
}