{
  "run": {
    "csv": "/home/victor.pekkari/thesis-folder/neo4j-mpgnn-thesis/experiment_results/results/run_16_2026-05-12/measurements.csv",
    "runtime_s": 59.96040128590539,
    "training_time_s": 59.58359151985496,
    "epochs_completed": 200,
    "batches_seen": 0,
    "nbr_training_datapoints": 120.0
  },
  "metrics": {
    "throughput_samples_per_s": 402.7954574037806,
    "epoch_time_s": {
      "count": 200,
      "total_s": 0.030438903253525496,
      "mean_s": 0.00015219451626762747,
      "p50_s": 0.00013849372044205666,
      "p90_s": 0.000166300218552351,
      "p99_s": 0.0002756925439462012,
      "min_s": 0.00011504488065838814,
      "max_s": 0.001478400081396103
    },
    "sampling_phase_time_s": {
      "count": 0,
      "total_s": 0.0,
      "mean_s": null,
      "p50_s": null,
      "p90_s": null,
      "p99_s": null,
      "min_s": null,
      "max_s": null
    },
    "training_phase_time_s": {
      "count": 0,
      "total_s": 0.0,
      "mean_s": null,
      "p50_s": null,
      "p90_s": null,
      "p99_s": null,
      "min_s": null,
      "max_s": null
    },
    "convergence_time_s": null,
    "converged_epoch": null,
    "avg_cpu_utilization": null,
    "final_validation_accuracy": 0.1300000034913909,
    "best_validation_accuracy": 0.1300000034913909,
    "time_to_first_validation_accuracy_s": 0.4282476780936122,
    "time_to_best_accuracy_s": 0.4282476780936122,
    "final_validation_loss": 1.8075437545776367,
    "best_validation_loss": 1.8075437545776367,
    "time_to_best_loss_s": 0.4282584311440587,
    "final_test_accuracy": 0.1220000039641584,
    "best_test_accuracy": 0.1220000039641584,
    "time_to_best_test_accuracy_s": 60.384256621822715,
    "remote_feature_latency_s": {
      "count": 404,
      "total_s": 45.003527586814016,
      "mean_s": 0.11139487026439113,
      "p50_s": 0.10953734861686826,
      "p90_s": 0.12477774377912283,
      "p99_s": 0.1333455353789031,
      "min_s": 0.06262603588402271,
      "max_s": 0.14347113901749253
    },
    "remote_feature_total_s": 45.003527586814016,
    "cache_hits": 404,
    "cache_misses": 404,
    "cache_hit_rate": 0.5,
    "validation_time_s": {
      "count": 200,
      "total_s": 59.82701559504494,
      "mean_s": 0.2991350779752247,
      "p50_s": 0.29375751316547394,
      "p90_s": 0.32603936376981435,
      "p99_s": 0.3434432001830995,
      "min_s": 0.2627294072881341,
      "max_s": 0.510926810093224
    },
    "saving_weights_time_s": {
      "count": 1,
      "total_s": 8.375849574804306e-06,
      "mean_s": 8.375849574804306e-06,
      "p50_s": 8.375849574804306e-06,
      "p90_s": 8.375849574804306e-06,
      "p99_s": 8.375849574804306e-06,
      "min_s": 8.375849574804306e-06,
      "max_s": 8.375849574804306e-06
    },
    "batch_train_loss_mean": null,
    "avg_batch_nodes": null,
    "avg_batch_edges": null,
    "avg_seed_node_ratio": null,
    "topo_query_sent_ms": null,
    "topo_first_record_ms": null,
    "topo_transfer_ms": null,
    "topo_etl_ms": 1.1330545075366845,
    "feat_x_query_sent_ms": null,
    "feat_x_first_record_ms": null,
    "feat_x_transfer_ms": null,
    "feat_x_etl_ms": 6.067407660942414,
    "feat_x_etl_parse_ms": null,
    "feat_y_query_sent_ms": null,
    "feat_y_first_record_ms": null,
    "feat_y_transfer_ms": null,
    "feat_y_etl_ms": null,
    "network_baseline_ms": 7.263897925080491,
    "avg_feat_bytes": 19714185.386138614,
    "sampler_avg_db_exec_time_ms": 0,
    "sampler_avg_network_transfer_ms": 3.7797029702970297,
    "sampler_avg_driver_overhead_ms": 7.263897925080491,
    "sampler_avg_result_consumed_after_ms": 3.7797029702970297,
    "sampler_avg_result_available_after_ms": 0.5247524752475248,
    "sampler_avg_client_wall_time_ms": 7.263897925080491,
    "sampler_avg_query_startup_ms": 0.5247524752475248,
    "sampler_avg_exec_serialize_ms": 3.254950495049505,
    "sampler_avg_client_recv_ms": 3.4841949547834616,
    "feat_x_avg_db_exec_time_ms": 0,
    "feat_x_avg_network_transfer_ms": 43.913366336633665,
    "feat_x_avg_driver_overhead_ms": 111.25220865988643,
    "feat_x_avg_result_consumed_after_ms": 43.913366336633665,
    "feat_x_avg_result_available_after_ms": 0.5693069306930693,
    "feat_x_avg_client_wall_time_ms": 111.25220865988643,
    "feat_x_avg_query_startup_ms": 0.5693069306930693,
    "feat_x_avg_exec_serialize_ms": 43.3440594059406,
    "feat_x_avg_client_recv_ms": 67.33884232325278,
    "topo_fetch_ms": 7.263897925080491
  },
  "notes": [
    "GPU/CPU utilization and explicit DB write/query timings are not in the Measurer CSV (unless you log them); this parser will report None for those.",
    "throughput_samples_per_s assumes nbr_training_datapoints is per-epoch; if it's total across training, remove the * epochs_completed multiplier.",
    "remote_feature_total_s is a proxy for time spent waiting on remote feature reads (DB reads)."
  ]
}