{
  "run": {
    "csv": "/var/lib/neo4j/data/projects/neo4j-mpgnn-thesis/experiment_results/report_files/rq_bottlenecks/baseline_neo4j/arxiv/measurements.csv",
    "runtime_s": 75.45612035738304,
    "training_time_s": 73.52555112820119,
    "epochs_completed": 1,
    "batches_seen": 710,
    "nbr_training_datapoints": 90941.0
  },
  "metrics": {
    "throughput_samples_per_s": 1236.8625410428106,
    "epoch_time_s": {
      "count": 1,
      "total_s": 73.65977230295539,
      "mean_s": 73.65977230295539,
      "p50_s": 73.65977230295539,
      "p90_s": 73.65977230295539,
      "p99_s": 73.65977230295539,
      "min_s": 73.65977230295539,
      "max_s": 73.65977230295539
    },
    "sampling_phase_time_s": {
      "count": 710,
      "total_s": 68.72029577707872,
      "mean_s": 0.09678914898180101,
      "p50_s": 0.0914160474203527,
      "p90_s": 0.10526068420149386,
      "p99_s": 0.2955949072958901,
      "min_s": 0.07033599494025111,
      "max_s": 0.33646478317677975
    },
    "training_phase_time_s": {
      "count": 710,
      "total_s": 3.475497940555215,
      "mean_s": 0.0048950675219087535,
      "p50_s": 0.004831140162423253,
      "p90_s": 0.005223152972757816,
      "p99_s": 0.006557954768650233,
      "min_s": 0.004312993958592415,
      "max_s": 0.010668499395251274
    },
    "convergence_time_s": null,
    "converged_epoch": null,
    "avg_cpu_utilization": null,
    "final_validation_accuracy": 0.4880000146362802,
    "best_validation_accuracy": 0.4880000146362802,
    "time_to_first_validation_accuracy_s": 75.45607671234757,
    "time_to_best_accuracy_s": 75.45607671234757,
    "final_validation_loss": 1.9197654724121092,
    "best_validation_loss": 1.9197654724121092,
    "time_to_best_loss_s": 75.45608483208343,
    "final_test_accuracy": 0.4430000133378881,
    "best_test_accuracy": 0.4430000133378881,
    "time_to_best_test_accuracy_s": 75.89422131842002,
    "remote_feature_latency_s": {
      "count": 718,
      "total_s": 43.92468813387677,
      "mean_s": 0.06117644586890915,
      "p50_s": 0.05893244710750878,
      "p90_s": 0.06741582793183626,
      "p99_s": 0.09519483090844007,
      "min_s": 0.012800924014300108,
      "max_s": 0.29846718069165945
    },
    "remote_feature_total_s": 43.92468813387677,
    "cache_hits": 718,
    "cache_misses": 718,
    "cache_hit_rate": 0.5,
    "validation_time_s": {
      "count": 1,
      "total_s": 0.6217758422717452,
      "mean_s": 0.6217758422717452,
      "p50_s": 0.6217758422717452,
      "p90_s": 0.6217758422717452,
      "p99_s": 0.6217758422717452,
      "min_s": 0.6217758422717452,
      "max_s": 0.6217758422717452
    },
    "saving_weights_time_s": {
      "count": 1,
      "total_s": 1.0292045772075653e-05,
      "mean_s": 1.0292045772075653e-05,
      "p50_s": 1.0292045772075653e-05,
      "p90_s": 1.0292045772075653e-05,
      "p99_s": 1.0292045772075653e-05,
      "min_s": 1.0292045772075653e-05,
      "max_s": 1.0292045772075653e-05
    },
    "batch_train_loss_mean": 2.4590959743714667,
    "avg_batch_nodes": 1395.881690140845,
    "avg_batch_edges": 1463.2394366197184,
    "avg_seed_node_ratio": 0.09256688466623623,
    "topo_query_sent_ms": null,
    "topo_first_record_ms": null,
    "topo_transfer_ms": null,
    "topo_etl_ms": 0.7705554063885905,
    "feat_x_query_sent_ms": null,
    "feat_x_first_record_ms": null,
    "feat_x_transfer_ms": null,
    "feat_x_etl_ms": 1.6743934727572216,
    "feat_x_etl_parse_ms": 18.303661665575667,
    "feat_y_query_sent_ms": null,
    "feat_y_first_record_ms": null,
    "feat_y_transfer_ms": null,
    "feat_y_etl_ms": null,
    "network_baseline_ms": null,
    "avg_feat_bytes": 714177.2479108635
  },
  "notes": [
    "GPU/CPU utilization and explicit DB write/query timings are not in the Measurer CSV (unless you log them); this parser will report None for those.",
    "throughput_samples_per_s assumes nbr_training_datapoints is per-epoch; if it's total across training, remove the * epochs_completed multiplier.",
    "remote_feature_total_s is a proxy for time spent waiting on remote feature reads (DB reads)."
  ]
}