{
  "run": {
    "csv": "/var/lib/neo4j/data/projects/neo4j-mpgnn-thesis/experiment_results/results/run_11_2026-05-13/baseline_pyg/run_0/measurements.csv",
    "runtime_s": 3.0886446591466665,
    "training_time_s": 3.0083256061188877,
    "epochs_completed": 90,
    "batches_seen": 360,
    "nbr_training_datapoints": 140.0
  },
  "metrics": {
    "throughput_samples_per_s": 4188.376409246324,
    "epoch_time_s": {
      "count": 90,
      "total_s": 2.0644821138121188,
      "mean_s": 0.022938690153467986,
      "p50_s": 0.022405620431527495,
      "p90_s": 0.025324037810787563,
      "p99_s": 0.031444157869555046,
      "min_s": 0.019122008699923754,
      "max_s": 0.04303572839125991
    },
    "sampling_phase_time_s": {
      "count": 360,
      "total_s": 0.3395559825003147,
      "mean_s": 0.0009432110625008742,
      "p50_s": 0.000916625140234828,
      "p90_s": 0.001046032179147005,
      "p99_s": 0.0014793397625908285,
      "min_s": 0.0007200413383543491,
      "max_s": 0.003103683702647686
    },
    "training_phase_time_s": {
      "count": 360,
      "total_s": 1.4753285557962954,
      "mean_s": 0.004098134877211931,
      "p50_s": 0.003985804971307516,
      "p90_s": 0.004650968918576837,
      "p99_s": 0.005686477138660851,
      "min_s": 0.003345252014696598,
      "max_s": 0.009455184917896986
    },
    "convergence_time_s": null,
    "converged_epoch": null,
    "avg_cpu_utilization": null,
    "final_validation_accuracy": 0.764000022871664,
    "best_validation_accuracy": 0.7820000235815762,
    "time_to_first_validation_accuracy_s": 0.12015619315207005,
    "time_to_best_accuracy_s": 2.9746469231322408,
    "final_validation_loss": 0.8681701421737671,
    "best_validation_loss": 0.8572347164154053,
    "time_to_best_loss_s": 3.011443871073425,
    "final_test_accuracy": 0.777000023634173,
    "best_test_accuracy": 0.777000023634173,
    "time_to_best_test_accuracy_s": 3.1224232483655214,
    "remote_feature_latency_s": {
      "count": 0,
      "total_s": 0.0,
      "mean_s": null,
      "p50_s": null,
      "p90_s": null,
      "p99_s": null,
      "min_s": null,
      "max_s": null
    },
    "remote_feature_total_s": 0.0,
    "cache_hits": 0,
    "cache_misses": 0,
    "cache_hit_rate": null,
    "validation_time_s": {
      "count": 90,
      "total_s": 0.9585744878277183,
      "mean_s": 0.010650827642530203,
      "p50_s": 0.010346175404265523,
      "p90_s": 0.01185568287037313,
      "p99_s": 0.014136982280761002,
      "min_s": 0.009114988148212433,
      "max_s": 0.015439541079103947
    },
    "saving_weights_time_s": {
      "count": 72,
      "total_s": 0.0004387092776596546,
      "mean_s": 6.093184411939647e-06,
      "p50_s": 5.8962032198905945e-06,
      "p90_s": 7.063429802656174e-06,
      "p99_s": 9.64847393333912e-06,
      "min_s": 4.6943314373493195e-06,
      "max_s": 9.743031114339828e-06
    },
    "batch_train_loss_mean": 0.6598035179906421,
    "avg_batch_nodes": 355.15833333333336,
    "avg_batch_edges": 568.2027777777778,
    "avg_seed_node_ratio": 0.0853188260670033,
    "topo_query_sent_ms": null,
    "topo_first_record_ms": null,
    "topo_transfer_ms": null,
    "topo_etl_ms": null,
    "feat_x_query_sent_ms": null,
    "feat_x_first_record_ms": null,
    "feat_x_transfer_ms": null,
    "feat_x_etl_ms": null,
    "feat_x_etl_parse_ms": null,
    "feat_y_query_sent_ms": null,
    "feat_y_first_record_ms": null,
    "feat_y_transfer_ms": null,
    "feat_y_etl_ms": null,
    "network_baseline_ms": null,
    "avg_feat_bytes": null
  },
  "notes": [
    "GPU/CPU utilization and explicit DB write/query timings are not in the Measurer CSV (unless you log them); this parser will report None for those.",
    "throughput_samples_per_s assumes nbr_training_datapoints is per-epoch; if it's total across training, remove the * epochs_completed multiplier.",
    "remote_feature_total_s is a proxy for time spent waiting on remote feature reads (DB reads)."
  ]
}