{
  "run": {
    "csv": "/Users/victorpekkari/Desktop/neo4j-mpgnn-thesis/experiment_results/sampler_comparison/comparison_15/Neo4jNeighborSampler/run_10/measurements.csv",
    "runtime_s": 47.77350695800851,
    "training_time_s": 45.846154665981885,
    "epochs_completed": 100,
    "batches_seen": 400,
    "nbr_training_datapoints": 140.0
  },
  "metrics": {
    "throughput_samples_per_s": 305.3691220561205,
    "epoch_time_s": {
      "count": 100,
      "total_s": 12.764041907852516,
      "mean_s": 0.12764041907852516,
      "p50_s": 0.12494789599440992,
      "p90_s": 0.13592495449993294,
      "p99_s": 0.1457119417606739,
      "min_s": 0.11915012501413003,
      "max_s": 0.19099045800976455
    },
    "sampling_phase_time_s": {
      "count": 400,
      "total_s": 12.148241620510817,
      "mean_s": 0.03037060405127704,
      "p50_s": 0.031085562019143254,
      "p90_s": 0.03371761219168548,
      "p99_s": 0.04339605623710668,
      "min_s": 0.024344708013813943,
      "max_s": 0.06228766599087976
    },
    "training_phase_time_s": {
      "count": 400,
      "total_s": 0.5839273220917676,
      "mean_s": 0.0014598183052294189,
      "p50_s": 0.0014159374841256067,
      "p90_s": 0.0016823035111883655,
      "p99_s": 0.0019258134395931836,
      "min_s": 0.0010751249792519957,
      "max_s": 0.01337016699835658
    },
    "convergence_time_s": null,
    "converged_epoch": null,
    "avg_cpu_utilization": 56.95434782608696,
    "final_validation_accuracy": 0.7580000228767635,
    "best_validation_accuracy": 0.7800000236316232,
    "time_to_first_validation_accuracy_s": 2.0284699170151725,
    "time_to_best_accuracy_s": 30.660364708019188,
    "final_validation_loss": 0.8443248271942139,
    "best_validation_loss": 0.8377441167831421,
    "time_to_best_loss_s": 46.39546291701845,
    "final_test_accuracy": 0.7780000228426772,
    "best_test_accuracy": 0.7780000228426772,
    "time_to_best_test_accuracy_s": 48.77280329199857,
    "remote_feature_latency_s": {
      "count": 0,
      "total_s": 0.0,
      "mean_s": null,
      "p50_s": null,
      "p90_s": null,
      "p99_s": null,
      "min_s": null,
      "max_s": null
    },
    "remote_feature_total_s": 0.0,
    "cache_hits": 0,
    "cache_misses": 0,
    "cache_hit_rate": null,
    "validation_time_s": {
      "count": 100,
      "total_s": 33.49891092177131,
      "mean_s": 0.33498910921771313,
      "p50_s": 0.332599895511521,
      "p90_s": 0.3459655747021316,
      "p99_s": 0.3917765696006245,
      "min_s": 0.3177202909719199,
      "max_s": 0.39969108399236575
    },
    "saving_weights_time_s": {
      "count": 63,
      "total_s": 0.0001517919299658388,
      "mean_s": 2.4093957137434728e-06,
      "p50_s": 2.374988980591297e-06,
      "p90_s": 2.7917907573282718e-06,
      "p99_s": 4.914038581773651e-06,
      "min_s": 1.7499842215329409e-06,
      "max_s": 7.833004929125309e-06
    },
    "batch_train_loss_mean": 0.5434021068015136,
    "avg_batch_nodes": 356.195,
    "avg_batch_edges": 567.9675,
    "avg_seed_node_ratio": 0.08597226940264395
  },
  "notes": [
    "GPU/CPU utilization and explicit DB write/query timings are not in the Measurer CSV (unless you log them); this parser will report None for those.",
    "throughput_samples_per_s assumes nbr_training_datapoints is per-epoch; if it's total across training, remove the * epochs_completed multiplier.",
    "remote_feature_total_s is a proxy for time spent waiting on remote feature reads (DB reads)."
  ]
}