{
  "config": {
    "dataset_name": "cora",
    "training_dataset_config": "cora",
    "training_implementation_config": "baseline_neo4j",
    "node_label": "Paper",
    "edge_type": "CITES",
    "feature_property": "embedding_bytes",
    "feature_property_type": "byte[]",
    "target_property": "subject",
    "nodeid_property": "id",
    "split_property_name": "split",
    "split_property_type": "str",
    "feature_dim": 1433,
    "nbr_classes": 7,
    "node_counts": [
      1,
      2,
      4,
      8,
      16,
      32,
      64,
      128,
      256,
      512,
      1024,
      2048
    ],
    "nbr_runs": 5,
    "inference_batch_size": 256,
    "max_neighbors": 10
  },
  "model": {
    "model_class": "GCN",
    "hidden_dim1": 64,
    "hidden_dim2": 64,
    "checkpoint_path": null,
    "model_name": "experiment_gcn",
    "strategies": [
      "full_graph",
      "neighborhood_sampling",
      "in_db_java"
    ]
  },
  "results": {
    "1": {
      "full_graph": {
        "accuracy": {
          "mean": 0.6,
          "ci95": 0.480099989585503
        },
        "total_time_s": {
          "mean": 0.003111850400455296,
          "ci95": 0.0002555667621025926
        },
        "ms_per_node": {
          "mean": 3.111850400455296,
          "ci95": 0.25556676210259266
        },
        "throughput_nodes_per_s": {
          "mean": 323.60715936988515,
          "ci95": 26.407401039587914
        },
        "peak_memory_mb": {
          "mean": 0.0035076141357421875,
          "ci95": 9.737087514756903e-05
        },
        "p50_batch_ms": {
          "mean": null,
          "ci95": null
        },
        "p95_batch_ms": {
          "mean": null,
          "ci95": null
        },
        "n_batches": {
          "mean": 1.0,
          "ci95": 0.0
        }
      },
      "neighborhood_sampling": {
        "accuracy": {
          "mean": 0.6,
          "ci95": 0.480099989585503
        },
        "total_time_s": {
          "mean": 0.03352318364195526,
          "ci95": 0.04999562716217008
        },
        "ms_per_node": {
          "mean": 33.52318364195526,
          "ci95": 49.995627162170074
        },
        "throughput_nodes_per_s": {
          "mean": 130.74658009714494,
          "ci95": 82.12631964730659
        },
        "peak_memory_mb": {
          "mean": 0.21830310821533203,
          "ci95": 0.10590975058125336
        },
        "p50_batch_ms": {
          "mean": 0.8000751957297325,
          "ci95": 0.12698196805838666
        },
        "p95_batch_ms": {
          "mean": 0.8000751957297325,
          "ci95": 0.12698196805838666
        },
        "n_batches": {
          "mean": 1.0,
          "ci95": 0.0
        }
      }
    },
    "2": {
      "full_graph": {
        "accuracy": {
          "mean": 0.7,
          "ci95": 0.39199999999999996
        },
        "total_time_s": {
          "mean": 0.004099133377894759,
          "ci95": 0.0013873687679152563
        },
        "ms_per_node": {
          "mean": 2.0495666889473796,
          "ci95": 0.6936843839576282
        },
        "throughput_nodes_per_s": {
          "mean": 533.9826020781327,
          "ci95": 134.82701434086326
        },
        "peak_memory_mb": {
          "mean": 0.0035778045654296874,
          "ci95": 0.00011721191151989819
        },
        "p50_batch_ms": {
          "mean": null,
          "ci95": null
        },
        "p95_batch_ms": {
          "mean": null,
          "ci95": null
        },
        "n_batches": {
          "mean": 1.0,
          "ci95": 0.0
        }
      },
      "neighborhood_sampling": {
        "accuracy": {
          "mean": 0.8,
          "ci95": 0.39199999999999996
        },
        "total_time_s": {
          "mean": 0.028838933003135024,
          "ci95": 0.04538178605710494
        },
        "ms_per_node": {
          "mean": 14.419466501567513,
          "ci95": 22.690893028552477
        },
        "throughput_nodes_per_s": {
          "mean": 294.39997779065664,
          "ci95": 148.0760921203332
        },
        "peak_memory_mb": {
          "mean": 0.3020490646362305,
          "ci95": 0.13567301459066697
        },
        "p50_batch_ms": {
          "mean": 0.9066497907042503,
          "ci95": 0.3360647941025013
        },
        "p95_batch_ms": {
          "mean": 0.9066497907042503,
          "ci95": 0.3360647941025013
        },
        "n_batches": {
          "mean": 1.0,
          "ci95": 0.0
        }
      }
    },
    "4": {
      "full_graph": {
        "accuracy": {
          "mean": 0.9,
          "ci95": 0.12002499739637572
        },
        "total_time_s": {
          "mean": 0.002406825381331146,
          "ci95": 8.466599562166545e-05
        },
        "ms_per_node": {
          "mean": 0.6017063453327864,
          "ci95": 0.021166498905416366
        },
        "throughput_nodes_per_s": {
          "mean": 1664.1199511624684,
          "ci95": 59.543052929343595
        },
        "peak_memory_mb": {
          "mean": 0.003411865234375,
          "ci95": 3.81317138671875e-05
        },
        "p50_batch_ms": {
          "mean": null,
          "ci95": null
        },
        "p95_batch_ms": {
          "mean": null,
          "ci95": null
        },
        "n_batches": {
          "mean": 1.0,
          "ci95": 0.0
        }
      },
      "neighborhood_sampling": {
        "accuracy": {
          "mean": 0.9,
          "ci95": 0.12002499739637572
        },
        "total_time_s": {
          "mean": 0.005887758219614625,
          "ci95": 0.000903529782242823
        },
        "ms_per_node": {
          "mean": 1.4719395549036562,
          "ci95": 0.22588244556070575
        },
        "throughput_nodes_per_s": {
          "mean": 695.4661563215361,
          "ci95": 102.02304208661884
        },
        "peak_memory_mb": {
          "mean": 0.6981348037719727,
          "ci95": 0.17263635643735417
        },
        "p50_batch_ms": {
          "mean": 0.6335917627438903,
          "ci95": 0.04729596033880416
        },
        "p95_batch_ms": {
          "mean": 0.6335917627438903,
          "ci95": 0.04729596033880416
        },
        "n_batches": {
          "mean": 1.0,
          "ci95": 0.0
        }
      }
    },
    "8": {
      "full_graph": {
        "accuracy": {
          "mean": 0.925,
          "ci95": 0.06001249869818787
        },
        "total_time_s": {
          "mean": 0.002581783034838736,
          "ci95": 0.00020080798414204217
        },
        "ms_per_node": {
          "mean": 0.322722879354842,
          "ci95": 0.02510099801775527
        },
        "throughput_nodes_per_s": {
          "mean": 3117.499489908016,
          "ci95": 233.158000827483
        },
        "peak_memory_mb": {
          "mean": 0.003411865234375,
          "ci95": 3.81317138671875e-05
        },
        "p50_batch_ms": {
          "mean": null,
          "ci95": null
        },
        "p95_batch_ms": {
          "mean": null,
          "ci95": null
        },
        "n_batches": {
          "mean": 1.0,
          "ci95": 0.0
        }
      },
      "neighborhood_sampling": {
        "accuracy": {
          "mean": 0.9,
          "ci95": 0.09167060597596156
        },
        "total_time_s": {
          "mean": 0.008819850021973252,
          "ci95": 0.0014142851302398442
        },
        "ms_per_node": {
          "mean": 1.1024812527466565,
          "ci95": 0.17678564127998053
        },
        "throughput_nodes_per_s": {
          "mean": 928.5264909192945,
          "ci95": 129.6003017289585
        },
        "peak_memory_mb": {
          "mean": 1.1884531021118163,
          "ci95": 0.14891721951668052
        },
        "p50_batch_ms": {
          "mean": 0.727575202472508,
          "ci95": 0.0745960321746168
        },
        "p95_batch_ms": {
          "mean": 0.727575202472508,
          "ci95": 0.0745960321746168
        },
        "n_batches": {
          "mean": 1.0,
          "ci95": 0.0
        }
      }
    },