{
  "config": {
    "dataset_name": "cora",
    "training_dataset_config": "cora",
    "training_implementation_config": "baseline_neo4j",
    "node_label": "Paper",
    "edge_type": "CITES",
    "feature_property": "embedding_bytes",
    "feature_property_type": "byte[]",
    "target_property": "subject",
    "nodeid_property": "id",
    "split_property_name": "split",
    "split_property_type": "str",
    "feature_dim": 1433,
    "nbr_classes": 7,
    "node_counts": [
      1,
      2,
      4,
      8,
      16,
      32,
      64,
      128,
      256,
      512,
      1024,
      2048
    ],
    "nbr_runs": 5,
    "inference_batch_size": 256,
    "num_neighbors": 10,
    "num_hops": 2,
    "planetoid_root": "data/Planetoid",
    "planetoid_name": "Cora"
  },
  "model": {
    "model_class": "GCN",
    "hidden_dim1": 64,
    "hidden_dim2": 64,
    "checkpoint_path": null,
    "model_name": "experiment_gcn",
    "strategies": [
      "full_graph",
      "neighborhood_sampling",
      "in_db_java"
    ]
  },
  "results": {
    "1": {
      "full_graph": {
        "accuracy": {
          "mean": 0.6,
          "ci95": 0.480099989585503
        },
        "total_time_s": {
          "mean": 0.007434516167268157,
          "ci95": 0.0001862916056463393
        },
        "ms_per_node": {
          "mean": 7.434516167268157,
          "ci95": 0.18629160564633931
        },
        "throughput_nodes_per_s": {
          "mean": 134.593423036552,
          "ci95": 3.2844588294048713
        },
        "peak_memory_mb": {
          "mean": 0.010619544982910156,
          "ci95": 0.002087583177266835
        },
        "p50_batch_ms": {
          "mean": 0.5836500553414226,
          "ci95": 0.035976937409613906
        },
        "p95_batch_ms": {
          "mean": 0.5836500553414226,
          "ci95": 0.035976937409613906
        },
        "n_batches": {
          "mean": 1.0,
          "ci95": 0.0
        }
      },
      "neighborhood_sampling": {
        "accuracy": {
          "mean": 0.6,
          "ci95": 0.480099989585503
        },
        "total_time_s": {
          "mean": 0.043834116822108624,
          "ci95": 0.0691764808996017
        },
        "ms_per_node": {
          "mean": 43.834116822108626,
          "ci95": 69.17648089960167
        },
        "throughput_nodes_per_s": {
          "mean": 119.53008185024468,
          "ci95": 78.60626547645239
        },
        "peak_memory_mb": {
          "mean": 0.28064918518066406,
          "ci95": 0.14093889660559378
        },
        "p50_batch_ms": {
          "mean": 0.6195251829922199,
          "ci95": 0.05126199620033243
        },
        "p95_batch_ms": {
          "mean": 0.6195251829922199,
          "ci95": 0.05126199620033243
        },
        "n_batches": {
          "mean": 1.0,
          "ci95": 0.0
        }
      }
    },
    "2": {
      "full_graph": {
        "accuracy": {
          "mean": 0.7,
          "ci95": 0.24004999479275144
        },
        "total_time_s": {
          "mean": 0.007383641530759632,
          "ci95": 0.00018115317104760255
        },
        "ms_per_node": {
          "mean": 3.6918207653798163,
          "ci95": 0.09057658552380127
        },
        "throughput_nodes_per_s": {
          "mean": 271.03920149059934,
          "ci95": 6.662063821836875
        },
        "peak_memory_mb": {
          "mean": 0.009783554077148437,
          "ci95": 0.0004945984592544788
        },
        "p50_batch_ms": {
          "mean": 0.6318666273728013,
          "ci95": 0.0848022866299951
        },
        "p95_batch_ms": {
          "mean": 0.6318666273728013,
          "ci95": 0.0848022866299951
        },
        "n_batches": {
          "mean": 1.0,
          "ci95": 0.0
        }
      },
      "neighborhood_sampling": {
        "accuracy": {
          "mean": 0.7,
          "ci95": 0.39199999999999996
        },
        "total_time_s": {
          "mean": 0.028220150014385582,
          "ci95": 0.044467237125086274
        },
        "ms_per_node": {
          "mean": 14.11007500719279,
          "ci95": 22.233618562543136
        },
        "throughput_nodes_per_s": {
          "mean": 294.29768717227427,
          "ci95": 138.347196099128
        },
        "peak_memory_mb": {
          "mean": 0.3743913650512695,
          "ci95": 0.18740317345367516
        },
        "p50_batch_ms": {
          "mean": 0.6812499836087227,
          "ci95": 0.05986082030789373
        },
        "p95_batch_ms": {
          "mean": 0.6812499836087227,
          "ci95": 0.05986082030789373
        },
        "n_batches": {
          "mean": 1.0,
          "ci95": 0.0
        }
      }
    },
    "4": {
      "full_graph": {
        "accuracy": {
          "mean": 0.9,
          "ci95": 0.12002499739637572
        },
        "total_time_s": {
          "mean": 0.007248049927875399,
          "ci95": 4.400599821102869e-05
        },
        "ms_per_node": {
          "mean": 1.81201248196885,
          "ci95": 0.011001499552757173
        },
        "throughput_nodes_per_s": {
          "mean": 551.8937801437602,
          "ci95": 3.3539061601037807
        },
        "peak_memory_mb": {
          "mean": 0.009600257873535157,
          "ci95": 0.00010358919302196625
        },
        "p50_batch_ms": {
          "mean": 0.5812416085973382,
          "ci95": 0.03510443653011794
        },
        "p95_batch_ms": {
          "mean": 0.5812416085973382,
          "ci95": 0.03510443653011794
        },
        "n_batches": {
          "mean": 1.0,
          "ci95": 0.0
        }
      },
      "neighborhood_sampling": {
        "accuracy": {
          "mean": 0.9,
          "ci95": 0.12002499739637572
        },
        "total_time_s": {
          "mean": 0.006638866802677512,
          "ci95": 0.0009127556234597572
        },
        "ms_per_node": {
          "mean": 1.659716700669378,
          "ci95": 0.22818890586493926
        },
        "throughput_nodes_per_s": {
          "mean": 616.3899215866692,
          "ci95": 97.54359985889143
        },
        "peak_memory_mb": {
          "mean": 0.8677473068237305,
          "ci95": 0.22434605976305022
        },
        "p50_batch_ms": {
          "mean": 0.5887002218514681,
          "ci95": 0.03448441800547316
        },
        "p95_batch_ms": {
          "mean": 0.5887002218514681,
          "ci95": 0.03448441800547316
        },
        "n_batches": {
          "mean": 1.0,
          "ci95": 0.0
        }
      }
    },
    "8": {
      "full_graph": {
        "accuracy": {
          "mean": 0.9,
          "ci95": 0.09167060597596156
        },
        "total_time_s": {
          "mean": 0.007471224362961948,
          "ci95": 4.6160823848081394e-05
        },
        "ms_per_node": {
          "mean": 0.9339030453702435,
          "ci95": 0.005770102981010174
        },
        "throughput_nodes_per_s": {
          "mean": 1070.8173555191818,
          "ci95": 6.589523436119427
        },
        "peak_memory_mb": {
          "mean": 0.009952545166015625,
          "ci95": 7.288208792890635e-05
        },
        "p50_batch_ms": {
          "mean": 0.7310750195756555,
          "ci95": 0.05731328772286016
        },
        "p95_batch_ms": {
          "mean": 0.7310750195756555,
          "ci95": 0.05731328772286016
        },
        "n_batches": {
          "mean": 1.0,
          "ci95": 0.0
        }
      },
      "neighborhood_sampling": {
        "accuracy": {
          "mean": 0.9,
          "ci95": 0.09167060597596156
        },
        "total_time_s": {
          "mean": 0.016599541809409857,
          "ci95": 0.011347497683604485
        },
        "ms_per_node": {
          "mean": 2.074942726176232,
          "ci95": 1.4184372104505607
        },
        "throughput_nodes_per_s": {
          "mean": 633.1887203615854,
          "ci95": 213.43671262864115
        },
        "peak_memory_mb": {
          "mean": 1.5240779876708985,
          "ci95": 0.12005555229428962
        },