{
  "config": {
    "dataset_name": "cora",
    "training_dataset_config": "cora",
    "training_implementation_config": "baseline_neo4j",
    "node_label": "Paper",
    "edge_type": "CITES",
    "feature_property": "embedding_bytes",
    "feature_property_type": "byte[]",
    "target_property": "subject",
    "nodeid_property": "id",
    "split_property_name": "split",
    "split_property_type": "str",
    "feature_dim": 1433,
    "nbr_classes": 7,
    "node_counts": [
      1,
      2,
      4,
      8,
      16,
      32,
      64,
      128,
      256,
      512,
      1024,
      2048
    ],
    "nbr_runs": 5,
    "inference_batch_size": 256,
    "num_neighbors": 10,
    "num_hops": 2,
    "planetoid_root": "data/Planetoid",
    "planetoid_name": "Cora"
  },
  "model": {
    "model_class": "GCN",
    "hidden_dim1": 64,
    "hidden_dim2": 64,
    "checkpoint_path": null,
    "model_name": "experiment_gcn",
    "strategies": [
      "full_graph",
      "neighborhood_sampling",
      "in_db_java"
    ]
  },
  "results": {
    "1": {
      "full_graph": {
        "accuracy": {
          "mean": 0.6,
          "ci95": 0.480099989585503
        },
        "total_time_s": {
          "mean": 0.011894408683292567,
          "ci95": 0.00020307646347563572
        },
        "ms_per_node": {
          "mean": 11.894408683292568,
          "ci95": 0.20307646347563574
        },
        "throughput_nodes_per_s": {
          "mean": 84.0982361874599,
          "ci95": 1.413210312237049
        },
        "peak_memory_mb": {
          "mean": 0.010593032836914063,
          "ci95": 0.0020770694335437586
        },
        "p50_batch_ms": {
          "mean": 0.5840246099978685,
          "ci95": 0.03369308409334581
        },
        "p95_batch_ms": {
          "mean": 0.5840246099978685,
          "ci95": 0.03369308409334581
        },
        "n_batches": {
          "mean": 1.0,
          "ci95": 0.0
        }
      },
      "neighborhood_sampling": {
        "accuracy": {
          "mean": 0.6,
          "ci95": 0.480099989585503
        },
        "total_time_s": {
          "mean": 0.04584564140532166,
          "ci95": 0.07453181109686871
        },
        "ms_per_node": {
          "mean": 45.84564140532166,
          "ci95": 74.5318110968687
        },
        "throughput_nodes_per_s": {
          "mean": 136.41432891820853,
          "ci95": 86.21586156368063
        },
        "peak_memory_mb": {
          "mean": 0.2902587890625,
          "ci95": 0.15180167117165547
        },
        "p50_batch_ms": {
          "mean": 0.6917248480021954,
          "ci95": 0.03653168944989601
        },
        "p95_batch_ms": {
          "mean": 0.6917248480021954,
          "ci95": 0.03653168944989601
        },
        "n_batches": {
          "mean": 1.0,
          "ci95": 0.0
        }
      }
    },
    "2": {
      "full_graph": {
        "accuracy": {
          "mean": 0.8,
          "ci95": 0.24004999479275144
        },
        "total_time_s": {
          "mean": 0.011883008456788958,
          "ci95": 0.0002464234580615441
        },
        "ms_per_node": {
          "mean": 5.941504228394479,
          "ci95": 0.12321172903077204
        },
        "throughput_nodes_per_s": {
          "mean": 168.38132680404436,
          "ci95": 3.4173719269425993
        },
        "peak_memory_mb": {
          "mean": 0.009772300720214844,
          "ci95": 0.0004941159547755834
        },
        "p50_batch_ms": {
          "mean": 0.6525668315589428,
          "ci95": 0.1233233338279762
        },
        "p95_batch_ms": {
          "mean": 0.6525668315589428,
          "ci95": 0.1233233338279762
        },
        "n_batches": {
          "mean": 1.0,
          "ci95": 0.0
        }
      },
      "neighborhood_sampling": {
        "accuracy": {
          "mean": 0.7,
          "ci95": 0.39199999999999996
        },
        "total_time_s": {
          "mean": 0.02607946682255715,
          "ci95": 0.04252521095578537
        },
        "ms_per_node": {
          "mean": 13.039733411278576,
          "ci95": 21.262605477892688
        },
        "throughput_nodes_per_s": {
          "mean": 380.72454184435765,
          "ci95": 192.27171705208377
        },
        "peak_memory_mb": {
          "mean": 0.39844207763671874,
          "ci95": 0.22276308166804157
        },
        "p50_batch_ms": {
          "mean": 0.6177254021167755,
          "ci95": 0.053129297337547836
        },
        "p95_batch_ms": {
          "mean": 0.6177254021167755,
          "ci95": 0.053129297337547836
        },
        "n_batches": {
          "mean": 1.0,
          "ci95": 0.0
        }
      }
    },
    "4": {
      "full_graph": {
        "accuracy": {
          "mean": 0.9,
          "ci95": 0.12002499739637572
        },
        "total_time_s": {
          "mean": 0.011662674881517888,
          "ci95": 7.916670445931455e-05
        },
        "ms_per_node": {
          "mean": 2.915668720379472,
          "ci95": 0.019791676114828634
        },
        "throughput_nodes_per_s": {
          "mean": 342.99100824394327,
          "ci95": 2.33674305656955
        },
        "peak_memory_mb": {
          "mean": 0.009593963623046875,
          "ci95": 0.00014547385409146945
        },
        "p50_batch_ms": {
          "mean": 0.5855414317920804,
          "ci95": 0.03804391314420384
        },
        "p95_batch_ms": {
          "mean": 0.5855414317920804,
          "ci95": 0.03804391314420384
        },
        "n_batches": {
          "mean": 1.0,
          "ci95": 0.0
        }
      },
      "neighborhood_sampling": {
        "accuracy": {
          "mean": 0.9,
          "ci95": 0.12002499739637572
        },
        "total_time_s": {
          "mean": 0.005694349808618426,
          "ci95": 0.0007859261076019855
        },
        "ms_per_node": {
          "mean": 1.4235874521546066,
          "ci95": 0.19648152690049636
        },
        "throughput_nodes_per_s": {
          "mean": 719.5847769041513,
          "ci95": 119.69613639527473
        },
        "peak_memory_mb": {
          "mean": 0.8727056503295898,
          "ci95": 0.22407122878243574
        },
        "p50_batch_ms": {
          "mean": 0.6153749767690897,
          "ci95": 0.03269494455963834
        },
        "p95_batch_ms": {
          "mean": 0.6153749767690897,
          "ci95": 0.03269494455963834
        },
        "n_batches": {
          "mean": 1.0,
          "ci95": 0.0
        }
      }
    },
    "8": {
      "full_graph": {
        "accuracy": {
          "mean": 0.9,
          "ci95": 0.09167060597596156
        },
        "total_time_s": {
          "mean": 0.011879883287474514,
          "ci95": 7.349271329650425e-05
        },
        "ms_per_node": {
          "mean": 1.4849854109343141,
          "ci95": 0.009186589162063032
        },
        "throughput_nodes_per_s": {
          "mean": 673.4340420725003,
          "ci95": 4.153342150968232
        },
        "peak_memory_mb": {
          "mean": 0.009980010986328124,
          "ci95": 0.00012152456142305233
        },
        "p50_batch_ms": {
          "mean": 0.6829582387581468,
          "ci95": 0.023176869933929693
        },
        "p95_batch_ms": {
          "mean": 0.6829582387581468,
          "ci95": 0.023176869933929693
        },
        "n_batches": {
          "mean": 1.0,
          "ci95": 0.0
        }
      },
      "neighborhood_sampling": {
        "accuracy": {
          "mean": 0.9,
          "ci95": 0.09167060597596156
        },
        "total_time_s": {
          "mean": 0.016157700191251935,
          "ci95": 0.012883686127893042
        },
        "ms_per_node": {
          "mean": 2.0197125239064917,
          "ci95": 1.6104607659866303
        },
        "throughput_nodes_per_s": {
          "mean": 707.3276133867573,
          "ci95": 257.5248226671412
        },
        "peak_memory_mb": {
          "mean": 1.5188047409057617,
          "ci95": 0.1384023171529434
        },