{
  "config": {
    "dataset_name": "cora",
    "training_dataset_config": "cora",
    "training_implementation_config": "baseline_neo4j",
    "node_label": "Paper",
    "edge_type": "CITES",
    "feature_property": "embedding_bytes",
    "feature_property_type": "byte[]",
    "target_property": "subject",
    "nodeid_property": "id",
    "split_property_name": "split",
    "split_property_type": "str",
    "feature_dim": 1433,
    "nbr_classes": 7,
    "node_counts": [
      1,
      2,
      4,
      8,
      16,
      32,
      64,
      128,
      256,
      512,
      1024,
      2048
    ],
    "nbr_runs": 5,
    "inference_batch_size": 256,
    "max_neighbors": 10
  },
  "model": {
    "model_class": "GCN",
    "hidden_dim1": 64,
    "hidden_dim2": 64,
    "checkpoint_path": null,
    "model_name": "experiment_gcn",
    "strategies": [
      "full_graph",
      "neighborhood_sampling",
      "in_db_java"
    ]
  },
  "results": {
    "1": {
      "full_graph": {
        "accuracy": {
          "mean": 0.6,
          "ci95": 0.480099989585503
        },
        "total_time_s": {
          "mean": 0.002864041808061302,
          "ci95": 6.017097680114562e-05
        },
        "ms_per_node": {
          "mean": 2.8640418080613017,
          "ci95": 0.06017097680114561
        },
        "throughput_nodes_per_s": {
          "mean": 349.3130503806609,
          "ci95": 7.137924765240757
        },
        "peak_memory_mb": {
          "mean": 0.003558921813964844,
          "ci95": 0.00013343586404522594
        },
        "p50_batch_ms": {
          "mean": null,
          "ci95": null
        },
        "p95_batch_ms": {
          "mean": null,
          "ci95": null
        },
        "n_batches": {
          "mean": 1.0,
          "ci95": 0.0
        }
      },
      "neighborhood_sampling": {
        "accuracy": {
          "mean": 0.6,
          "ci95": 0.480099989585503
        },
        "total_time_s": {
          "mean": 0.026873974991030992,
          "ci95": 0.039772415276786516
        },
        "ms_per_node": {
          "mean": 26.87397499103099,
          "ci95": 39.77241527678652
        },
        "throughput_nodes_per_s": {
          "mean": 164.2272606257523,
          "ci95": 103.18273266082994
        },
        "peak_memory_mb": {
          "mean": 0.2159139633178711,
          "ci95": 0.10586150127975295
        },
        "p50_batch_ms": {
          "mean": 0.75885821133852,
          "ci95": 0.13458463092520767
        },
        "p95_batch_ms": {
          "mean": 0.75885821133852,
          "ci95": 0.13458463092520767
        },
        "n_batches": {
          "mean": 1.0,
          "ci95": 0.0
        }
      }
    },
    "2": {
      "full_graph": {
        "accuracy": {
          "mean": 0.7,
          "ci95": 0.39199999999999996
        },
        "total_time_s": {
          "mean": 0.002851700223982334,
          "ci95": 0.0002502490761301919
        },
        "ms_per_node": {
          "mean": 1.425850111991167,
          "ci95": 0.12512453806509596
        },
        "throughput_nodes_per_s": {
          "mean": 706.788172135745,
          "ci95": 59.755306441208276
        },
        "peak_memory_mb": {
          "mean": 0.0035778045654296874,
          "ci95": 0.00011721191151989819
        },
        "p50_batch_ms": {
          "mean": null,
          "ci95": null
        },
        "p95_batch_ms": {
          "mean": null,
          "ci95": null
        },
        "n_batches": {
          "mean": 1.0,
          "ci95": 0.0
        }
      },
      "neighborhood_sampling": {
        "accuracy": {
          "mean": 0.7,
          "ci95": 0.39199999999999996
        },
        "total_time_s": {
          "mean": 0.02306574156973511,
          "ci95": 0.036328625698917615
        },
        "ms_per_node": {
          "mean": 11.532870784867555,
          "ci95": 18.16431284945881
        },
        "throughput_nodes_per_s": {
          "mean": 365.5280791960743,
          "ci95": 179.4434017372969
        },
        "peak_memory_mb": {
          "mean": 0.31891632080078125,
          "ci95": 0.16261539141523473
        },
        "p50_batch_ms": {
          "mean": 0.6486502243205905,
          "ci95": 0.050511527758055945
        },
        "p95_batch_ms": {
          "mean": 0.6486502243205905,
          "ci95": 0.050511527758055945
        },
        "n_batches": {
          "mean": 1.0,
          "ci95": 0.0
        }
      }
    },
    "4": {
      "full_graph": {
        "accuracy": {
          "mean": 0.9,
          "ci95": 0.12002499739637572
        },
        "total_time_s": {
          "mean": 0.0026032999623566864,
          "ci95": 0.00021634023618099951
        },
        "ms_per_node": {
          "mean": 0.6508249905891716,
          "ci95": 0.05408505904524988
        },
        "throughput_nodes_per_s": {
          "mean": 1546.4717331847273,
          "ci95": 115.18457573745054
        },
        "peak_memory_mb": {
          "mean": 0.0034313201904296875,
          "ci95": 0.0
        },
        "p50_batch_ms": {
          "mean": null,
          "ci95": null
        },
        "p95_batch_ms": {
          "mean": null,
          "ci95": null
        },
        "n_batches": {
          "mean": 1.0,
          "ci95": 0.0
        }
      },
      "neighborhood_sampling": {
        "accuracy": {
          "mean": 0.9,
          "ci95": 0.12002499739637572
        },
        "total_time_s": {
          "mean": 0.005851541575975716,
          "ci95": 0.0010855848000741752
        },
        "ms_per_node": {
          "mean": 1.462885393993929,
          "ci95": 0.2713962000185438
        },
        "throughput_nodes_per_s": {
          "mean": 710.2074925603455,
          "ci95": 139.64440286472941
        },
        "peak_memory_mb": {
          "mean": 0.6955121994018555,
          "ci95": 0.174850648062066
        },
        "p50_batch_ms": {
          "mean": 0.665883393958211,
          "ci95": 0.03587583463969348
        },
        "p95_batch_ms": {
          "mean": 0.665883393958211,
          "ci95": 0.03587583463969348
        },
        "n_batches": {
          "mean": 1.0,
          "ci95": 0.0
        }
      }
    },
    "8": {
      "full_graph": {
        "accuracy": {
          "mean": 0.925,
          "ci95": 0.06001249869818787
        },
        "total_time_s": {
          "mean": 0.0027491170447319748,
          "ci95": 0.00014778029645835206
        },
        "ms_per_node": {
          "mean": 0.3436396305914968,
          "ci95": 0.01847253705729401
        },
        "throughput_nodes_per_s": {
          "mean": 2918.75218554452,
          "ci95": 156.0434680893639
        },
        "peak_memory_mb": {
          "mean": 0.0034313201904296875,
          "ci95": 0.0
        },
        "p50_batch_ms": {
          "mean": null,
          "ci95": null
        },
        "p95_batch_ms": {
          "mean": null,
          "ci95": null
        },
        "n_batches": {
          "mean": 1.0,
          "ci95": 0.0
        }
      },
      "neighborhood_sampling": {
        "accuracy": {
          "mean": 0.9,
          "ci95": 0.09167060597596156
        },
        "total_time_s": {
          "mean": 0.008357583009637893,
          "ci95": 0.0010195048881465449
        },
        "ms_per_node": {
          "mean": 1.0446978762047365,
          "ci95": 0.1274381110183181
        },
        "throughput_nodes_per_s": {
          "mean": 971.7368889407757,
          "ci95": 114.48802427430647
        },
        "peak_memory_mb": {
          "mean": 1.1812967300415038,
          "ci95": 0.12459081791441116
        },
        "p50_batch_ms": {
          "mean": 0.7391166174784303,
          "ci95": 0.08262431128214842
        },
        "p95_batch_ms": {
          "mean": 0.7391166174784303,
          "ci95": 0.08262431128214842
        },
        "n_batches": {
          "mean": 1.0,
          "ci95": 0.0
        }
      }
    },