{
  "config": {
    "dataset_name": "cora",
    "training_dataset_config": "cora",
    "training_implementation_config": "baseline_neo4j",
    "node_label": "Paper",
    "edge_type": "CITES",
    "feature_property": "embedding_bytes",
    "feature_property_type": "byte[]",
    "target_property": "subject",
    "nodeid_property": "id",
    "split_property_name": "split",
    "split_property_type": "str",
    "feature_dim": 1433,
    "nbr_classes": 7,
    "node_counts": [
      1,
      2,
      4,
      8,
      16,
      32,
      64,
      128,
      256,
      512,
      1024,
      2048
    ],
    "nbr_runs": 5,
    "inference_batch_size": 256,
    "num_neighbors": 10,
    "num_hops": 2,
    "planetoid_root": "data/Planetoid",
    "planetoid_name": "Cora"
  },
  "model": {
    "model_class": "GCN",
    "hidden_dim1": 64,
    "hidden_dim2": 64,
    "checkpoint_path": null,
    "model_name": "experiment_gcn",
    "strategies": [
      "full_graph",
      "neighborhood_sampling",
      "in_db_java"
    ]
  },
  "results": {
    "1": {
      "full_graph": {
        "accuracy": {
          "mean": 0.6,
          "ci95": 0.480099989585503
        },
        "total_time_s": {
          "mean": 0.0072763327741995456,
          "ci95": 0.00019830120379418312
        },
        "ms_per_node": {
          "mean": 7.276332774199545,
          "ci95": 0.19830120379418312
        },
        "throughput_nodes_per_s": {
          "mean": 137.5339821817711,
          "ci95": 3.5985690885607005
        },
        "peak_memory_mb": {
          "mean": 0.010601997375488281,
          "ci95": 0.0020967205042982046
        },
        "p50_batch_ms": {
          "mean": 0.5493833916261792,
          "ci95": 0.03359096241637598
        },
        "p95_batch_ms": {
          "mean": 0.5493833916261792,
          "ci95": 0.03359096241637598
        },
        "n_batches": {
          "mean": 1.0,
          "ci95": 0.0
        }
      },
      "neighborhood_sampling": {
        "accuracy": {
          "mean": 0.6,
          "ci95": 0.480099989585503
        },
        "total_time_s": {
          "mean": 0.004194208397530019,
          "ci95": 0.0007258612119900635
        },
        "ms_per_node": {
          "mean": 4.194208397530019,
          "ci95": 0.7258612119900635
        },
        "throughput_nodes_per_s": {
          "mean": 246.92583769400903,
          "ci95": 47.98049354599039
        },
        "peak_memory_mb": {
          "mean": 0.2902814865112305,
          "ci95": 0.1518753623429125
        },
        "p50_batch_ms": {
          "mean": 0.5625833757221699,
          "ci95": 0.04222272995503167
        },
        "p95_batch_ms": {
          "mean": 0.5625833757221699,
          "ci95": 0.04222272995503167
        },
        "n_batches": {
          "mean": 1.0,
          "ci95": 0.0
        }
      }
    },
    "2": {
      "full_graph": {
        "accuracy": {
          "mean": 0.8,
          "ci95": 0.24004999479275144
        },
        "total_time_s": {
          "mean": 0.007190249231643975,
          "ci95": 0.00012264728813803172
        },
        "ms_per_node": {
          "mean": 3.5951246158219874,
          "ci95": 0.061323644069015866
        },
        "throughput_nodes_per_s": {
          "mean": 278.2373408973891,
          "ci95": 4.666149291874552
        },
        "peak_memory_mb": {
          "mean": 0.009791374206542969,
          "ci95": 0.0005055908893351862
        },
        "p50_batch_ms": {
          "mean": 0.5360333947464824,
          "ci95": 0.02420869551724745
        },
        "p95_batch_ms": {
          "mean": 0.5360333947464824,
          "ci95": 0.02420869551724745
        },
        "n_batches": {
          "mean": 1.0,
          "ci95": 0.0
        }
      },
      "neighborhood_sampling": {
        "accuracy": {
          "mean": 0.7,
          "ci95": 0.39199999999999996
        },
        "total_time_s": {
          "mean": 0.0037347670178860424,
          "ci95": 0.0006934471687400693
        },
        "ms_per_node": {
          "mean": 1.8673835089430213,
          "ci95": 0.34672358437003475
        },
        "throughput_nodes_per_s": {
          "mean": 552.6848089037219,
          "ci95": 89.83955955103774
        },
        "peak_memory_mb": {
          "mean": 0.3839895248413086,
          "ci95": 0.20328327166941007
        },
        "p50_batch_ms": {
          "mean": 0.5093916086480021,
          "ci95": 0.020361435495143004
        },
        "p95_batch_ms": {
          "mean": 0.5093916086480021,
          "ci95": 0.020361435495143004
        },
        "n_batches": {
          "mean": 1.0,
          "ci95": 0.0
        }
      }
    },
    "4": {
      "full_graph": {
        "accuracy": {
          "mean": 0.9,
          "ci95": 0.12002499739637572
        },
        "total_time_s": {
          "mean": 0.007173324399627745,
          "ci95": 7.823648207752348e-05
        },
        "ms_per_node": {
          "mean": 1.7933310999069363,
          "ci95": 0.01955912051938087
        },
        "throughput_nodes_per_s": {
          "mean": 557.6900813554086,
          "ci95": 6.038272763295247
        },
        "peak_memory_mb": {
          "mean": 0.009564781188964843,
          "ci95": 0.00010651104050492847
        },
        "p50_batch_ms": {
          "mean": 0.5503835855051875,
          "ci95": 0.034960830895369596
        },
        "p95_batch_ms": {
          "mean": 0.5503835855051875,
          "ci95": 0.034960830895369596
        },
        "n_batches": {
          "mean": 1.0,
          "ci95": 0.0
        }
      },
      "neighborhood_sampling": {
        "accuracy": {
          "mean": 0.9,
          "ci95": 0.12002499739637572
        },
        "total_time_s": {
          "mean": 0.006073783431202173,
          "ci95": 0.0010240662545146822
        },
        "ms_per_node": {
          "mean": 1.5184458578005433,
          "ci95": 0.2560165636286706
        },
        "throughput_nodes_per_s": {
          "mean": 680.2312839153319,
          "ci95": 125.75273451074248
        },
        "peak_memory_mb": {
          "mean": 0.8823741912841797,
          "ci95": 0.23368111089242485
        },
        "p50_batch_ms": {
          "mean": 0.5311919841915369,
          "ci95": 0.03375865493697418
        },
        "p95_batch_ms": {
          "mean": 0.5311919841915369,
          "ci95": 0.03375865493697418
        },
        "n_batches": {
          "mean": 1.0,
          "ci95": 0.0
        }
      }
    },
    "8": {
      "full_graph": {
        "accuracy": {
          "mean": 0.9,
          "ci95": 0.09167060597596156
        },
        "total_time_s": {
          "mean": 0.007510765828192234,
          "ci95": 8.733089839557928e-05
        },
        "ms_per_node": {
          "mean": 0.9388457285240293,
          "ci95": 0.010916362299447407
        },
        "throughput_nodes_per_s": {
          "mean": 1065.2878744437378,
          "ci95": 12.402847658887199
        },
        "peak_memory_mb": {
          "mean": 0.010011100769042968,
          "ci95": 9.56797571263761e-05
        },
        "p50_batch_ms": {
          "mean": 0.7015333976596594,
          "ci95": 0.019565206193002185
        },
        "p95_batch_ms": {
          "mean": 0.7015333976596594,
          "ci95": 0.019565206193002185
        },
        "n_batches": {
          "mean": 1.0,
          "ci95": 0.0
        }
      },
      "neighborhood_sampling": {
        "accuracy": {
          "mean": 0.9,
          "ci95": 0.09167060597596156
        },
        "total_time_s": {
          "mean": 0.011128933634608984,
          "ci95": 0.0012586016562297223
        },
        "ms_per_node": {
          "mean": 1.391116704326123,
          "ci95": 0.1573252070287153
        },
        "throughput_nodes_per_s": {
          "mean": 729.4152460199336,
          "ci95": 90.23385809353994
        },
        "peak_memory_mb": {
          "mean": 1.5166301727294922,
          "ci95": 0.11830615018864934
        },