{
  "sampler": {
    "plan_meta": {},
    "global": {
      "sample_count": 3074,
      "avg_client_wall_time_ms": 37.541797712430714,
      "avg_result_available_after_ms": 0.5,
      "avg_result_consumed_after_ms": 32.25309043591412,
      "avg_profile_total_time_ms": 0.0,
      "avg_global_memory_bytes": 0.0,
      "avg_root_rows": 0.0,
      "avg_root_db_hits": 0.0,
      "avg_page_cache_hits": 0.0,
      "avg_page_cache_misses": 0.0,
      "avg_db_exec_time_ms": 0,
      "avg_network_transfer_ms": 32.25309043591412,
      "avg_driver_overhead_ms": 37.541797712430714,
      "avg_query_startup_ms": 0.5,
      "avg_exec_serialize_ms": 31.753090435914118,
      "avg_client_recv_ms": 5.288707276516597
    },
    "operators": [],
    "top_by_time_ms": [],
    "top_by_db_hits": [],
    "top_by_memory_bytes": []
  },
  "feat_x": {
    "plan_meta": {},
    "global": {
      "sample_count": 3074,
      "avg_client_wall_time_ms": 37.96181248888136,
      "avg_result_available_after_ms": 1.1297983083929732,
      "avg_result_consumed_after_ms": 33.28334417696812,
      "avg_profile_total_time_ms": 0.0,
      "avg_global_memory_bytes": 0.0,
      "avg_root_rows": 0.0,
      "avg_root_db_hits": 0.0,
      "avg_page_cache_hits": 0.0,
      "avg_page_cache_misses": 0.0,
      "avg_db_exec_time_ms": 0,
      "avg_network_transfer_ms": 33.28334417696812,
      "avg_driver_overhead_ms": 37.96181248888136,
      "avg_query_startup_ms": 1.1297983083929732,
      "avg_exec_serialize_ms": 32.15354586857515,
      "avg_client_recv_ms": 4.678468311913235
    },
    "operators": [],
    "top_by_time_ms": [],
    "top_by_db_hits": [],
    "top_by_memory_bytes": []
  },
  "subphase_metrics": {
    "throughput_samples_per_s": 623.6736221423295,
    "epoch_time_s": {
      "count": 1,
      "total_s": 315.3689331118949,
      "mean_s": 315.3689331118949,
      "p50_s": 315.3689331118949,
      "p90_s": 315.3689331118949,
      "p99_s": 315.3689331118949,
      "min_s": 315.3689331118949,
      "max_s": 315.3689331118949
    },
    "sampling_phase_time_s": {
      "count": 3072,
      "total_s": 273.78458655346185,
      "mean_s": 0.08912258676870503,
      "p50_s": 0.0870465929619968,
      "p90_s": 0.09799431390129029,
      "p99_s": 0.10924077530857175,
      "min_s": 0.07090050866827369,
      "max_s": 0.3896669899113476
    },
    "training_phase_time_s": {
      "count": 3072,
      "total_s": 19.562917925883085,
      "mean_s": 0.006368137345665066,
      "p50_s": 0.006184481084346771,
      "p90_s": 0.007207765104249119,
      "p99_s": 0.00818429096136242,
      "min_s": 0.0055365911684930325,
      "max_s": 0.016099297907203436
    },
    "convergence_time_s": null,
    "converged_epoch": null,
    "avg_cpu_utilization": null,
    "final_validation_accuracy": 1.0,
    "best_validation_accuracy": 1.0,
    "time_to_first_validation_accuracy_s": 319.55388780124485,
    "time_to_best_accuracy_s": 319.55388780124485,
    "final_validation_loss": 0.6884315013885498,
    "best_validation_loss": 0.6884315013885498,
    "time_to_best_loss_s": 319.55389593029395,
    "final_test_accuracy": 0.68,
    "best_test_accuracy": 0.68,
    "time_to_best_test_accuracy_s": 320.53654694743454,
    "remote_feature_latency_s": {
      "count": 3074,
      "total_s": 117.17722554923967,
      "mean_s": 0.038118811174118306,
      "p50_s": 0.037833394948393106,
      "p90_s": 0.04356555817648769,
      "p99_s": 0.049037461318075654,
      "min_s": 0.0021328777074813843,
      "max_s": 0.05856475606560707
    },
    "remote_feature_total_s": 117.17722554923967,
    "cache_hits": 3074,
    "cache_misses": 3074,
    "cache_hit_rate": 0.5,
    "validation_time_s": {
      "count": 1,
      "total_s": 0.5831257309764624,
      "mean_s": 0.5831257309764624,
      "p50_s": 0.5831257309764624,
      "p90_s": 0.5831257309764624,
      "p99_s": 0.5831257309764624,
      "min_s": 0.5831257309764624,
      "max_s": 0.5831257309764624
    },
    "saving_weights_time_s": {
      "count": 1,
      "total_s": 9.695068001747131e-06,
      "mean_s": 9.695068001747131e-06,
      "p50_s": 9.695068001747131e-06,
      "p90_s": 9.695068001747131e-06,
      "p99_s": 9.695068001747131e-06,
      "min_s": 9.695068001747131e-06,
      "max_s": 9.695068001747131e-06
    },
    "batch_train_loss_mean": 0.6854156294478647,
    "avg_batch_nodes": 3607.4892578125,
    "avg_batch_edges": 3795.599609375,
    "avg_seed_node_ratio": 0.017743522316464637,
    "topo_query_sent_ms": null,
    "topo_first_record_ms": null,
    "topo_transfer_ms": null,
    "topo_etl_ms": 2.492915790330524,
    "feat_x_query_sent_ms": null,
    "feat_x_first_record_ms": null,
    "feat_x_transfer_ms": null,
    "feat_x_etl_ms": 4.67071715692663,
    "feat_x_etl_parse_ms": null,
    "feat_y_query_sent_ms": null,
    "feat_y_first_record_ms": null,
    "feat_y_transfer_ms": null,
    "feat_y_etl_ms": null,
    "network_baseline_ms": 37.541797712430714,
    "avg_feat_bytes": 1442621.730644112,
    "sampler_avg_db_exec_time_ms": 0,
    "sampler_avg_network_transfer_ms": 32.25309043591412,
    "sampler_avg_driver_overhead_ms": 37.541797712430714,
    "sampler_avg_result_consumed_after_ms": 32.25309043591412,
    "sampler_avg_result_available_after_ms": 0.5,
    "sampler_avg_client_wall_time_ms": 37.541797712430714,
    "sampler_avg_query_startup_ms": 0.5,
    "sampler_avg_exec_serialize_ms": 31.753090435914118,
    "sampler_avg_client_recv_ms": 5.288707276516597,
    "feat_x_avg_db_exec_time_ms": 0,
    "feat_x_avg_network_transfer_ms": 33.28334417696812,
    "feat_x_avg_driver_overhead_ms": 37.96181248888136,
    "feat_x_avg_result_consumed_after_ms": 33.28334417696812,
    "feat_x_avg_result_available_after_ms": 1.1297983083929732,
    "feat_x_avg_client_wall_time_ms": 37.96181248888136,
    "feat_x_avg_query_startup_ms": 1.1297983083929732,
    "feat_x_avg_exec_serialize_ms": 32.15354586857515,
    "feat_x_avg_client_recv_ms": 4.678468311913235,
    "topo_fetch_ms": 37.541797712430714
  }
}