{
  "run": {
    "csv": "/var/lib/neo4j/data/projects/neo4j-mpgnn-thesis/experiment_results/results/run_11_2026-05-13/preagg_neo4j/run_8/measurements.csv",
    "runtime_s": 33.3671343550086,
    "training_time_s": 33.03882395103574,
    "epochs_completed": 90,
    "batches_seen": 360,
    "nbr_training_datapoints": 140.0
  },
  "metrics": {
    "throughput_samples_per_s": 381.3695069374587,
    "epoch_time_s": {
      "count": 90,
      "total_s": 11.022882707882673,
      "mean_s": 0.1224764745320297,
      "p50_s": 0.1230511860921979,
      "p90_s": 0.1297172501217574,
      "p99_s": 0.15691369337029745,
      "min_s": 0.09502677293494344,
      "max_s": 0.32879259204491973
    },
    "sampling_phase_time_s": {
      "count": 360,
      "total_s": 7.920620978809893,
      "mean_s": 0.02200172494113859,
      "p50_s": 0.02145430725067854,
      "p90_s": 0.025329708307981494,
      "p99_s": 0.029567290507257014,
      "min_s": 0.013869600836187601,
      "max_s": 0.234411739744246
    },
    "training_phase_time_s": {
      "count": 360,
      "total_s": 2.84431577892974,
      "mean_s": 0.007900877163693722,
      "p50_s": 0.0077948125544935465,
      "p90_s": 0.008774403249844909,
      "p99_s": 0.009616052601486444,
      "min_s": 0.006255303043872118,
      "max_s": 0.012173965107649565
    },
    "convergence_time_s": null,
    "converged_epoch": null,
    "avg_cpu_utilization": null,
    "final_validation_accuracy": 0.7760000234416334,
    "best_validation_accuracy": 0.7800000235591023,
    "time_to_first_validation_accuracy_s": 0.35501491092145443,
    "time_to_best_accuracy_s": 29.06135645089671,
    "final_validation_loss": 0.8578907251358032,
    "best_validation_loss": 0.8578907251358032,
    "time_to_best_loss_s": 33.367107764817774,
    "final_test_accuracy": 0.7780000233003099,
    "best_test_accuracy": 0.7780000233003099,
    "time_to_best_test_accuracy_s": 33.73896995605901,
    "remote_feature_latency_s": {
      "count": 544,
      "total_s": 17.6142669999972,
      "mean_s": 0.032379167279406616,
      "p50_s": 0.015568224713206291,
      "p90_s": 0.0752394515555352,
      "p99_s": 0.08175335256848486,
      "min_s": 0.007895137183368206,
      "max_s": 0.0855029858648777
    },
    "remote_feature_total_s": 17.6142669999972,
    "cache_hits": 544,
    "cache_misses": 544,
    "cache_hit_rate": 0.5,
    "validation_time_s": {
      "count": 90,
      "total_s": 22.292580705601722,
      "mean_s": 0.24769534117335246,
      "p50_s": 0.2542965405154973,
      "p90_s": 0.2648109161294997,
      "p99_s": 0.2700983887212351,
      "min_s": 0.20122999278828502,
      "max_s": 0.2701331530697644
    },
    "saving_weights_time_s": {
      "count": 85,
      "total_s": 0.0005542119033634663,
      "mean_s": 6.520140039570191e-06,
      "p50_s": 6.316695362329483e-06,
      "p90_s": 7.432978600263596e-06,
      "p99_s": 1.1470429599285123e-05,
      "min_s": 5.169771611690521e-06,
      "max_s": 1.2180767953395844e-05
    },
    "batch_train_loss_mean": 0.669162424819337,
    "avg_batch_nodes": 354.7361111111111,
    "avg_batch_edges": 571.1527777777778,
    "avg_seed_node_ratio": 0.08525385284927581,
    "topo_query_sent_ms": null,
    "topo_first_record_ms": null,
    "topo_transfer_ms": null,
    "topo_etl_ms": 0.7890294971944326,
    "feat_x_query_sent_ms": null,
    "feat_x_first_record_ms": null,
    "feat_x_transfer_ms": null,
    "feat_x_etl_ms": 2.2000375936520014,
    "feat_x_etl_parse_ms": null,
    "feat_y_query_sent_ms": null,
    "feat_y_first_record_ms": null,
    "feat_y_transfer_ms": null,
    "feat_y_etl_ms": null,
    "network_baseline_ms": 5.245915966738454,
    "avg_feat_bytes": 3788114.4264705884,
    "sampler_avg_db_exec_time_ms": 0,
    "sampler_avg_network_transfer_ms": 2.4669117647058822,
    "sampler_avg_driver_overhead_ms": 5.245915966738454,
    "sampler_avg_result_consumed_after_ms": 2.4669117647058822,
    "sampler_avg_result_available_after_ms": 0.5018382352941176,
    "sampler_avg_client_wall_time_ms": 5.245915966738454,
    "sampler_avg_query_startup_ms": 0.5018382352941176,
    "sampler_avg_exec_serialize_ms": 1.9650735294117645,
    "sampler_avg_client_recv_ms": 2.7790042020325716,
    "feat_x_avg_db_exec_time_ms": 0,
    "feat_x_avg_network_transfer_ms": 21.080882352941178,
    "feat_x_avg_driver_overhead_ms": 32.05635858381249,
    "feat_x_avg_result_consumed_after_ms": 21.080882352941178,
    "feat_x_avg_result_available_after_ms": 1.2830882352941178,
    "feat_x_avg_client_wall_time_ms": 32.05635858381249,
    "feat_x_avg_query_startup_ms": 1.2830882352941178,
    "feat_x_avg_exec_serialize_ms": 19.797794117647058,
    "feat_x_avg_client_recv_ms": 10.975476230871312,
    "topo_fetch_ms": 5.245915966738454
  },
  "notes": [
    "GPU/CPU utilization and explicit DB write/query timings are not in the Measurer CSV (unless you log them); this parser will report None for those.",
    "throughput_samples_per_s assumes nbr_training_datapoints is per-epoch; if it's total across training, remove the * epochs_completed multiplier.",
    "remote_feature_total_s is a proxy for time spent waiting on remote feature reads (DB reads)."
  ]
}