{
  "run": {
    "csv": "/home/victor.pekkari/thesis-folder/neo4j-mpgnn-thesis/experiment_results/results/run_10_2026-05-05/measurements.csv",
    "runtime_s": 2522.3294422239996,
    "training_time_s": 2372.5158331259154,
    "epochs_completed": 1,
    "batches_seen": 2357,
    "nbr_training_datapoints": 1207179.0
  },
  "metrics": {
    "throughput_samples_per_s": 508.8181006613042,
    "epoch_time_s": {
      "count": 1,
      "total_s": 2373.9388934578747,
      "mean_s": 2373.9388934578747,
      "p50_s": 2373.9388934578747,
      "p90_s": 2373.9388934578747,
      "p99_s": 2373.9388934578747,
      "min_s": 2373.9388934578747,
      "max_s": 2373.9388934578747
    },
    "sampling_phase_time_s": {
      "count": 2357,
      "total_s": 2288.8234953172505,
      "mean_s": 0.9710748813395208,
      "p50_s": 0.926854130346328,
      "p90_s": 1.1783281003125012,
      "p99_s": 1.312751950044185,
      "min_s": 0.6777077503502369,
      "max_s": 1.5121331759728491
    },
    "training_phase_time_s": {
      "count": 2357,
      "total_s": 38.17516619712114,
      "mean_s": 0.016196506659788352,
      "p50_s": 0.014784063212573528,
      "p90_s": 0.023307805880904198,
      "p99_s": 0.027520401533693076,
      "min_s": 0.011881529819220304,
      "max_s": 0.4635088271461427
    },
    "convergence_time_s": null,
    "converged_epoch": null,
    "avg_cpu_utilization": null,
    "final_validation_accuracy": 0.4449299887601228,
    "best_validation_accuracy": 0.4449299887601228,
    "time_to_first_validation_accuracy_s": 2522.329392902553,
    "time_to_best_accuracy_s": 2522.329392902553,
    "final_validation_loss": 2.005889415740967,
    "best_validation_loss": 2.005889415740967,
    "time_to_best_loss_s": 2522.329402970616,
    "final_test_accuracy": 0.403139989815827,
    "best_test_accuracy": 0.403139989815827,
    "time_to_best_test_accuracy_s": 2567.417471346911,
    "remote_feature_latency_s": {
      "count": 3139,
      "total_s": 1236.9380307933316,
      "mean_s": 0.39405480433046564,
      "p50_s": 0.44996513798832893,
      "p90_s": 0.6650443674996496,
      "p99_s": 0.8120937783457338,
      "min_s": 0.006540797650814056,
      "max_s": 0.9329899870790541
    },
    "remote_feature_total_s": 1236.9380307933316,
    "cache_hits": 3139,
    "cache_misses": 3139,
    "cache_hit_rate": 0.5,
    "validation_time_s": {
      "count": 1,
      "total_s": 107.66732521681115,
      "mean_s": 107.66732521681115,
      "p50_s": 107.66732521681115,
      "p90_s": 107.66732521681115,
      "p99_s": 107.66732521681115,
      "min_s": 107.66732521681115,
      "max_s": 107.66732521681115
    },
    "saving_weights_time_s": {
      "count": 1,
      "total_s": 1.3805925846099854e-05,
      "mean_s": 1.3805925846099854e-05,
      "p50_s": 1.3805925846099854e-05,
      "p90_s": 1.3805925846099854e-05,
      "p99_s": 1.3805925846099854e-05,
      "min_s": 1.3805925846099854e-05,
      "max_s": 1.3805925846099854e-05
    },
    "batch_train_loss_mean": 1.971389334637784,
    "avg_batch_nodes": 10948.918964785744,
    "avg_batch_edges": 11404.378447178617,
    "avg_seed_node_ratio": 0.04682847598227943,
    "topo_query_sent_ms": null,
    "topo_first_record_ms": null,
    "topo_transfer_ms": null,
    "topo_etl_ms": 4.157925102955864,
    "feat_x_query_sent_ms": null,
    "feat_x_first_record_ms": null,
    "feat_x_transfer_ms": null,
    "feat_x_etl_ms": 9.581488428097996,
    "feat_x_etl_parse_ms": 134.32816188802036,
    "feat_y_query_sent_ms": null,
    "feat_y_first_record_ms": null,
    "feat_y_transfer_ms": null,
    "feat_y_etl_ms": null,
    "network_baseline_ms": 208.35693010466375,
    "avg_feat_bytes": 4463302.50398216,
    "sampler_avg_db_exec_time_ms": 0,
    "sampler_avg_network_transfer_ms": 201.7177445046193,
    "sampler_avg_driver_overhead_ms": 208.35693010466375,
    "sampler_avg_result_consumed_after_ms": 201.7177445046193,
    "sampler_avg_result_available_after_ms": 0.7419560369544441,
    "sampler_avg_client_wall_time_ms": 208.35693010466375,
    "sampler_avg_query_startup_ms": 0.7419560369544441,
    "sampler_avg_exec_serialize_ms": 200.97578846766487,
    "sampler_avg_client_recv_ms": 6.639185600044442,
    "feat_x_avg_db_exec_time_ms": 0,
    "feat_x_avg_network_transfer_ms": 114.05829882128066,
    "feat_x_avg_driver_overhead_ms": 393.89837148408554,
    "feat_x_avg_result_consumed_after_ms": 114.05829882128066,
    "feat_x_avg_result_available_after_ms": 1.995221408091749,
    "feat_x_avg_client_wall_time_ms": 393.89837148408554,
    "feat_x_avg_query_startup_ms": 1.995221408091749,
    "feat_x_avg_exec_serialize_ms": 112.0630774131889,
    "feat_x_avg_client_recv_ms": 279.8400726628049,
    "topo_fetch_ms": 208.35693010466375
  },
  "notes": [
    "GPU/CPU utilization and explicit DB write/query timings are not in the Measurer CSV (unless you log them); this parser will report None for those.",
    "throughput_samples_per_s assumes nbr_training_datapoints is per-epoch; if it's total across training, remove the * epochs_completed multiplier.",
    "remote_feature_total_s is a proxy for time spent waiting on remote feature reads (DB reads)."
  ]
}