{
  "sampler": {
    "plan_meta": {},
    "global": {
      "sample_count": 770,
      "avg_client_wall_time_ms": 134.4069519987354,
      "avg_result_available_after_ms": 0.7727272727272727,
      "avg_result_consumed_after_ms": 123.26623376623377,
      "avg_profile_total_time_ms": 0.0,
      "avg_global_memory_bytes": 0.0,
      "avg_root_rows": 0.0,
      "avg_root_db_hits": 0.0,
      "avg_page_cache_hits": 0.0,
      "avg_page_cache_misses": 0.0,
      "avg_db_exec_time_ms": 0,
      "avg_network_transfer_ms": 123.26623376623377,
      "avg_driver_overhead_ms": 134.4069519987354,
      "avg_query_startup_ms": 0.7727272727272727,
      "avg_exec_serialize_ms": 122.4935064935065,
      "avg_client_recv_ms": 11.140718232501627
    },
    "operators": [],
    "top_by_time_ms": [],
    "top_by_db_hits": [],
    "top_by_memory_bytes": []
  },
  "feat_x": {
    "plan_meta": {},
    "global": {
      "sample_count": 770,
      "avg_client_wall_time_ms": 138.04999012500048,
      "avg_result_available_after_ms": 3.016883116883117,
      "avg_result_consumed_after_ms": 124.16103896103895,
      "avg_profile_total_time_ms": 0.0,
      "avg_global_memory_bytes": 0.0,
      "avg_root_rows": 0.0,
      "avg_root_db_hits": 0.0,
      "avg_page_cache_hits": 0.0,
      "avg_page_cache_misses": 0.0,
      "avg_db_exec_time_ms": 0,
      "avg_network_transfer_ms": 124.16103896103895,
      "avg_driver_overhead_ms": 138.04999012500048,
      "avg_query_startup_ms": 3.016883116883117,
      "avg_exec_serialize_ms": 121.14415584415583,
      "avg_client_recv_ms": 13.888951163961522
    },
    "operators": [],
    "top_by_time_ms": [],
    "top_by_db_hits": [],
    "top_by_memory_bytes": []
  },
  "subphase_metrics": {
    "throughput_samples_per_s": 721.4616263199738,
    "epoch_time_s": {
      "count": 1,
      "total_s": 272.8810420418158,
      "mean_s": 272.8810420418158,
      "p50_s": 272.8810420418158,
      "p90_s": 272.8810420418158,
      "p99_s": 272.8810420418158,
      "min_s": 272.8810420418158,
      "max_s": 272.8810420418158
    },
    "sampling_phase_time_s": {
      "count": 768,
      "total_s": 247.83118226146325,
      "mean_s": 0.32269685190294695,
      "p50_s": 0.31441217800602317,
      "p90_s": 0.35691850548610093,
      "p99_s": 0.3835189386317508,
      "min_s": 0.28061983408406377,
      "max_s": 0.6647742548957467
    },
    "training_phase_time_s": {
      "count": 768,
      "total_s": 8.594574926421046,
      "mean_s": 0.011190852768777404,
      "p50_s": 0.011020699748769403,
      "p90_s": 0.01187807284295559,
      "p99_s": 0.013886396475136287,
      "min_s": 0.01024822099134326,
      "max_s": 0.0228442819789052
    },
    "convergence_time_s": null,
    "converged_epoch": null,
    "avg_cpu_utilization": null,
    "final_validation_accuracy": 1.0,
    "best_validation_accuracy": 1.0,
    "time_to_first_validation_accuracy_s": 277.4371722219512,
    "time_to_best_accuracy_s": 277.4371722219512,
    "final_validation_loss": 0.3851177394390106,
    "best_validation_loss": 0.3851177394390106,
    "time_to_best_loss_s": 277.4371805349365,
    "final_test_accuracy": 0.65,
    "best_test_accuracy": 0.65,
    "time_to_best_test_accuracy_s": 278.8664003540762,
    "remote_feature_latency_s": {
      "count": 770,
      "total_s": 106.4343922091648,
      "mean_s": 0.13822648338852572,
      "p50_s": 0.13515159348025918,
      "p90_s": 0.15824130908586084,
      "p99_s": 0.16897974953986697,
      "min_s": 0.0032374681904911995,
      "max_s": 0.17659255908802152
    },
    "remote_feature_total_s": 106.4343922091648,
    "cache_hits": 770,
    "cache_misses": 770,
    "cache_hit_rate": 0.5,
    "validation_time_s": {
      "count": 1,
      "total_s": 0.8912067362107337,
      "mean_s": 0.8912067362107337,
      "p50_s": 0.8912067362107337,
      "p90_s": 0.8912067362107337,
      "p99_s": 0.8912067362107337,
      "min_s": 0.8912067362107337,
      "max_s": 0.8912067362107337
    },
    "saving_weights_time_s": {
      "count": 1,
      "total_s": 9.12696123123169e-06,
      "mean_s": 9.12696123123169e-06,
      "p50_s": 9.12696123123169e-06,
      "p90_s": 9.12696123123169e-06,
      "p99_s": 9.12696123123169e-06,
      "min_s": 9.12696123123169e-06,
      "max_s": 9.12696123123169e-06
    },
    "batch_train_loss_mean": 0.9563872107537463,
    "avg_batch_nodes": 14226.0625,
    "avg_batch_edges": 15139.296875,
    "avg_seed_node_ratio": 0.017995836243802483,
    "topo_query_sent_ms": null,
    "topo_first_record_ms": null,
    "topo_transfer_ms": null,
    "topo_etl_ms": 9.547276340739486,
    "feat_x_query_sent_ms": null,
    "feat_x_first_record_ms": null,
    "feat_x_transfer_ms": null,
    "feat_x_etl_ms": 18.89652655302704,
    "feat_x_etl_parse_ms": null,
    "feat_y_query_sent_ms": null,
    "feat_y_first_record_ms": null,
    "feat_y_transfer_ms": null,
    "feat_y_etl_ms": null,
    "network_baseline_ms": 134.4069519987354,
    "avg_feat_bytes": 5677899.7402597405,
    "sampler_avg_db_exec_time_ms": 0,
    "sampler_avg_network_transfer_ms": 123.26623376623377,
    "sampler_avg_driver_overhead_ms": 134.4069519987354,
    "sampler_avg_result_consumed_after_ms": 123.26623376623377,
    "sampler_avg_result_available_after_ms": 0.7727272727272727,
    "sampler_avg_client_wall_time_ms": 134.4069519987354,
    "sampler_avg_query_startup_ms": 0.7727272727272727,
    "sampler_avg_exec_serialize_ms": 122.4935064935065,
    "sampler_avg_client_recv_ms": 11.140718232501627,
    "feat_x_avg_db_exec_time_ms": 0,
    "feat_x_avg_network_transfer_ms": 124.16103896103895,
    "feat_x_avg_driver_overhead_ms": 138.04999012500048,
    "feat_x_avg_result_consumed_after_ms": 124.16103896103895,
    "feat_x_avg_result_available_after_ms": 3.016883116883117,
    "feat_x_avg_client_wall_time_ms": 138.04999012500048,
    "feat_x_avg_query_startup_ms": 3.016883116883117,
    "feat_x_avg_exec_serialize_ms": 121.14415584415583,
    "feat_x_avg_client_recv_ms": 13.888951163961522,
    "topo_fetch_ms": 134.4069519987354
  }
}