{
  "run": {
    "csv": "/Users/victorpekkari/Desktop/neo4j-mpgnn-thesis/experiment_results/sampler_comparison/comparison_15/Neo4jNeighborSampler/run_2/measurements.csv",
    "runtime_s": 47.324145749997115,
    "training_time_s": 45.51132999997935,
    "epochs_completed": 100,
    "batches_seen": 400,
    "nbr_training_datapoints": 140.0
  },
  "metrics": {
    "throughput_samples_per_s": 307.6157080007627,
    "epoch_time_s": {
      "count": 100,
      "total_s": 12.609882457269123,
      "mean_s": 0.12609882457269123,
      "p50_s": 0.12358812500315253,
      "p90_s": 0.13343765389872717,
      "p99_s": 0.15903631582536049,
      "min_s": 0.11625287498463877,
      "max_s": 0.18255533301271498
    },
    "sampling_phase_time_s": {
      "count": 400,
      "total_s": 11.958358869858785,
      "mean_s": 0.02989589717464696,
      "p50_s": 0.02948393751285039,
      "p90_s": 0.033937025305931456,
      "p99_s": 0.043229137244925345,
      "min_s": 0.024762874993029982,
      "max_s": 0.07947558301384561
    },
    "training_phase_time_s": {
      "count": 400,
      "total_s": 0.630719348002458,
      "mean_s": 0.001576798370006145,
      "p50_s": 0.0014890205202391371,
      "p90_s": 0.001717787509551272,
      "p99_s": 0.0023829183532507125,
      "min_s": 0.001114500017138198,
      "max_s": 0.013178708002669737
    },
    "convergence_time_s": null,
    "converged_epoch": null,
    "avg_cpu_utilization": 56.636956521739144,
    "final_validation_accuracy": 0.7800000239217074,
    "best_validation_accuracy": 0.7800000239942284,
    "time_to_first_validation_accuracy_s": 1.9219769169867504,
    "time_to_best_accuracy_s": 45.96489233398461,
    "final_validation_loss": 0.8575948476791382,
    "best_validation_loss": 0.8431594967842102,
    "time_to_best_loss_s": 42.23258966699359,
    "final_test_accuracy": 0.7850000231751594,
    "best_test_accuracy": 0.7850000231751594,
    "time_to_best_test_accuracy_s": 48.65717529199901,
    "remote_feature_latency_s": {
      "count": 0,
      "total_s": 0.0,
      "mean_s": null,
      "p50_s": null,
      "p90_s": null,
      "p99_s": null,
      "min_s": null,
      "max_s": null
    },
    "remote_feature_total_s": 0.0,
    "cache_hits": 0,
    "cache_misses": 0,
    "cache_hit_rate": null,
    "validation_time_s": {
      "count": 100,
      "total_s": 33.27544307918288,
      "mean_s": 0.33275443079182876,
      "p50_s": 0.3302596245048335,
      "p90_s": 0.34092990481294694,
      "p99_s": 0.3870323278100115,
      "min_s": 0.31608445799793117,
      "max_s": 0.41904999999678694
    },
    "saving_weights_time_s": {
      "count": 67,
      "total_s": 0.00016037799650803208,
      "mean_s": 2.393701440418389e-06,
      "p50_s": 2.1249870769679546e-06,
      "p90_s": 2.708390820771456e-06,
      "p99_s": 7.436056039296108e-06,
      "min_s": 1.7079873941838741e-06,
      "max_s": 1.0709016351029277e-05
    },
    "batch_train_loss_mean": 0.536487193624489,
    "avg_batch_nodes": 340.5525,
    "avg_batch_edges": 547.6975,
    "avg_seed_node_ratio": 0.08896711408557968
  },
  "notes": [
    "GPU/CPU utilization and explicit DB write/query timings are not in the Measurer CSV (unless you log them); this parser will report None for those.",
    "throughput_samples_per_s assumes nbr_training_datapoints is per-epoch; if it's total across training, remove the * epochs_completed multiplier.",
    "remote_feature_total_s is a proxy for time spent waiting on remote feature reads (DB reads)."
  ]
}