{
  "run": {
    "csv": "/var/lib/neo4j/data/projects/neo4j-mpgnn-thesis/experiment_results/results/run_38_2026-06-02/measurements.csv",
    "runtime_s": 364.2851793030277,
    "training_time_s": 359.1296852603555,
    "epochs_completed": 1,
    "batches_seen": 1536,
    "nbr_training_datapoints": 196615.0
  },
  "metrics": {
    "throughput_samples_per_s": 547.4763242071218,
    "epoch_time_s": {
      "count": 1,
      "total_s": 359.45740687754005,
      "mean_s": 359.45740687754005,
      "p50_s": 359.45740687754005,
      "p90_s": 359.45740687754005,
      "p99_s": 359.45740687754005,
      "min_s": 359.45740687754005,
      "max_s": 359.45740687754005
    },
    "sampling_phase_time_s": {
      "count": 1536,
      "total_s": 308.3365065129474,
      "mean_s": 0.20073991309436678,
      "p50_s": 0.19293731497600675,
      "p90_s": 0.2199405669234693,
      "p99_s": 0.4434795710258197,
      "min_s": 0.1730410484597087,
      "max_s": 0.5519729470834136
    },
    "training_phase_time_s": {
      "count": 1536,
      "total_s": 31.605191126465797,
      "mean_s": 0.020576296306292836,
      "p50_s": 0.02056065946817398,
      "p90_s": 0.022023103199899197,
      "p99_s": 0.024221419310197265,
      "min_s": 0.016453745774924755,
      "max_s": 0.27213458996266127
    },
    "convergence_time_s": null,
    "converged_epoch": null,
    "avg_cpu_utilization": null,
    "final_validation_accuracy": 0.0,
    "best_validation_accuracy": 0.0,
    "time_to_first_validation_accuracy_s": 364.2851294418797,
    "time_to_best_accuracy_s": 364.2851294418797,
    "final_validation_loss": 0.0,
    "best_validation_loss": 0.0,
    "time_to_best_loss_s": 364.2851416794583,
    "final_test_accuracy": 0.0,
    "best_test_accuracy": 0.0,
    "time_to_best_test_accuracy_s": 365.34278665483,
    "remote_feature_latency_s": {
      "count": 1536,
      "total_s": 141.69041341915727,
      "mean_s": 0.09224636290309718,
      "p50_s": 0.09009578311815858,
      "p90_s": 0.10428573144599795,
      "p99_s": 0.11812610626220704,
      "min_s": 0.08166291378438473,
      "max_s": 0.18611084017902613
    },
    "remote_feature_total_s": 141.69041341915727,
    "cache_hits": 1536,
    "cache_misses": 1536,
    "cache_hit_rate": 0.5,
    "validation_time_s": {
      "count": 1,
      "total_s": 0.8350582839921117,
      "mean_s": 0.8350582839921117,
      "p50_s": 0.8350582839921117,
      "p90_s": 0.8350582839921117,
      "p99_s": 0.8350582839921117,
      "min_s": 0.8350582839921117,
      "max_s": 0.8350582839921117
    },
    "saving_weights_time_s": {
      "count": 1,
      "total_s": 9.40915197134018e-06,
      "mean_s": 9.40915197134018e-06,
      "p50_s": 9.40915197134018e-06,
      "p90_s": 9.40915197134018e-06,
      "p99_s": 9.40915197134018e-06,
      "min_s": 9.40915197134018e-06,
      "max_s": 9.40915197134018e-06
    },
    "batch_train_loss_mean": 0.6497497001740461,
    "avg_batch_nodes": 7179.874348958333,
    "avg_batch_edges": 7584.162760416667,
    "avg_seed_node_ratio": 0.017828841602193852,
    "topo_query_sent_ms": null,
    "topo_first_record_ms": null,
    "topo_transfer_ms": null,
    "topo_etl_ms": 4.950257743378946,
    "feat_x_query_sent_ms": null,
    "feat_x_first_record_ms": null,
    "feat_x_transfer_ms": null,
    "feat_x_etl_ms": 9.381662064091264,
    "feat_x_etl_parse_ms": null,
    "feat_y_query_sent_ms": null,
    "feat_y_first_record_ms": null,
    "feat_y_transfer_ms": null,
    "feat_y_etl_ms": null,
    "network_baseline_ms": 75.7949651463908,
    "avg_feat_bytes": 1063985.9375,
    "sampler_avg_db_exec_time_ms": 0,
    "sampler_avg_network_transfer_ms": 67.47395833333333,
    "sampler_avg_driver_overhead_ms": 75.7949651463908,
    "sampler_avg_result_consumed_after_ms": 67.47395833333333,
    "sampler_avg_result_available_after_ms": 0.798828125,
    "sampler_avg_client_wall_time_ms": 75.7949651463908,
    "sampler_avg_query_startup_ms": 0.798828125,
    "sampler_avg_exec_serialize_ms": 66.67513020833333,
    "sampler_avg_client_recv_ms": 8.321006813057465,
    "feat_x_avg_db_exec_time_ms": 0.0,
    "feat_x_avg_network_transfer_ms": 72.328125,
    "feat_x_avg_driver_overhead_ms": 90.4943751738756,
    "feat_x_avg_result_consumed_after_ms": 72.328125,
    "feat_x_avg_result_available_after_ms": 6.952473958333333,
    "feat_x_avg_client_wall_time_ms": 90.4943751738756,
    "feat_x_avg_query_startup_ms": 6.952473958333333,
    "feat_x_avg_exec_serialize_ms": 65.37565104166667,
    "feat_x_avg_client_recv_ms": 18.166250173875596,
    "topo_fetch_ms": 75.7949651463908
  },
  "notes": [
    "GPU/CPU utilization and explicit DB write/query timings are not in the Measurer CSV (unless you log them); this parser will report None for those.",
    "throughput_samples_per_s assumes nbr_training_datapoints is per-epoch; if it's total across training, remove the * epochs_completed multiplier.",
    "remote_feature_total_s is a proxy for time spent waiting on remote feature reads (DB reads)."
  ]
}