{
  "run": {
    "csv": "/Users/victorpekkari/Desktop/neo4j-mpgnn-thesis/experiment_results/sampler_comparison/comparison_15/PyGNeighborLoader/run_5/measurements.csv",
    "runtime_s": 2.6962744170159567,
    "training_time_s": 1.1328776669979561,
    "epochs_completed": 100,
    "batches_seen": 400,
    "nbr_training_datapoints": 140.0
  },
  "metrics": {
    "throughput_samples_per_s": 12357.909779525435,
    "epoch_time_s": {
      "count": 100,
      "total_s": 0.6568026999593712,
      "mean_s": 0.006568026999593713,
      "p50_s": 0.006282917005592026,
      "p90_s": 0.006701033900026233,
      "p99_s": 0.01976028949924512,
      "min_s": 0.005533916992135346,
      "max_s": 0.020453042001463473
    },
    "sampling_phase_time_s": {
      "count": 400,
      "total_s": 0.13261146398144774,
      "mean_s": 0.00033152865995361936,
      "p50_s": 0.00032214549719356,
      "p90_s": 0.0004114541894523427,
      "p99_s": 0.0005220224792719809,
      "min_s": 0.000226958014536649,
      "max_s": 0.0011956249945797026
    },
    "training_phase_time_s": {
      "count": 400,
      "total_s": 0.5058098310837522,
      "mean_s": 0.0012645245777093805,
      "p50_s": 0.0012198539916425943,
      "p90_s": 0.0014247704966692254,
      "p99_s": 0.0020109395802137436,
      "min_s": 0.0009022919985000044,
      "max_s": 0.01509975001681596
    },
    "convergence_time_s": null,
    "converged_epoch": null,
    "avg_cpu_utilization": 137.6,
    "final_validation_accuracy": 0.7640000230892272,
    "best_validation_accuracy": 0.78600002406165,
    "time_to_first_validation_accuracy_s": 1.5768795000039972,
    "time_to_best_accuracy_s": 2.4347657920152415,
    "final_validation_loss": 0.8575718998908997,
    "best_validation_loss": 0.8330903053283691,
    "time_to_best_loss_s": 2.617980625014752,
    "final_test_accuracy": 0.7820000234140276,
    "best_test_accuracy": 0.7820000234140276,
    "time_to_best_test_accuracy_s": 3.6053408330189995,
    "remote_feature_latency_s": {
      "count": 0,
      "total_s": 0.0,
      "mean_s": null,
      "p50_s": null,
      "p90_s": null,
      "p99_s": null,
      "min_s": null,
      "max_s": null
    },
    "remote_feature_total_s": 0.0,
    "cache_hits": 0,
    "cache_misses": 0,
    "cache_hit_rate": null,
    "validation_time_s": {
      "count": 100,
      "total_s": 0.488651165884221,
      "mean_s": 0.00488651165884221,
      "p50_s": 0.004845249990466982,
      "p90_s": 0.005192004208220169,
      "p99_s": 0.006346141755348076,
      "min_s": 0.004250750003848225,
      "max_s": 0.007341958989854902
    },
    "saving_weights_time_s": {
      "count": 74,
      "total_s": 0.00020862009841948748,
      "mean_s": 2.8191905191822633e-06,
      "p50_s": 2.0830048015341163e-06,
      "p90_s": 2.5420071324333548e-06,
      "p99_s": 1.901742740301397e-05,
      "min_s": 1.4579854905605316e-06,
      "max_s": 5.2749994210898876e-05
    },
    "batch_train_loss_mean": 0.5852039590058848,
    "avg_batch_nodes": 352.975,
    "avg_batch_edges": 569.4875,
    "avg_seed_node_ratio": 0.08604189176787949
  },
  "notes": [
    "GPU/CPU utilization and explicit DB write/query timings are not in the Measurer CSV (unless you log them); this parser will report None for those.",
    "throughput_samples_per_s assumes nbr_training_datapoints is per-epoch; if it's total across training, remove the * epochs_completed multiplier.",
    "remote_feature_total_s is a proxy for time spent waiting on remote feature reads (DB reads)."
  ]
}