{
  "run": {
    "csv": "/Users/victorpekkari/Desktop/neo4j-mpgnn-thesis/experiment_results/sampler_comparison/comparison_15/PyGNeighborLoader/run_0/measurements.csv",
    "runtime_s": 2.654588999983389,
    "training_time_s": 1.1098898329946678,
    "epochs_completed": 100,
    "batches_seen": 400,
    "nbr_training_datapoints": 140.0
  },
  "metrics": {
    "throughput_samples_per_s": 12613.864533046191,
    "epoch_time_s": {
      "count": 100,
      "total_s": 0.6527122481202241,
      "mean_s": 0.006527122481202241,
      "p50_s": 0.006249103986192495,
      "p90_s": 0.006788796107866802,
      "p99_s": 0.011761202916386642,
      "min_s": 0.004975584015483037,
      "max_s": 0.032150540995644405
    },
    "sampling_phase_time_s": {
      "count": 400,
      "total_s": 0.1325077257642988,
      "mean_s": 0.00033126931441074703,
      "p50_s": 0.0003153750003548339,
      "p90_s": 0.00043268779991194605,
      "p99_s": 0.000522264986648224,
      "min_s": 0.00022262500715442002,
      "max_s": 0.0014859169896226376
    },
    "training_phase_time_s": {
      "count": 400,
      "total_s": 0.4849319458298851,
      "mean_s": 0.0012123298645747127,
      "p50_s": 0.0011854579934151843,
      "p90_s": 0.0014993588993092999,
      "p99_s": 0.0017506986824446353,
      "min_s": 0.0008929999894462526,
      "max_s": 0.0033667499956209213
    },
    "convergence_time_s": null,
    "converged_epoch": null,
    "avg_cpu_utilization": 136.35,
    "final_validation_accuracy": 0.7880000240841238,
    "best_validation_accuracy": 0.7880000240841238,
    "time_to_first_validation_accuracy_s": 1.557552874990506,
    "time_to_best_accuracy_s": 2.654579374997411,
    "final_validation_loss": 0.8298033475875854,
    "best_validation_loss": 0.8165295124053955,
    "time_to_best_loss_s": 2.5883738749835175,
    "final_test_accuracy": 0.7840000235090225,
    "best_test_accuracy": 0.7840000235090225,
    "time_to_best_test_accuracy_s": 3.5725390419829637,
    "remote_feature_latency_s": {
      "count": 0,
      "total_s": 0.0,
      "mean_s": null,
      "p50_s": null,
      "p90_s": null,
      "p99_s": null,
      "min_s": null,
      "max_s": null
    },
    "remote_feature_total_s": 0.0,
    "cache_hits": 0,
    "cache_misses": 0,
    "cache_hit_rate": null,
    "validation_time_s": {
      "count": 100,
      "total_s": 0.4820540430082474,
      "mean_s": 0.004820540430082474,
      "p50_s": 0.0047285834880312905,
      "p90_s": 0.005122266701073385,
      "p99_s": 0.0065114005786017755,
      "min_s": 0.00415075002820231,
      "max_s": 0.011138125002617016
    },
    "saving_weights_time_s": {
      "count": 75,
      "total_s": 0.00016437380691058934,
      "mean_s": 2.1916507588078577e-06,
      "p50_s": 2.1250161807984114e-06,
      "p90_s": 2.6250199880450964e-06,
      "p99_s": 4.621270345523962e-06,
      "min_s": 1.374981366097927e-06,
      "max_s": 5.917012458667159e-06
    },
    "batch_train_loss_mean": 0.5876300633931533,
    "avg_batch_nodes": 353.6075,
    "avg_batch_edges": 569.61,
    "avg_seed_node_ratio": 0.08590207815752951
  },
  "notes": [
    "GPU/CPU utilization and explicit DB write/query timings are not in the Measurer CSV (unless you log them); this parser will report None for those.",
    "throughput_samples_per_s assumes nbr_training_datapoints is per-epoch; if it's total across training, remove the * epochs_completed multiplier.",
    "remote_feature_total_s is a proxy for time spent waiting on remote feature reads (DB reads)."
  ]
}