{
  "n_runs": 3,
  "metrics": {
    "best_validation_accuracy": {
      "mean": 0.86,
      "std": 0.014142135623730965,
      "ci_95": 0.016003332986183446
    },
    "final_validation_accuracy": {
      "mean": 0.8333333333333334,
      "std": 0.018856180831641284,
      "ci_95": 0.021337777314911262
    },
    "throughput_samples_per_s": {
      "mean": 837.7232087998963,
      "std": 10.47830256675795,
      "ci_95": 11.857315582833378
    },
    "time_to_best_accuracy_s": {
      "mean": 13.386772457975894,
      "std": 1.0717284130969829,
      "ci_95": 1.2127748680874384
    },
    "training_time_s": {
      "mean": 15.043102124977546,
      "std": 0.1866518900172515,
      "ci_95": 0.21121649713457666
    },
    "avg_batch_nodes": {
      "mean": 356.7083333333333,
      "std": 0.5249779536817175,
      "ci_95": 0.5940684792384467
    },
    "avg_batch_edges": {
      "mean": 570.8657407407408,
      "std": 1.7643070856445104,
      "ci_95": 1.9965014148268436
    },
    "remote_feature_total_s": {
      "mean": 10.108123678791648,
      "std": 0.02030184016592643,
      "ci_95": 0.022973694854291068
    },
    "sampling_mean_s": {
      "mean": 0.030661060226136922,
      "std": 0.0004919590659206181,
      "ci_95": 0.0005567040903135096
    },
    "training_mean_s": {
      "mean": 0.003835716431300777,
      "std": 0.00013893473832297587,
      "ci_95": 0.00015721945679829824
    },
    "sampling_overhead_fraction": {
      "mean": 0.888770466768796,
      "std": 0.004796011284893536,
      "ci_95": 0.005427197676484741
    },
    "batch_nodes_cv": {
      "mean": 0.09215663851181895,
      "std": 0.002298019758876067,
      "ci_95": 0.002600454159724746
    },
    "epochs_to_best_accuracy": {
      "mean": 65.0,
      "std": 10.198039027185569,
      "ci_95": 11.54016753200172
    },
    "feature_fetch_overhead_fraction": {
      "mean": 0.672065115120128,
      "std": 0.009754467592137425,
      "ci_95": 0.011038219200639167
    },
    "topo_fetch_ms": {
      "mean": 5.341590624989835,
      "std": 0.4771254725884322,
      "ci_95": 0.5399182992708711
    },
    "topo_etl_ms": {
      "mean": 0.17508401861277556,
      "std": 0.003558143504285686,
      "ci_95": 0.004026418415628732
    },
    "feat_x_etl_ms": {
      "mean": 0.4323067638623732,
      "std": 0.002946696964634498,
      "ci_95": 0.003334501520073882
    },
    "network_baseline_ms": {
      "mean": 5.341590624989835,
      "std": 0.4771254725884322,
      "ci_95": 0.5399182992708711
    }
  }
}