{
  "n_runs": 3,
  "run": {
    "runtime_s": {
      "mean": 16.015767333020147,
      "std": 0.12499621497734635,
      "ci_95": 0.1414465327951163
    },
    "training_time_s": {
      "mean": 15.043102124977546,
      "std": 0.2286009450341757,
      "ci_95": 0.258686321618869
    },
    "epochs_completed": {
      "mean": 90.0,
      "std": 0.0,
      "ci_95": 0.0
    },
    "batches_seen": {
      "mean": 360.0,
      "std": 0.0,
      "ci_95": 0.0
    },
    "nbr_training_datapoints": {
      "mean": 140.0,
      "std": 0.0,
      "ci_95": 0.0
    }
  },
  "metrics": {
    "throughput_samples_per_s": {
      "mean": 837.7232087998963,
      "std": 12.833247329526124,
      "ci_95": 14.52218644854675
    },
    "epoch_time_s": {
      "count": {
        "mean": 90.0,
        "std": 0.0,
        "ci_95": 0.0
      },
      "total_s": {
        "mean": 12.590214943008808,
        "std": 0.1831439115859664,
        "ci_95": 0.20724684584301353
      },
      "mean_s": {
        "mean": 0.1398912771445423,
        "std": 0.002034932350955176,
        "ci_95": 0.002302742731589032
      },
      "p50_s": {
        "mean": 0.06627315286702166,
        "std": 0.0016647438563008063,
        "ci_95": 0.0018838350145914105
      },
      "p90_s": {
        "mean": 0.07190052214233826,
        "std": 0.0007034303337287983,
        "ci_95": 0.0007960063573675611
      },
      "p99_s": {
        "mean": 3.268519811816901,
        "std": 0.07771914286881983,
        "ci_95": 0.08794748939074022
      },
      "min_s": {
        "mean": 0.05766804163188984,
        "std": 0.00047451373114542705,
        "ci_95": 0.0005369628356055327
      },
      "max_s": {
        "mean": 3.4282176669997475,
        "std": 0.23365110857291682,
        "ci_95": 0.2644011196448149
      }
    },
    "sampling_phase_time_s": {
      "count": {
        "mean": 360.0,
        "std": 0.0,
        "ci_95": 0.0
      },
      "total_s": {
        "mean": 11.037981681409292,
        "std": 0.21690876345151472,
        "ci_95": 0.24545537261790895
      },
      "mean_s": {
        "mean": 0.030661060226136922,
        "std": 0.0006025243429208737,
        "ci_95": 0.0006818204794941909
      },
      "p50_s": {
        "mean": 0.014807680330704898,
        "std": 0.0003951066566790157,
        "ci_95": 0.0004471052718007958
      },
      "p90_s": {
        "mean": 0.01762454207831373,
        "std": 0.00022506929361110393,
        "ci_95": 0.00025468988181527195
      },
      "p99_s": {
        "mean": 0.6880830982148964,
        "std": 0.007279020203892637,
        "ci_95": 0.008236986777342113
      },
      "min_s": {
        "mean": 0.011182750303608676,
        "std": 0.0002521274952522598,
        "ci_95": 0.0002853091194178367
      },
      "max_s": {
        "mean": 0.9708914863488948,
        "std": 0.23173054910730703,
        "ci_95": 0.26222780201686446
      }
    },
    "training_phase_time_s": {
      "count": {
        "mean": 360.0,
        "std": 0.0,
        "ci_95": 0.0
      },
      "total_s": {
        "mean": 1.3808579152682796,
        "std": 0.061257458958910965,
        "ci_95": 0.06931934042280741
      },
      "mean_s": {
        "mean": 0.003835716431300777,
        "std": 0.00017015960821919714,
        "ci_95": 0.00019255372339668726
      },
      "p50_s": {
        "mean": 0.0013513333396986127,
        "std": 3.131664044925441e-05,
        "ci_95": 3.543811475524385e-05
      },
      "p90_s": {
        "mean": 0.0015180598595179618,
        "std": 3.916333194624828e-05,
        "ci_95": 4.4317482073397066e-05
      },
      "p99_s": {
        "mean": 0.11186622010699178,
        "std": 0.00805740216392339,
        "ci_95": 0.009117808884288077
      },
      "min_s": {
        "mean": 0.001045096976061662,
        "std": 5.369007109550504e-05,
        "ci_95": 6.075603491960797e-05
      },
      "max_s": {
        "mean": 0.1294216807000339,
        "std": 0.00675150674896125,
        "ci_95": 0.007640049108338771
      }
    },
    "final_validation_accuracy": {
      "mean": 0.8333333333333334,
      "std": 0.02309401076758505,
      "ci_95": 0.026133333333333352
    },
    "best_validation_accuracy": {
      "mean": 0.86,
      "std": 0.01732050807568879,
      "ci_95": 0.01960000000000002
    },
    "time_to_first_validation_accuracy_s": {
      "mean": 3.5300632496752464,
      "std": 0.2458955499928022,
      "ci_95": 0.27825700948251586
    },
    "time_to_best_accuracy_s": {
      "mean": 13.386772457975894,
      "std": 1.3125938774651762,
      "ci_95": 1.4853397998427014
    },
    "final_validation_loss": {
      "mean": 0.6478203137715658,
      "std": 0.016747640992238313,
      "ci_95": 0.018951739868913603
    },
    "best_validation_loss": {
      "mean": 0.6463495890299479,
      "std": 0.019102091829895262,
      "ci_95": 0.021616051805746963
    },
    "time_to_best_loss_s": {
      "mean": 15.908533680330342,
      "std": 0.2423851641954065,
      "ci_95": 0.2742846339997476
    },
    "final_test_accuracy": {
      "mean": 0.7830000234869491,
      "std": 0.006244998087393609,
      "ci_95": 0.00706688060061698
    },
    "best_test_accuracy": {
      "mean": 0.7830000234869491,
      "std": 0.006244998087393609,
      "ci_95": 0.00706688060061698
    },
    "time_to_best_test_accuracy_s": {
      "mean": 16.24266612463786,
      "std": 0.20919249157220646,
      "ci_95": 0.23672358899045737
    },
    "remote_feature_latency_s": {
      "count": {
        "mean": 454.0,
        "std": 0.0,
        "ci_95": 0.0
      },
      "total_s": {
        "mean": 10.108123678791648,
        "std": 0.024864574623030163,
        "ci_95": 0.028136914949708325
      },
      "mean_s": {
        "mean": 0.022264589600862656,
        "std": 5.476778551328283e-05,
        "ci_95": 6.197558358966652e-05
      },
      "p50_s": {
        "mean": 0.009200666526642939,
        "std": 0.00011242477855554285,
        "ci_95": 0.0001272206132787484
      },
      "p90_s": {
        "mean": 0.018928609815581393,
        "std": 0.00024040089211962502,
        "ci_95": 0.0002720392187662357
      },
      "p99_s": {
        "mean": 0.6170578236637322,
        "std": 0.014693993382204888,
        "ci_95": 0.016627818827985683
      },
      "min_s": {
        "mean": 0.006890764343552291,
        "std": 0.00025117026670822625,
        "ci_95": 0.0002842259133489921
      },
      "max_s": {
        "mean": 0.7746351943351328,
        "std": 0.03671593301908788,
        "ci_95": 0.04154798947175257
      }
    },
    "remote_feature_total_s": {
      "mean": 10.108123678791648,
      "std": 0.024864574623030163,
      "ci_95": 0.028136914949708325
    },
    "cache_hits": {
      "mean": 454.0,
      "std": 0.0,
      "ci_95": 0.0
    },
    "cache_misses": {
      "mean": 454.0,
      "std": 0.0,
      "ci_95": 0.0
    },
    "cache_hit_rate": {
      "mean": 0.5,
      "std": 0.0,
      "ci_95": 0.0
    },
    "validation_time_s": {
      "count": {
        "mean": 90.0,
        "std": 0.0,
        "ci_95": 0.0
      },
      "total_s": {
        "mean": 3.3668893455760553,
        "std": 0.11462589860543997,
        "ci_95": 0.1297114150952689
      },
      "mean_s": {
        "mean": 0.03740988161751173,
        "std": 0.0012736210956160007,
        "ci_95": 0.0014412379455029888
      },
      "p50_s": {
        "mean": 0.03716422215802595,
        "std": 0.002315931112487469,
        "ci_95": 0.0026207227643897683
      },
      "p90_s": {
        "mean": 0.04106349316425622,
        "std": 0.00025117642709931114,
        "ci_95": 0.0002842328844877564
      },
      "p99_s": {
        "mean": 0.04685689067623267,
        "std": 0.0045934441118840735,
        "ci_95": 0.005197971341227392
      },
      "min_s": {
        "mean": 0.032709375295477607,
        "std": 0.0004698483604714944,
        "ci_95": 0.0005316834716971823
      },
      "max_s": {
        "mean": 0.04922518068148444,
        "std": 0.0048313319876220765,