{
  "run": {
    "csv": "/var/lib/neo4j/data/projects/neo4j-mpgnn-thesis/experiment_results/results/run_26_2026-05-12/measurements.csv",
    "runtime_s": 1034.4837416741066,
    "training_time_s": 916.8584078322165,
    "epochs_completed": 2,
    "batches_seen": 80,
    "nbr_training_datapoints": 20695.0
  },
  "metrics": {
    "throughput_samples_per_s": 45.14328455345779,
    "epoch_time_s": {
      "count": 2,
      "total_s": 826.7423714129254,
      "mean_s": 413.3711857064627,
      "p50_s": 413.3711857064627,
      "p90_s": 418.6832961237989,
      "p99_s": 419.8785209676996,
      "min_s": 406.73104768479243,
      "max_s": 420.011323728133
    },
    "sampling_phase_time_s": {
      "count": 80,
      "total_s": 803.096299815923,
      "mean_s": 10.038703747699037,
      "p50_s": 9.799905642401427,
      "p90_s": 11.316412437381224,
      "p99_s": 12.103990851254203,
      "min_s": 9.10949043976143,
      "max_s": 12.174259206745774
    },
    "training_phase_time_s": {
      "count": 80,
      "total_s": 22.191573354415596,
      "mean_s": 0.27739466693019493,
      "p50_s": 0.2651760473381728,
      "p90_s": 0.2953195028472692,
      "p99_s": 0.4927120642503719,
      "min_s": 0.23900362197309732,
      "max_s": 0.5517385969869792
    },
    "convergence_time_s": null,
    "converged_epoch": null,
    "avg_cpu_utilization": null,
    "final_validation_accuracy": 0.9478109526459496,
    "best_validation_accuracy": 0.9478109526459496,
    "time_to_first_validation_accuracy_s": 507.2329227249138,
    "time_to_best_accuracy_s": 1034.4836923070252,
    "final_validation_loss": 0.1869171410799026,
    "best_validation_loss": 0.1869171410799026,
    "time_to_best_loss_s": 1034.4837049921043,
    "final_test_accuracy": 0.9415941608222356,
    "best_test_accuracy": 0.9415941608222356,
    "time_to_best_test_accuracy_s": 1139.1699102171697,
    "remote_feature_latency_s": {
      "count": 161,
      "total_s": 1029.1383525333367,
      "mean_s": 6.392163680331284,
      "p50_s": 4.97126077581197,
      "p90_s": 9.908669386990368,
      "p99_s": 11.41586307892576,
      "min_s": 2.6967699569649994,
      "max_s": 11.768789244350046
    },
    "remote_feature_total_s": 1029.1383525333367,
    "cache_hits": 161,
    "cache_misses": 161,
    "cache_hit_rate": 0.5,
    "validation_time_s": {
      "count": 2,
      "total_s": 207.31015627784654,
      "mean_s": 103.65507813892327,
      "p50_s": 103.65507813892327,
      "p90_s": 106.52252210224978,
      "p99_s": 107.16769699399825,
      "min_s": 100.07077318476513,
      "max_s": 107.23938309308141
    },
    "saving_weights_time_s": {
      "count": 2,
      "total_s": 2.44947150349617e-05,
      "mean_s": 1.224735751748085e-05,
      "p50_s": 1.224735751748085e-05,
      "p90_s": 1.4735106378793717e-05,
      "p99_s": 1.5294849872589112e-05,
      "min_s": 9.137671440839767e-06,
      "max_s": 1.5357043594121933e-05
    },
    "batch_train_loss_mean": 0.5072403378784657,
    "avg_batch_nodes": 12061.0625,
    "avg_batch_edges": 21417.975,
    "avg_seed_node_ratio": 0.0424560143281935,
    "topo_query_sent_ms": null,
    "topo_first_record_ms": null,
    "topo_transfer_ms": null,
    "topo_etl_ms": 7.093513410492158,
    "feat_x_query_sent_ms": null,
    "feat_x_first_record_ms": null,
    "feat_x_transfer_ms": null,
    "feat_x_etl_ms": 201.87562474726428,
    "feat_x_etl_parse_ms": null,
    "feat_y_query_sent_ms": null,
    "feat_y_first_record_ms": null,
    "feat_y_transfer_ms": null,
    "feat_y_etl_ms": null,
    "network_baseline_ms": 41.852839117557366,
    "avg_feat_bytes": 195492680.49689442,
    "sampler_avg_db_exec_time_ms": 0,
    "sampler_avg_network_transfer_ms": 34.732919254658384,
    "sampler_avg_driver_overhead_ms": 41.852839117557366,
    "sampler_avg_result_consumed_after_ms": 34.732919254658384,
    "sampler_avg_result_available_after_ms": 1.4099378881987579,
    "sampler_avg_client_wall_time_ms": 41.852839117557366,
    "sampler_avg_query_startup_ms": 1.4099378881987579,
    "sampler_avg_exec_serialize_ms": 33.32298136645963,
    "sampler_avg_client_recv_ms": 7.119919862898982,
    "feat_x_avg_db_exec_time_ms": 0,
    "feat_x_avg_network_transfer_ms": 2041.6024844720496,
    "feat_x_avg_driver_overhead_ms": 6389.83407170911,
    "feat_x_avg_result_consumed_after_ms": 2041.6024844720496,
    "feat_x_avg_result_available_after_ms": 15.136645962732919,
    "feat_x_avg_client_wall_time_ms": 6389.83407170911,
    "feat_x_avg_query_startup_ms": 15.136645962732919,
    "feat_x_avg_exec_serialize_ms": 2026.4658385093167,
    "feat_x_avg_client_recv_ms": 4348.23158723706,
    "topo_fetch_ms": 41.852839117557366
  },
  "notes": [
    "GPU/CPU utilization and explicit DB write/query timings are not in the Measurer CSV (unless you log them); this parser will report None for those.",
    "throughput_samples_per_s assumes nbr_training_datapoints is per-epoch; if it's total across training, remove the * epochs_completed multiplier.",
    "remote_feature_total_s is a proxy for time spent waiting on remote feature reads (DB reads)."
  ]
}