{
  "run": {
    "csv": "/Users/victorpekkari/Desktop/neo4j-mpgnn-thesis/experiments/results/run_9/measurements.csv",
    "runtime_s": 30.33522362500662,
    "training_time_s": 28.31099462500424,
    "epochs_completed": 50,
    "batches_seen": 50,
    "nbr_training_datapoints": 140.0
  },
  "metrics": {
    "throughput_samples_per_s": 247.25376457871272,
    "epoch_time_s": {
      "count": 50,
      "total_s": 7.983853412020835,
      "mean_s": 0.1596770682404167,
      "p50_s": 0.15064583350613248,
      "p90_s": 0.16025277970038587,
      "p99_s": 0.3819350123373434,
      "min_s": 0.13563316699583083,
      "max_s": 0.5918312080029864
    },
    "sampling_phase_time_s": {
      "count": 50,
      "total_s": 7.765916627060506,
      "mean_s": 0.1553183325412101,
      "p50_s": 0.14692464600375388,
      "p90_s": 0.15651862050726778,
      "p99_s": 0.36379239466797947,
      "min_s": 0.13200512499315664,
      "max_s": 0.5602772089914652
    },
    "training_phase_time_s": {
      "count": 50,
      "total_s": 0.20110108704830054,
      "mean_s": 0.0040220217409660105,
      "p50_s": 0.003689687502628658,
      "p90_s": 0.004074624703207519,
      "p99_s": 0.011489072001713766,
      "min_s": 0.003397749998839572,
      "max_s": 0.018368917008046992
    },
    "convergence_time_s": null,
    "converged_epoch": null,
    "avg_cpu_utilization": 84.42413793103448,
    "final_validation_accuracy": 0.6860000211974514,
    "best_validation_accuracy": 0.7240000216969762,
    "time_to_first_validation_accuracy_s": 2.023313416997553,
    "time_to_best_accuracy_s": 26.236459791995003,
    "final_validation_loss": 1.4681594371795654,
    "best_validation_loss": 1.018964171409607,
    "time_to_best_loss_s": 8.919164499995532,
    "final_test_accuracy": 0.7210000211268599,
    "best_test_accuracy": 0.7210000211268599,
    "time_to_best_test_accuracy_s": 30.726204916994902,
    "remote_feature_latency_s": {
      "count": 308,
      "total_s": 11.232472704112297,
      "mean_s": 0.03646906722114382,
      "p50_s": 0.037585020501865074,
      "p90_s": 0.0433377250956255,
      "p99_s": 0.0482174737440073,
      "min_s": 0.008588625001721084,
      "max_s": 0.05019154200272169
    },
    "remote_feature_total_s": 11.232472704112297,
    "cache_hits": 308,
    "cache_misses": 308,
    "cache_hit_rate": 0.5,
    "validation_time_s": {
      "count": 50,
      "total_s": 21.313448998887907,
      "mean_s": 0.42626897997775814,
      "p50_s": 0.42475160399771994,
      "p90_s": 0.43999020059854954,
      "p99_s": 0.4651478424973902,
      "min_s": 0.39394845798960887,
      "max_s": 0.47135700000217184
    },
    "saving_weights_time_s": {
      "count": 13,
      "total_s": 3.1751973438076675e-05,
      "mean_s": 2.4424594952366674e-06,
      "p50_s": 2.334010787308216e-06,
      "p90_s": 2.850004239007831e-06,
      "p99_s": 3.6089139757677903e-06,
      "min_s": 1.5830009942874312e-06,
      "max_s": 3.708992153406143e-06
    },
    "batch_train_loss_mean": 0.2769945444204495,
    "avg_batch_nodes": 1063.12,
    "avg_batch_edges": 2931.4,
    "avg_seed_node_ratio": 0.13170238471995982
  },
  "notes": [
    "GPU/CPU utilization and explicit DB write/query timings are not in the Measurer CSV (unless you log them); this parser will report None for those.",
    "throughput_samples_per_s assumes nbr_training_datapoints is per-epoch; if it's total across training, remove the * epochs_completed multiplier.",
    "remote_feature_total_s is a proxy for time spent waiting on remote feature reads (DB reads)."
  ]
}