{
  "run": {
    "csv": "/home/victor.pekkari/thesis-folder/neo4j-mpgnn-thesis/experiments/results/run_47/measurements.csv",
    "runtime_s": 3731.9557163929567,
    "training_time_s": 3505.329881330952,
    "epochs_completed": 4,
    "batches_seen": 3640,
    "nbr_training_datapoints": 90941.0
  },
  "metrics": {
    "throughput_samples_per_s": 103.77454114586244,
    "epoch_time_s": {
      "count": 4,
      "total_s": 2828.588712236844,
      "mean_s": 707.147178059211,
      "p50_s": 707.4640322214691,
      "p90_s": 713.8232745068381,
      "p99_s": 714.4828829975216,
      "min_s": 699.104474964086,
      "max_s": 714.5561728298198
    },
    "sampling_phase_time_s": {
      "count": 3640,
      "total_s": 2798.0315672354773,
      "mean_s": 0.7686899909987575,
      "p50_s": 0.766357361455448,
      "p90_s": 0.8288953226758167,
      "p99_s": 0.9214152916544122,
      "min_s": 0.3985021780245006,
      "max_s": 1.189832251984626
    },
    "training_phase_time_s": {
      "count": 3640,
      "total_s": 29.862733614398167,
      "mean_s": 0.008204047696263232,
      "p50_s": 0.008253227453678846,
      "p90_s": 0.009782908973284064,
      "p99_s": 0.011114411412272603,
      "min_s": 0.005126990843564272,
      "max_s": 0.023248014971613884
    },
    "convergence_time_s": null,
    "converged_epoch": null,
    "avg_cpu_utilization": 85.53902877697841,
    "final_validation_accuracy": 0.5102691486620305,
    "best_validation_accuracy": 0.5298342202626288,
    "time_to_first_validation_accuracy_s": 939.1449912919197,
    "time_to_best_accuracy_s": 2809.9862060889136,
    "final_validation_loss": 1.664104461669922,
    "best_validation_loss": 1.6202093362808228,
    "time_to_best_loss_s": 2809.9863802099135,
    "final_test_accuracy": 0.5099513464871848,
    "best_test_accuracy": 0.5099513464871848,
    "time_to_best_test_accuracy_s": 3875.312643490033,
    "remote_feature_latency_s": {
      "count": 8450,
      "total_s": 1978.1984770242125,
      "mean_s": 0.23410632864191863,
      "p50_s": 0.20487532240804285,
      "p90_s": 0.42778427528683094,
      "p99_s": 0.5620794641762041,
      "min_s": 0.09955928800627589,
      "max_s": 0.848186933202669
    },
    "remote_feature_total_s": 1978.1984770242125,
    "cache_hits": 8450,
    "cache_misses": 8450,
    "cache_hit_rate": 0.5,
    "validation_time_s": {
      "count": 4,
      "total_s": 900.4457931639627,
      "mean_s": 225.11144829099067,
      "p50_s": 225.1098860084312,
      "p90_s": 226.98562249394598,
      "p99_s": 227.3241337997536,
      "min_s": 222.86427498003468,
      "max_s": 227.36174616706558
    },
    "saving_weights_time_s": {
      "count": 3,
      "total_s": 0.00020926492288708687,
      "mean_s": 6.975497429569562e-05,
      "p50_s": 8.892081677913666e-05,
      "p90_s": 8.917376399040223e-05,
      "p99_s": 8.923067711293698e-05,
      "min_s": 3.11071053147316e-05,
      "max_s": 8.923700079321861e-05
    },
    "batch_train_loss_mean": 1.7941022919757026
  },
  "notes": [
    "GPU/CPU utilization and explicit DB write/query timings are not in the Measurer CSV (unless you log them); this parser will report None for those.",
    "throughput_samples_per_s assumes nbr_training_datapoints is per-epoch; if it's total across training, remove the * epochs_completed multiplier.",
    "remote_feature_total_s is a proxy for time spent waiting on remote feature reads (DB reads)."
  ]
}