{
  "run": {
    "csv": "/Users/victorpekkari/Desktop/neo4j-mpgnn-thesis/experiment_results/sampler_comparison/comparison_6/OldNeighborSampler/run_0/measurements.csv",
    "runtime_s": 54.9611263750121,
    "training_time_s": 54.189172749989666,
    "epochs_completed": 100,
    "batches_seen": 400,
    "nbr_training_datapoints": 140.0
  },
  "metrics": {
    "throughput_samples_per_s": 258.3541930892951,
    "epoch_time_s": {
      "count": 100,
      "total_s": 18.106729623192223,
      "mean_s": 0.18106729623192222,
      "p50_s": 0.1780960625037551,
      "p90_s": 0.18462065000203437,
      "p99_s": 0.22957486549305187,
      "min_s": 0.15696395799750462,
      "max_s": 0.5313424580090214
    },
    "sampling_phase_time_s": {
      "count": 400,
      "total_s": 17.53024967206875,
      "mean_s": 0.04382562418017187,
      "p50_s": 0.04318568749295082,
      "p90_s": 0.04844566219544504,
      "p99_s": 0.051939578666642734,
      "min_s": 0.030328249995363876,
      "max_s": 0.3990967499848921
    },
    "training_phase_time_s": {
      "count": 400,
      "total_s": 0.564800657070009,
      "mean_s": 0.0014120016426750225,
      "p50_s": 0.001391666999552399,
      "p90_s": 0.0016493076924234628,
      "p99_s": 0.0018730615777894854,
      "min_s": 0.001037084002746269,
      "max_s": 0.0019945419917348772
    },
    "convergence_time_s": null,
    "converged_epoch": null,
    "avg_cpu_utilization": 15.461818181818181,
    "final_validation_accuracy": 0.7540000226142527,
    "best_validation_accuracy": 0.7580000229492845,
    "time_to_first_validation_accuracy_s": 1.0206846670189407,
    "time_to_best_accuracy_s": 47.798236125003314,
    "final_validation_loss": 0.8906155824661255,
    "best_validation_loss": 0.8906155824661255,
    "time_to_best_loss_s": 54.96106237501954,
    "final_test_accuracy": 0.7630000228166645,
    "best_test_accuracy": 0.7630000228166645,
    "time_to_best_test_accuracy_s": 55.52130233400385,
    "remote_feature_latency_s": {
      "count": 1208,
      "total_s": 22.190459591365652,
      "mean_s": 0.018369585754441763,
      "p50_s": 0.010252124993712641,
      "p90_s": 0.03680082040373236,
      "p99_s": 0.03877761670941254,
      "min_s": 0.006737999996403232,
      "max_s": 0.08505250001326203
    },
    "remote_feature_total_s": 22.190459591365652,
    "cache_hits": 1208,
    "cache_misses": 1208,
    "cache_hit_rate": 0.5,
    "validation_time_s": {
      "count": 100,
      "total_s": 36.846211840980686,
      "mean_s": 0.36846211840980686,
      "p50_s": 0.36486268798762467,
      "p90_s": 0.38058604968537113,
      "p99_s": 0.42249181106686623,
      "min_s": 0.34012566701858304,
      "max_s": 0.48212466700351797
    },
    "saving_weights_time_s": {
      "count": 71,
      "total_s": 0.00021808096789754927,
      "mean_s": 3.0715629281344967e-06,
      "p50_s": 2.1249870769679546e-06,
      "p90_s": 2.874992787837982e-06,
      "p99_s": 2.175379777327166e-05,
      "min_s": 1.7499842215329409e-06,
      "max_s": 5.5791984777897596e-05
    },
    "batch_train_loss_mean": 0.5532109112851322,
    "avg_batch_nodes": 359.2275,
    "avg_batch_edges": 571.295,
    "avg_seed_node_ratio": 0.084803628320299,
    "topo_query_sent_ms": 1.8199143132070752,
    "topo_first_record_ms": 8.368475465822906,
    "topo_transfer_ms": 34.81510239391162,
    "topo_etl_ms": 0.28677103184826597,
    "feat_x_query_sent_ms": null,
    "feat_x_first_record_ms": null,
    "feat_x_transfer_ms": null,
    "feat_x_etl_ms": 2.4212295987831416,
    "feat_y_query_sent_ms": null,
    "feat_y_first_record_ms": null,
    "feat_y_transfer_ms": null,
    "feat_y_etl_ms": 1.5600354684688713,
    "network_baseline_ms": null
  },
  "notes": [
    "GPU/CPU utilization and explicit DB write/query timings are not in the Measurer CSV (unless you log them); this parser will report None for those.",
    "throughput_samples_per_s assumes nbr_training_datapoints is per-epoch; if it's total across training, remove the * epochs_completed multiplier.",
    "remote_feature_total_s is a proxy for time spent waiting on remote feature reads (DB reads)."
  ]
}