{
  "run": {
    "csv": "/home/victor.pekkari/thesis-folder/neo4j-mpgnn-thesis/experiment_results/results/run_26_2026-05-12/measurements.csv",
    "runtime_s": 59.34556432813406,
    "training_time_s": 58.96397562883794,
    "epochs_completed": 200,
    "batches_seen": 0,
    "nbr_training_datapoints": 120.0
  },
  "metrics": {
    "throughput_samples_per_s": 407.02818532918167,
    "epoch_time_s": {
      "count": 200,
      "total_s": 0.028269630391150713,
      "mean_s": 0.00014134815195575355,
      "p50_s": 0.0001268994528800249,
      "p90_s": 0.00014288267120718957,
      "p99_s": 0.0004268184117972797,
      "min_s": 0.00011490471661090851,
      "max_s": 0.0010466058738529682
    },
    "sampling_phase_time_s": {
      "count": 0,
      "total_s": 0.0,
      "mean_s": null,
      "p50_s": null,
      "p90_s": null,
      "p99_s": null,
      "min_s": null,
      "max_s": null
    },
    "training_phase_time_s": {
      "count": 0,
      "total_s": 0.0,
      "mean_s": null,
      "p50_s": null,
      "p90_s": null,
      "p99_s": null,
      "min_s": null,
      "max_s": null
    },
    "convergence_time_s": null,
    "converged_epoch": null,
    "avg_cpu_utilization": null,
    "final_validation_accuracy": 0.1360000036313336,
    "best_validation_accuracy": 0.1360000036313336,
    "time_to_first_validation_accuracy_s": 0.4486773842945695,
    "time_to_best_accuracy_s": 0.4486773842945695,
    "final_validation_loss": 1.806631326675415,
    "best_validation_loss": 1.806631326675415,
    "time_to_best_loss_s": 0.4486898793838918,
    "final_test_accuracy": 0.1250000041829229,
    "best_test_accuracy": 0.1250000041829229,
    "time_to_best_test_accuracy_s": 59.75388160906732,
    "remote_feature_latency_s": {
      "count": 404,
      "total_s": 44.27167226187885,
      "mean_s": 0.10958334718286844,
      "p50_s": 0.10762378247454762,
      "p90_s": 0.11753664272837341,
      "p99_s": 0.12831296547316015,
      "min_s": 0.04899610998108983,
      "max_s": 0.1412329189479351
    },
    "remote_feature_total_s": 44.27167226187885,
    "cache_hits": 404,
    "cache_misses": 404,
    "cache_hit_rate": 0.5,
    "validation_time_s": {
      "count": 200,
      "total_s": 59.215744180139154,
      "mean_s": 0.29607872090069576,
      "p50_s": 0.29338472499512136,
      "p90_s": 0.30319886016659436,
      "p99_s": 0.35129185248631845,
      "min_s": 0.27482876274734735,
      "max_s": 0.5218332372605801
    },
    "saving_weights_time_s": {
      "count": 1,
      "total_s": 8.217990398406982e-06,
      "mean_s": 8.217990398406982e-06,
      "p50_s": 8.217990398406982e-06,
      "p90_s": 8.217990398406982e-06,
      "p99_s": 8.217990398406982e-06,
      "min_s": 8.217990398406982e-06,
      "max_s": 8.217990398406982e-06
    },
    "batch_train_loss_mean": null,
    "avg_batch_nodes": null,
    "avg_batch_edges": null,
    "avg_seed_node_ratio": null,
    "topo_query_sent_ms": null,
    "topo_first_record_ms": null,
    "topo_transfer_ms": null,
    "topo_etl_ms": 1.282676725906532,
    "feat_x_query_sent_ms": null,
    "feat_x_first_record_ms": null,
    "feat_x_transfer_ms": null,
    "feat_x_etl_ms": 6.315614704254757,
    "feat_x_etl_parse_ms": null,
    "feat_y_query_sent_ms": null,
    "feat_y_first_record_ms": null,
    "feat_y_transfer_ms": null,
    "feat_y_etl_ms": null,
    "network_baseline_ms": 7.368978904790734,
    "avg_feat_bytes": 21952813.87128713,
    "sampler_avg_db_exec_time_ms": 0,
    "sampler_avg_network_transfer_ms": 3.8316831683168315,
    "sampler_avg_driver_overhead_ms": 7.368978904790734,
    "sampler_avg_result_consumed_after_ms": 3.8316831683168315,
    "sampler_avg_result_available_after_ms": 0.4430693069306931,
    "sampler_avg_client_wall_time_ms": 7.368978904790734,
    "sampler_avg_query_startup_ms": 0.4430693069306931,
    "sampler_avg_exec_serialize_ms": 3.3886138613861383,
    "sampler_avg_client_recv_ms": 3.5372957364739026,
    "feat_x_avg_db_exec_time_ms": 0,
    "feat_x_avg_network_transfer_ms": 42.34405940594059,
    "feat_x_avg_driver_overhead_ms": 109.44396412428837,
    "feat_x_avg_result_consumed_after_ms": 42.34405940594059,
    "feat_x_avg_result_available_after_ms": 0.4603960396039604,
    "feat_x_avg_client_wall_time_ms": 109.44396412428837,
    "feat_x_avg_query_startup_ms": 0.4603960396039604,
    "feat_x_avg_exec_serialize_ms": 41.88366336633663,
    "feat_x_avg_client_recv_ms": 67.09990471834777,
    "topo_fetch_ms": 7.368978904790734
  },
  "notes": [
    "GPU/CPU utilization and explicit DB write/query timings are not in the Measurer CSV (unless you log them); this parser will report None for those.",
    "throughput_samples_per_s assumes nbr_training_datapoints is per-epoch; if it's total across training, remove the * epochs_completed multiplier.",
    "remote_feature_total_s is a proxy for time spent waiting on remote feature reads (DB reads)."
  ]
}