{
  "run": {
    "csv": "/home/victor.pekkari/thesis-folder/neo4j-mpgnn-thesis/experiment_results/results/run_26_2026-05-12/measurements.csv",
    "runtime_s": 6.061590131837875,
    "training_time_s": 5.66928815562278,
    "epochs_completed": 20,
    "batches_seen": 0,
    "nbr_training_datapoints": 120.0
  },
  "metrics": {
    "throughput_samples_per_s": 423.33357100920836,
    "epoch_time_s": {
      "count": 20,
      "total_s": 0.004942594561725855,
      "mean_s": 0.00024712972808629277,
      "p50_s": 0.00013721734285354614,
      "p90_s": 0.0003099236171692623,
      "p99_s": 0.001228636112064123,
      "min_s": 0.00012155203148722649,
      "max_s": 0.0012493408285081387
    },
    "sampling_phase_time_s": {
      "count": 0,
      "total_s": 0.0,
      "mean_s": null,
      "p50_s": null,
      "p90_s": null,
      "p99_s": null,
      "min_s": null,
      "max_s": null
    },
    "training_phase_time_s": {
      "count": 0,
      "total_s": 0.0,
      "mean_s": null,
      "p50_s": null,
      "p90_s": null,
      "p99_s": null,
      "min_s": null,
      "max_s": null
    },
    "convergence_time_s": null,
    "converged_epoch": null,
    "avg_cpu_utilization": null,
    "final_validation_accuracy": 0.1480000034035717,
    "best_validation_accuracy": 0.1480000034035717,
    "time_to_first_validation_accuracy_s": 0.46126248175278306,
    "time_to_best_accuracy_s": 0.46126248175278306,
    "final_validation_loss": 1.7989845275878906,
    "best_validation_loss": 1.7989845275878906,
    "time_to_best_loss_s": 0.4612749838270247,
    "final_test_accuracy": 0.1620000044148865,
    "best_test_accuracy": 0.1620000044148865,
    "time_to_best_test_accuracy_s": 6.47096404992044,
    "remote_feature_latency_s": {
      "count": 44,
      "total_s": 4.796589449513704,
      "mean_s": 0.1090133965798569,
      "p50_s": 0.1107740830630064,
      "p90_s": 0.11759673077613116,
      "p99_s": 0.13745679009240122,
      "min_s": 0.05002239998430014,
      "max_s": 0.1473320838995278
    },
    "remote_feature_total_s": 4.796589449513704,
    "cache_hits": 44,
    "cache_misses": 44,
    "cache_hit_rate": 0.5,
    "validation_time_s": {
      "count": 20,
      "total_s": 5.959081342909485,
      "mean_s": 0.29795406714547423,
      "p50_s": 0.29517027107067406,
      "p90_s": 0.2992547891568393,
      "p99_s": 0.3532365887425839,
      "min_s": 0.27404137002304196,
      "max_s": 0.3630020101554692
    },
    "saving_weights_time_s": {
      "count": 1,
      "total_s": 8.239876478910446e-06,
      "mean_s": 8.239876478910446e-06,
      "p50_s": 8.239876478910446e-06,
      "p90_s": 8.239876478910446e-06,
      "p99_s": 8.239876478910446e-06,
      "min_s": 8.239876478910446e-06,
      "max_s": 8.239876478910446e-06
    },
    "batch_train_loss_mean": null,
    "avg_batch_nodes": null,
    "avg_batch_edges": null,
    "avg_seed_node_ratio": null,
    "topo_query_sent_ms": null,
    "topo_first_record_ms": null,
    "topo_transfer_ms": null,
    "topo_etl_ms": 1.2113412270661106,
    "feat_x_query_sent_ms": null,
    "feat_x_first_record_ms": null,
    "feat_x_transfer_ms": null,
    "feat_x_etl_ms": 6.179069973189723,
    "feat_x_etl_parse_ms": null,
    "feat_y_query_sent_ms": null,
    "feat_y_first_record_ms": null,
    "feat_y_transfer_ms": null,
    "feat_y_etl_ms": null,
    "network_baseline_ms": 6.491921429353004,
    "avg_feat_bytes": 21661540.09090909,
    "sampler_avg_db_exec_time_ms": 0,
    "sampler_avg_network_transfer_ms": 4.159090909090909,
    "sampler_avg_driver_overhead_ms": 6.491921429353004,
    "sampler_avg_result_consumed_after_ms": 4.159090909090909,
    "sampler_avg_result_available_after_ms": 0.5227272727272727,
    "sampler_avg_client_wall_time_ms": 6.491921429353004,
    "sampler_avg_query_startup_ms": 0.5227272727272727,
    "sampler_avg_exec_serialize_ms": 3.6363636363636367,
    "sampler_avg_client_recv_ms": 2.332830520262095,
    "feat_x_avg_db_exec_time_ms": 0,
    "feat_x_avg_network_transfer_ms": 44.52272727272727,
    "feat_x_avg_driver_overhead_ms": 108.88106446840207,
    "feat_x_avg_result_consumed_after_ms": 44.52272727272727,
    "feat_x_avg_result_available_after_ms": 0.5681818181818182,
    "feat_x_avg_client_wall_time_ms": 108.88106446840207,
    "feat_x_avg_query_startup_ms": 0.5681818181818182,
    "feat_x_avg_exec_serialize_ms": 43.95454545454545,
    "feat_x_avg_client_recv_ms": 64.3583371956748,
    "topo_fetch_ms": 6.491921429353004
  },
  "notes": [
    "GPU/CPU utilization and explicit DB write/query timings are not in the Measurer CSV (unless you log them); this parser will report None for those.",
    "throughput_samples_per_s assumes nbr_training_datapoints is per-epoch; if it's total across training, remove the * epochs_completed multiplier.",
    "remote_feature_total_s is a proxy for time spent waiting on remote feature reads (DB reads)."
  ]
}