{
  "run": {
    "csv": "/home/victor.pekkari/thesis-folder/neo4j-mpgnn-thesis/experiment_results/results/run_7_2026-05-11/measurements.csv",
    "runtime_s": 837.3261045329273,
    "training_time_s": 832.6254552020691,
    "epochs_completed": 1,
    "batches_seen": 3072,
    "nbr_training_datapoints": 196615.0
  },
  "metrics": {
    "throughput_samples_per_s": 236.13858881156077,
    "epoch_time_s": {
      "count": 1,
      "total_s": 832.8950040340424,
      "mean_s": 832.8950040340424,
      "p50_s": 832.8950040340424,
      "p90_s": 832.8950040340424,
      "p99_s": 832.8950040340424,
      "min_s": 832.8950040340424,
      "max_s": 832.8950040340424
    },
    "sampling_phase_time_s": {
      "count": 3072,
      "total_s": 726.3448376976885,
      "mean_s": 0.2364403768547163,
      "p50_s": 0.22702568979002535,
      "p90_s": 0.2624069793149829,
      "p99_s": 0.33960030744783576,
      "min_s": 0.19386450992897153,
      "max_s": 0.7400509440340102
    },
    "training_phase_time_s": {
      "count": 3072,
      "total_s": 31.83095670072362,
      "mean_s": 0.010361639551016802,
      "p50_s": 0.010330042336136103,
      "p90_s": 0.011221893830224872,
      "p99_s": 0.013241188954561946,
      "min_s": 0.009176730178296566,
      "max_s": 0.021390607114881277
    },
    "convergence_time_s": null,
    "converged_epoch": null,
    "avg_cpu_utilization": null,
    "final_validation_accuracy": 0.0,
    "best_validation_accuracy": 0.0,
    "time_to_first_validation_accuracy_s": 837.3260617279448,
    "time_to_best_accuracy_s": 837.3260617279448,
    "final_validation_loss": 1.5201056003570557,
    "best_validation_loss": 1.5201056003570557,
    "time_to_best_loss_s": 837.3260691100731,
    "final_test_accuracy": 0.66,
    "best_test_accuracy": 0.66,
    "time_to_best_test_accuracy_s": 839.2601089482196,
    "remote_feature_latency_s": {
      "count": 3074,
      "total_s": 357.7746502230875,
      "mean_s": 0.1163873292853245,
      "p50_s": 0.11057257954962552,
      "p90_s": 0.13348059430718426,
      "p99_s": 0.18099252081941813,
      "min_s": 0.004235947038978338,
      "max_s": 0.20403913920745254
    },
    "remote_feature_total_s": 357.7746502230875,
    "cache_hits": 3074,
    "cache_misses": 3074,
    "cache_hit_rate": 0.5,
    "validation_time_s": {
      "count": 1,
      "total_s": 0.7916325787082314,
      "mean_s": 0.7916325787082314,
      "p50_s": 0.7916325787082314,
      "p90_s": 0.7916325787082314,
      "p99_s": 0.7916325787082314,
      "min_s": 0.7916325787082314,
      "max_s": 0.7916325787082314
    },
    "saving_weights_time_s": {
      "count": 1,
      "total_s": 9.130220860242844e-06,
      "mean_s": 9.130220860242844e-06,
      "p50_s": 9.130220860242844e-06,
      "p90_s": 9.130220860242844e-06,
      "p99_s": 9.130220860242844e-06,
      "min_s": 9.130220860242844e-06,
      "max_s": 9.130220860242844e-06
    },
    "batch_train_loss_mean": 0.6164967554820274,
    "avg_batch_nodes": 11554.2119140625,
    "avg_batch_edges": 13622.957682291666,
    "avg_seed_node_ratio": 0.005541417305561007,
    "topo_query_sent_ms": null,
    "topo_first_record_ms": null,
    "topo_transfer_ms": null,
    "topo_etl_ms": 8.524365906277035,
    "feat_x_query_sent_ms": null,
    "feat_x_first_record_ms": null,
    "feat_x_transfer_ms": null,
    "feat_x_etl_ms": 15.247932182159579,
    "feat_x_etl_parse_ms": null,
    "feat_y_query_sent_ms": null,
    "feat_y_first_record_ms": null,
    "feat_y_transfer_ms": null,
    "feat_y_etl_ms": null,
    "network_baseline_ms": 78.3747806496768,
    "avg_feat_bytes": 4620178.789850358,
    "sampler_avg_db_exec_time_ms": 0,
    "sampler_avg_network_transfer_ms": 66.52992843201041,
    "sampler_avg_driver_overhead_ms": 78.3747806496768,
    "sampler_avg_result_consumed_after_ms": 66.52992843201041,
    "sampler_avg_result_available_after_ms": 0.556929082628497,
    "sampler_avg_client_wall_time_ms": 78.3747806496768,
    "sampler_avg_query_startup_ms": 0.556929082628497,
    "sampler_avg_exec_serialize_ms": 65.97299934938191,
    "sampler_avg_client_recv_ms": 11.844852217666386,
    "feat_x_avg_db_exec_time_ms": 0,
    "feat_x_avg_network_transfer_ms": 103.64996746909564,
    "feat_x_avg_driver_overhead_ms": 116.21841274761755,
    "feat_x_avg_result_consumed_after_ms": 103.64996746909564,
    "feat_x_avg_result_available_after_ms": 2.680221210149642,
    "feat_x_avg_client_wall_time_ms": 116.21841274761755,
    "feat_x_avg_query_startup_ms": 2.680221210149642,
    "feat_x_avg_exec_serialize_ms": 100.969746258946,
    "feat_x_avg_client_recv_ms": 12.568445278521907,
    "topo_fetch_ms": 78.3747806496768
  },
  "notes": [
    "GPU/CPU utilization and explicit DB write/query timings are not in the Measurer CSV (unless you log them); this parser will report None for those.",
    "throughput_samples_per_s assumes nbr_training_datapoints is per-epoch; if it's total across training, remove the * epochs_completed multiplier.",
    "remote_feature_total_s is a proxy for time spent waiting on remote feature reads (DB reads)."
  ]
}