{
  "run": {
    "csv": "/home/victor.pekkari/thesis-folder/neo4j-mpgnn-thesis/experiment_results/results/run_19_2026-05-12/measurements.csv",
    "runtime_s": 7.368982860818505,
    "training_time_s": 6.9643422667868435,
    "epochs_completed": 20,
    "batches_seen": 0,
    "nbr_training_datapoints": 120.0
  },
  "metrics": {
    "throughput_samples_per_s": 344.6125862374214,
    "epoch_time_s": {
      "count": 20,
      "total_s": 0.004439942538738251,
      "mean_s": 0.00022199712693691254,
      "p50_s": 0.0001273471862077713,
      "p90_s": 0.00023557278327643972,
      "p99_s": 0.0011526615358889098,
      "min_s": 0.00010418705642223358,
      "max_s": 0.0012186449021100998
    },
    "sampling_phase_time_s": {
      "count": 0,
      "total_s": 0.0,
      "mean_s": null,
      "p50_s": null,
      "p90_s": null,
      "p99_s": null,
      "min_s": null,
      "max_s": null
    },
    "training_phase_time_s": {
      "count": 0,
      "total_s": 0.0,
      "mean_s": null,
      "p50_s": null,
      "p90_s": null,
      "p99_s": null,
      "min_s": null,
      "max_s": null
    },
    "convergence_time_s": null,
    "converged_epoch": null,
    "avg_cpu_utilization": null,
    "final_validation_accuracy": 0.1420000036987552,
    "best_validation_accuracy": 0.1420000036987552,
    "time_to_first_validation_accuracy_s": 0.4726152578368783,
    "time_to_best_accuracy_s": 0.4726152578368783,
    "final_validation_loss": 1.7961649894714355,
    "best_validation_loss": 1.7961649894714355,
    "time_to_best_loss_s": 0.4726272327825427,
    "final_test_accuracy": 0.1530000041399536,
    "best_test_accuracy": 0.1530000041399536,
    "time_to_best_test_accuracy_s": 7.8550527626648545,
    "remote_feature_latency_s": {
      "count": 44,
      "total_s": 5.343784045428038,
      "mean_s": 0.12144963739609177,
      "p50_s": 0.11775589431636035,
      "p90_s": 0.14726124838925897,
      "p99_s": 0.15136253397911786,
      "min_s": 0.06118192616850138,
      "max_s": 0.15190001344308257
    },
    "remote_feature_total_s": 5.343784045428038,
    "cache_hits": 44,
    "cache_misses": 44,
    "cache_hit_rate": 0.5,
    "validation_time_s": {
      "count": 20,
      "total_s": 7.263509165495634,
      "mean_s": 0.3631754582747817,
      "p50_s": 0.359963407041505,
      "p90_s": 0.4056746098212898,
      "p99_s": 0.41124986406415703,
      "min_s": 0.3039793111383915,
      "max_s": 0.4115909351967275
    },
    "saving_weights_time_s": {
      "count": 1,
      "total_s": 8.74372199177742e-06,
      "mean_s": 8.74372199177742e-06,
      "p50_s": 8.74372199177742e-06,
      "p90_s": 8.74372199177742e-06,
      "p99_s": 8.74372199177742e-06,
      "min_s": 8.74372199177742e-06,
      "max_s": 8.74372199177742e-06
    },
    "batch_train_loss_mean": null,
    "avg_batch_nodes": null,
    "avg_batch_edges": null,
    "avg_seed_node_ratio": null,
    "topo_query_sent_ms": null,
    "topo_first_record_ms": null,
    "topo_transfer_ms": null,
    "topo_etl_ms": 1.2478803771293976,
    "feat_x_query_sent_ms": null,
    "feat_x_first_record_ms": null,
    "feat_x_transfer_ms": null,
    "feat_x_etl_ms": 6.513900504532185,
    "feat_x_etl_parse_ms": null,
    "feat_y_query_sent_ms": null,
    "feat_y_first_record_ms": null,
    "feat_y_transfer_ms": null,
    "feat_y_etl_ms": null,
    "network_baseline_ms": 6.728099267506464,
    "avg_feat_bytes": 19272431.818181816,
    "sampler_avg_db_exec_time_ms": 0,
    "sampler_avg_network_transfer_ms": 4.2272727272727275,
    "sampler_avg_driver_overhead_ms": 6.728099267506464,
    "sampler_avg_result_consumed_after_ms": 4.2272727272727275,
    "sampler_avg_result_available_after_ms": 0.5,
    "sampler_avg_client_wall_time_ms": 6.728099267506464,
    "sampler_avg_query_startup_ms": 0.5,
    "sampler_avg_exec_serialize_ms": 3.7272727272727275,
    "sampler_avg_client_recv_ms": 2.500826540233737,
    "feat_x_avg_db_exec_time_ms": 0,
    "feat_x_avg_network_transfer_ms": 81.81818181818181,
    "feat_x_avg_driver_overhead_ms": 120.89317543855445,
    "feat_x_avg_result_consumed_after_ms": 81.81818181818181,
    "feat_x_avg_result_available_after_ms": 2.2954545454545454,
    "feat_x_avg_client_wall_time_ms": 120.89317543855445,
    "feat_x_avg_query_startup_ms": 2.2954545454545454,
    "feat_x_avg_exec_serialize_ms": 79.52272727272727,
    "feat_x_avg_client_recv_ms": 39.07499362037264,
    "topo_fetch_ms": 6.728099267506464
  },
  "notes": [
    "GPU/CPU utilization and explicit DB write/query timings are not in the Measurer CSV (unless you log them); this parser will report None for those.",
    "throughput_samples_per_s assumes nbr_training_datapoints is per-epoch; if it's total across training, remove the * epochs_completed multiplier.",
    "remote_feature_total_s is a proxy for time spent waiting on remote feature reads (DB reads)."
  ]
}