{
  "sampler": {
    "plan_meta": {},
    "global": {
      "sample_count": 404,
      "avg_client_wall_time_ms": 7.762118378691007,
      "avg_result_available_after_ms": 0.5272277227722773,
      "avg_result_consumed_after_ms": 4.116336633663367,
      "avg_profile_total_time_ms": 0.0,
      "avg_global_memory_bytes": 0.0,
      "avg_root_rows": 0.0,
      "avg_root_db_hits": 0.0,
      "avg_page_cache_hits": 0.0,
      "avg_page_cache_misses": 0.0,
      "avg_db_exec_time_ms": 0,
      "avg_network_transfer_ms": 4.116336633663367,
      "avg_driver_overhead_ms": 7.762118378691007,
      "avg_query_startup_ms": 0.5272277227722773,
      "avg_exec_serialize_ms": 3.589108910891089,
      "avg_client_recv_ms": 3.64578174502764
    },
    "operators": [],
    "top_by_time_ms": [],
    "top_by_db_hits": [],
    "top_by_memory_bytes": []
  },
  "feat_x": {
    "plan_meta": {},
    "global": {
      "sample_count": 404,
      "avg_client_wall_time_ms": 112.85135150416801,
      "avg_result_available_after_ms": 1.9752475247524752,
      "avg_result_consumed_after_ms": 62.039603960396036,
      "avg_profile_total_time_ms": 0.0,
      "avg_global_memory_bytes": 0.0,
      "avg_root_rows": 0.0,
      "avg_root_db_hits": 0.0,
      "avg_page_cache_hits": 0.0,
      "avg_page_cache_misses": 0.0,
      "avg_db_exec_time_ms": 0,
      "avg_network_transfer_ms": 62.039603960396036,
      "avg_driver_overhead_ms": 112.85135150416801,
      "avg_query_startup_ms": 1.9752475247524752,
      "avg_exec_serialize_ms": 60.06435643564356,
      "avg_client_recv_ms": 50.81174754377197
    },
    "operators": [],
    "top_by_time_ms": [],
    "top_by_db_hits": [],
    "top_by_memory_bytes": []
  },
  "subphase_metrics": {
    "throughput_samples_per_s": 349.029692111378,
    "epoch_time_s": {
      "count": 200,
      "total_s": 0.02771464316174388,
      "mean_s": 0.0001385732158087194,
      "p50_s": 0.00012660236097872257,
      "p90_s": 0.00014581969007849692,
      "p99_s": 0.00022391565144061287,
      "min_s": 0.00010019587352871895,
      "max_s": 0.0011491109617054462
    },
    "sampling_phase_time_s": {
      "count": 0,
      "total_s": 0.0,
      "mean_s": null,
      "p50_s": null,
      "p90_s": null,
      "p99_s": null,
      "min_s": null,
      "max_s": null
    },
    "training_phase_time_s": {
      "count": 0,
      "total_s": 0.0,
      "mean_s": null,
      "p50_s": null,
      "p90_s": null,
      "p99_s": null,
      "min_s": null,
      "max_s": null
    },
    "convergence_time_s": null,
    "converged_epoch": null,
    "avg_cpu_utilization": null,
    "final_validation_accuracy": 0.1320000035138648,
    "best_validation_accuracy": 0.1320000035138648,
    "time_to_first_validation_accuracy_s": 0.5113462521694601,
    "time_to_best_accuracy_s": 0.5113462521694601,
    "final_validation_loss": 1.8020992279052732,
    "best_validation_loss": 1.8020992279052732,
    "time_to_best_loss_s": 0.5113570801913738,
    "final_test_accuracy": 0.1190000039742103,
    "best_test_accuracy": 0.1190000039742103,
    "time_to_best_test_accuracy_s": 69.69890350010246,
    "remote_feature_latency_s": {
      "count": 404,
      "total_s": 45.84031783603132,
      "mean_s": 0.11346613325750327,
      "p50_s": 0.10960336145944893,
      "p90_s": 0.12004947355017065,
      "p99_s": 0.16270635547116397,
      "min_s": 0.06377014517784119,
      "max_s": 0.17004226800054312
    },
    "remote_feature_total_s": 45.84031783603132,
    "cache_hits": 404,
    "cache_misses": 404,
    "cache_hit_rate": 0.5,
    "validation_time_s": {
      "count": 200,
      "total_s": 69.06037233863026,
      "mean_s": 0.3453018616931513,
      "p50_s": 0.33488437021151185,
      "p90_s": 0.35963758486323055,
      "p99_s": 0.4517581156641235,
      "min_s": 0.32037715800106525,
      "max_s": 0.5783914588391781
    },
    "saving_weights_time_s": {
      "count": 1,
      "total_s": 7.642898708581924e-06,
      "mean_s": 7.642898708581924e-06,
      "p50_s": 7.642898708581924e-06,
      "p90_s": 7.642898708581924e-06,
      "p99_s": 7.642898708581924e-06,
      "min_s": 7.642898708581924e-06,
      "max_s": 7.642898708581924e-06
    },
    "batch_train_loss_mean": null,
    "avg_batch_nodes": null,
    "avg_batch_edges": null,
    "avg_seed_node_ratio": null,
    "topo_query_sent_ms": null,
    "topo_first_record_ms": null,
    "topo_transfer_ms": null,
    "topo_etl_ms": 1.292641915491607,
    "feat_x_query_sent_ms": null,
    "feat_x_first_record_ms": null,
    "feat_x_transfer_ms": null,
    "feat_x_etl_ms": 7.592158169614723,
    "feat_x_etl_parse_ms": null,
    "feat_y_query_sent_ms": null,
    "feat_y_first_record_ms": null,
    "feat_y_transfer_ms": null,
    "feat_y_etl_ms": null,
    "network_baseline_ms": 7.762118378691007,
    "avg_feat_bytes": 19481812.97029703,
    "sampler_avg_db_exec_time_ms": 0,
    "sampler_avg_network_transfer_ms": 4.116336633663367,
    "sampler_avg_driver_overhead_ms": 7.762118378691007,
    "sampler_avg_result_consumed_after_ms": 4.116336633663367,
    "sampler_avg_result_available_after_ms": 0.5272277227722773,
    "sampler_avg_client_wall_time_ms": 7.762118378691007,
    "sampler_avg_query_startup_ms": 0.5272277227722773,
    "sampler_avg_exec_serialize_ms": 3.589108910891089,
    "sampler_avg_client_recv_ms": 3.64578174502764,
    "feat_x_avg_db_exec_time_ms": 0,
    "feat_x_avg_network_transfer_ms": 62.039603960396036,
    "feat_x_avg_driver_overhead_ms": 112.85135150416801,
    "feat_x_avg_result_consumed_after_ms": 62.039603960396036,
    "feat_x_avg_result_available_after_ms": 1.9752475247524752,
    "feat_x_avg_client_wall_time_ms": 112.85135150416801,
    "feat_x_avg_query_startup_ms": 1.9752475247524752,
    "feat_x_avg_exec_serialize_ms": 60.06435643564356,
    "feat_x_avg_client_recv_ms": 50.81174754377197,
    "topo_fetch_ms": 7.762118378691007
  }
}