{
  "Neo4jNeighborSampler": {
    "n_runs_completed": 2,
    "num_epochs_in_plot": 100,
    "scalar_means": {
      "best_validation_accuracy": 0.7740000234191595,
      "final_validation_accuracy": 0.7700000231203883,
      "throughput_samples_per_s": 337.78964413615245,
      "time_to_best_accuracy_s": 32.56993764548679,
      "training_time_s": 41.44595039600972,
      "avg_batch_nodes": 361.51125,
      "avg_batch_edges": 582.63125,
      "remote_feature_total_s": 21.034678088020883,
      "sampling_mean_s": 0.028354693920591673,
      "training_mean_s": 0.0014734544523162185,
      "sampling_overhead_fraction": 0.9506121583199976,
      "batch_nodes_cv": 0.06755007074939874,
      "epochs_to_best_accuracy": 78.0,
      "feature_fetch_overhead_fraction": 0.5075227820558728,
      "topo_etl_ms": 0.3120317016136509,
      "feat_x_etl_ms": 2.521040829848568,
      "feat_y_etl_ms": 1.5763657027142375
    },
    "scalar_stds": {
      "best_validation_accuracy": 0.0020000000949949026,
      "final_validation_accuracy": 0.006000000103682124,
      "throughput_samples_per_s": 0.3234317382504912,
      "time_to_best_accuracy_s": 3.7805151875072625,
      "training_time_s": 0.03968427100335248,
      "avg_batch_nodes": 2.7237499999999955,
      "avg_batch_edges": 6.386250000000018,
      "remote_feature_total_s": 0.06963729423296172,
      "sampling_mean_s": 0.00024281253590743325,
      "training_mean_s": 4.593140507495267e-05,
      "sampling_overhead_fraction": 0.0010617811282050416,
      "batch_nodes_cv": 0.008461119849705392,
      "epochs_to_best_accuracy": 9.0,
      "feature_fetch_overhead_fraction": 0.0021661456667931844,
      "topo_etl_ms": 0.003997994852229153,
      "feat_x_etl_ms": 0.01478904430058292,
      "feat_y_etl_ms": 0.01739190189038342
    }
  },
  "PyGNeighborLoader": {
    "n_runs_completed": 2,
    "num_epochs_in_plot": 100,
    "scalar_means": {
      "best_validation_accuracy": 0.7870000238915844,
      "final_validation_accuracy": 0.7730000235167042,
      "throughput_samples_per_s": 12366.41052664877,
      "time_to_best_accuracy_s": 0.885391208488727,
      "training_time_s": 1.1320996665017447,
      "avg_batch_nodes": 353.77,
      "avg_batch_edges": 569.575,
      "remote_feature_total_s": 0.0,
      "sampling_mean_s": 0.00033102859884820646,
      "training_mean_s": 0.0012276078581635375,
      "sampling_overhead_fraction": 0.2123872226146416,
      "batch_nodes_cv": 0.10812101499409078,
      "epochs_to_best_accuracy": 77.5,
      "feature_fetch_overhead_fraction": 0.0
    },
    "scalar_stds": {
      "best_validation_accuracy": 0.00299999999745032,
      "final_validation_accuracy": 0.0010000001925395408,
      "throughput_samples_per_s": 10.042733114820294,
      "time_to_best_accuracy_s": 0.13087095849914476,
      "training_time_s": 0.000919375495868735,
      "avg_batch_nodes": 0.06499999999999773,
      "avg_batch_edges": 0.09250000000002956,
      "remote_feature_total_s": 0.0,
      "sampling_mean_s": 1.1578416888371199e-07,
      "training_mean_s": 6.725448838551464e-06,
      "sampling_overhead_fraction": 0.000857933421747864,
      "batch_nodes_cv": 1.3654483913869142e-05,
      "epochs_to_best_accuracy": 11.5,
      "feature_fetch_overhead_fraction": 0.0
    }
  },
  "Neo4jSampler": {
    "n_runs_completed": 2,
    "num_epochs_in_plot": 100,
    "scalar_means": {
      "best_validation_accuracy": 0.777000023779215,
      "final_validation_accuracy": 0.7740000237092437,
      "throughput_samples_per_s": 323.5863973740915,
      "time_to_best_accuracy_s": 38.59334735448647,
      "training_time_s": 43.26579256250989,
      "avg_batch_nodes": 425.2125,
      "avg_batch_edges": 611.5899999999999,
      "remote_feature_total_s": 22.467086805118015,
      "sampling_mean_s": 0.03151742629645014,
      "training_mean_s": 0.0014830482432444114,
      "sampling_overhead_fraction": 0.9550546931131905,
      "batch_nodes_cv": 0.14558818279615937,
      "epochs_to_best_accuracy": 88.5,
      "feature_fetch_overhead_fraction": 0.5192766678145384,
      "topo_etl_ms": 0.39434218058356435,
      "feat_x_etl_ms": 2.621985557270336,
      "feat_y_etl_ms": 1.6514656850414748
    },
    "scalar_stds": {
      "best_validation_accuracy": 0.015000000494898635,
      "final_validation_accuracy": 0.016000000542396142,
      "throughput_samples_per_s": 1.2883839923170513,
      "time_to_best_accuracy_s": 1.2564106455101864,
      "training_time_s": 0.1722660624946002,
      "avg_batch_nodes": 6.914999999999992,
      "avg_batch_edges": 7.0400000000000205,
      "remote_feature_total_s": 0.13220387446926907,
      "sampling_mean_s": 0.00042013088383100784,
      "training_mean_s": 6.136143492767483e-06,
      "sampling_overhead_fraction": 0.0003946173213467685,
      "batch_nodes_cv": 0.01918003700835523,
      "epochs_to_best_accuracy": 2.5,
      "feature_fetch_overhead_fraction": 0.00098808146176399,
      "topo_etl_ms": 0.004962832872780487,
      "feat_x_etl_ms": 0.02481066436327173,
      "feat_y_etl_ms": 0.00939585737531723
    }
  }
}