{
  "run": {
    "csv": "/home/victor.pekkari/thesis-folder/neo4j-mpgnn-thesis/experiment_results/results/run_13/measurements.csv",
    "runtime_s": 117.19329593097791,
    "training_time_s": 93.64430657494813,
    "epochs_completed": 1,
    "batches_seen": 649,
    "nbr_training_datapoints": 90941.0
  },
  "metrics": {
    "throughput_samples_per_s": 971.1321843919626,
    "epoch_time_s": {
      "count": 1,
      "total_s": 94.22346547199413,
      "mean_s": 94.22346547199413,
      "p50_s": 94.22346547199413,
      "p90_s": 94.22346547199413,
      "p99_s": 94.22346547199413,
      "min_s": 94.22346547199413,
      "max_s": 94.22346547199413
    },
    "sampling_phase_time_s": {
      "count": 649,
      "total_s": 90.64148049335927,
      "mean_s": 0.13966329814076928,
      "p50_s": 0.13551460392773151,
      "p90_s": 0.15324564697220922,
      "p99_s": 0.33028763886541107,
      "min_s": 0.10449963621795177,
      "max_s": 0.5787634248845279
    },
    "training_phase_time_s": {
      "count": 649,
      "total_s": 3.5461533782072365,
      "mean_s": 0.00546402677689867,
      "p50_s": 0.005441618151962757,
      "p90_s": 0.005723824445158243,
      "p99_s": 0.00748592711985111,
      "min_s": 0.004811835940927267,
      "max_s": 0.014230184722691774
    },
    "convergence_time_s": null,
    "converged_epoch": null,
    "avg_cpu_utilization": 6.790434782608696,
    "final_validation_accuracy": 0.4995805022405071,
    "best_validation_accuracy": 0.4995805022405071,
    "time_to_first_validation_accuracy_s": 117.19323307834566,
    "time_to_best_accuracy_s": 117.19323307834566,
    "final_validation_loss": 1.8060626983642576,
    "best_validation_loss": 1.8060626983642576,
    "time_to_best_loss_s": 117.19324582116678,
    "final_test_accuracy": 0.4367220205709251,
    "best_test_accuracy": 0.4367220205709251,
    "time_to_best_test_accuracy_s": 127.030488695018,
    "remote_feature_latency_s": {
      "count": 956,
      "total_s": 73.05683999927714,
      "mean_s": 0.07641928870217275,
      "p50_s": 0.08376953122206032,
      "p90_s": 0.10082140751183033,
      "p99_s": 0.168508747685701,
      "min_s": 0.009725882206112146,
      "max_s": 0.3264288338832557
    },
    "remote_feature_total_s": 73.05683999927714,
    "cache_hits": 956,
    "cache_misses": 956,
    "cache_hit_rate": 0.5,
    "validation_time_s": {
      "count": 1,
      "total_s": 21.17326347855851,
      "mean_s": 21.17326347855851,
      "p50_s": 21.17326347855851,
      "p90_s": 21.17326347855851,
      "p99_s": 21.17326347855851,
      "min_s": 21.17326347855851,
      "max_s": 21.17326347855851
    },
    "saving_weights_time_s": {
      "count": 1,
      "total_s": 1.0007992386817932e-05,
      "mean_s": 1.0007992386817932e-05,
      "p50_s": 1.0007992386817932e-05,
      "p90_s": 1.0007992386817932e-05,
      "p99_s": 1.0007992386817932e-05,
      "min_s": 1.0007992386817932e-05,
      "max_s": 1.0007992386817932e-05
    },
    "batch_train_loss_mean": 2.2283006439958406,
    "avg_batch_nodes": 1525.9106317411402,
    "avg_batch_edges": 1600.4560862865947,
    "avg_seed_node_ratio": 0.09247271987514356,
    "topo_query_sent_ms": null,
    "topo_first_record_ms": null,
    "topo_transfer_ms": null,
    "topo_etl_ms": 0.9090139970931548,
    "feat_x_query_sent_ms": null,
    "feat_x_first_record_ms": null,
    "feat_x_transfer_ms": null,
    "feat_x_etl_ms": 18.374467494597496,
    "feat_y_query_sent_ms": null,
    "feat_y_first_record_ms": null,
    "feat_y_transfer_ms": null,
    "feat_y_etl_ms": null,
    "network_baseline_ms": null
  },
  "notes": [
    "GPU/CPU utilization and explicit DB write/query timings are not in the Measurer CSV (unless you log them); this parser will report None for those.",
    "throughput_samples_per_s assumes nbr_training_datapoints is per-epoch; if it's total across training, remove the * epochs_completed multiplier.",
    "remote_feature_total_s is a proxy for time spent waiting on remote feature reads (DB reads)."
  ]
}