{
  "run": {
    "csv": "/Users/victorpekkari/Desktop/neo4j-mpgnn-thesis/experiment_results/sampler_comparison/comparison_15/Neo4jNeighborSampler/run_5/measurements.csv",
    "runtime_s": 47.16728641701047,
    "training_time_s": 45.24846966701443,
    "epochs_completed": 100,
    "batches_seen": 400,
    "nbr_training_datapoints": 140.0
  },
  "metrics": {
    "throughput_samples_per_s": 309.40272904313986,
    "epoch_time_s": {
      "count": 100,
      "total_s": 12.229566580819665,
      "mean_s": 0.12229566580819665,
      "p50_s": 0.12139229150488973,
      "p90_s": 0.12860034580226057,
      "p99_s": 0.1350511102407473,
      "min_s": 0.1134928329847753,
      "max_s": 0.15539820899721235
    },
    "sampling_phase_time_s": {
      "count": 400,
      "total_s": 11.634015587944305,
      "mean_s": 0.02908503896986076,
      "p50_s": 0.02909904150874354,
      "p90_s": 0.03159031248942483,
      "p99_s": 0.040982766672968865,
      "min_s": 0.02466537500731647,
      "max_s": 0.043005375016946346
    },
    "training_phase_time_s": {
      "count": 400,
      "total_s": 0.5700988030584995,
      "mean_s": 0.0014252470076462486,
      "p50_s": 0.0013954794849269092,
      "p90_s": 0.0016308913938701153,
      "p99_s": 0.0018025590930483303,
      "min_s": 0.00107683299575001,
      "max_s": 0.0124864169920329
    },
    "convergence_time_s": null,
    "converged_epoch": null,
    "avg_cpu_utilization": 56.82222222222221,
    "final_validation_accuracy": 0.7580000230943266,
    "best_validation_accuracy": 0.7720000234692068,
    "time_to_first_validation_accuracy_s": 2.015413208020618,
    "time_to_best_accuracy_s": 33.573387250013184,
    "final_validation_loss": 0.8948408365249634,
    "best_validation_loss": 0.8882451057434082,
    "time_to_best_loss_s": 44.90064879201236,
    "final_test_accuracy": 0.7750000226239128,
    "best_test_accuracy": 0.7750000226239128,
    "time_to_best_test_accuracy_s": 47.730977166997036,
    "remote_feature_latency_s": {
      "count": 0,
      "total_s": 0.0,
      "mean_s": null,
      "p50_s": null,
      "p90_s": null,
      "p99_s": null,
      "min_s": null,
      "max_s": null
    },
    "remote_feature_total_s": 0.0,
    "cache_hits": 0,
    "cache_misses": 0,
    "cache_hit_rate": null,
    "validation_time_s": {
      "count": 100,
      "total_s": 33.3983987038373,
      "mean_s": 0.333983987038373,
      "p50_s": 0.3320851460011909,
      "p90_s": 0.34588923809933475,
      "p99_s": 0.39297364049154565,
      "min_s": 0.3172935000038706,
      "max_s": 0.3940683330001775
    },
    "saving_weights_time_s": {
      "count": 69,
      "total_s": 0.00020432891324162483,
      "mean_s": 2.9612885977047077e-06,
      "p50_s": 2.2920139599591494e-06,
      "p90_s": 2.749991836026311e-06,
      "p99_s": 1.856713439337884e-05,
      "min_s": 1.7910206224769354e-06,
      "max_s": 4.350001108832657e-05
    },
    "batch_train_loss_mean": 0.5356605041213334,
    "avg_batch_nodes": 339.4,
    "avg_batch_edges": 541.9,
    "avg_seed_node_ratio": 0.0888883115725141
  },
  "notes": [
    "GPU/CPU utilization and explicit DB write/query timings are not in the Measurer CSV (unless you log them); this parser will report None for those.",
    "throughput_samples_per_s assumes nbr_training_datapoints is per-epoch; if it's total across training, remove the * epochs_completed multiplier.",
    "remote_feature_total_s is a proxy for time spent waiting on remote feature reads (DB reads)."
  ]
}