{
  "run": {
    "csv": "/home/victor.pekkari/thesis-folder/neo4j-mpgnn-thesis/experiment_results/results/run_14_2026-05-12/measurements.csv",
    "runtime_s": 58.37176296394318,
    "training_time_s": 57.98927731998265,
    "epochs_completed": 200,
    "batches_seen": 0,
    "nbr_training_datapoints": 120.0
  },
  "metrics": {
    "throughput_samples_per_s": 413.8696170943622,
    "epoch_time_s": {
      "count": 200,
      "total_s": 0.030761885922402143,
      "mean_s": 0.0001538094296120107,
      "p50_s": 0.00013649254105985165,
      "p90_s": 0.00017040632665157318,
      "p99_s": 0.0004862639354541845,
      "min_s": 0.00012031290680170059,
      "max_s": 0.0011499091051518917
    },
    "sampling_phase_time_s": {
      "count": 0,
      "total_s": 0.0,
      "mean_s": null,
      "p50_s": null,
      "p90_s": null,
      "p99_s": null,
      "min_s": null,
      "max_s": null
    },
    "training_phase_time_s": {
      "count": 0,
      "total_s": 0.0,
      "mean_s": null,
      "p50_s": null,
      "p90_s": null,
      "p99_s": null,
      "min_s": null,
      "max_s": null
    },
    "convergence_time_s": null,
    "converged_epoch": null,
    "avg_cpu_utilization": null,
    "final_validation_accuracy": 0.1300000034913909,
    "best_validation_accuracy": 0.1300000034913909,
    "time_to_first_validation_accuracy_s": 0.44658188289031386,
    "time_to_best_accuracy_s": 0.44658188289031386,
    "final_validation_loss": 1.8075437545776367,
    "best_validation_loss": 1.8075437545776367,
    "time_to_best_loss_s": 0.446592659689486,
    "final_test_accuracy": 0.1220000039641584,
    "best_test_accuracy": 0.1220000039641584,
    "time_to_best_test_accuracy_s": 58.79860007297248,
    "remote_feature_latency_s": {
      "count": 404,
      "total_s": 43.654454519972205,
      "mean_s": 0.10805558049498071,
      "p50_s": 0.10663239494897425,
      "p90_s": 0.11951335407793522,
      "p99_s": 0.1366932218056171,
      "min_s": 0.06228191498667002,
      "max_s": 0.1695014089345932
    },
    "remote_feature_total_s": 43.654454519972205,
    "cache_hits": 404,
    "cache_misses": 404,
    "cache_hit_rate": 0.5,
    "validation_time_s": {
      "count": 200,
      "total_s": 58.23331038467586,
      "mean_s": 0.2911665519233793,
      "p50_s": 0.28459827648475766,
      "p90_s": 0.3154350605327636,
      "p99_s": 0.4140865550842132,
      "min_s": 0.2573299021460116,
      "max_s": 0.5345156788825989
    },
    "saving_weights_time_s": {
      "count": 1,
      "total_s": 8.409842848777771e-06,
      "mean_s": 8.409842848777771e-06,
      "p50_s": 8.409842848777771e-06,
      "p90_s": 8.409842848777771e-06,
      "p99_s": 8.409842848777771e-06,
      "min_s": 8.409842848777771e-06,
      "max_s": 8.409842848777771e-06
    },
    "batch_train_loss_mean": null,
    "avg_batch_nodes": null,
    "avg_batch_edges": null,
    "avg_seed_node_ratio": null,
    "topo_query_sent_ms": null,
    "topo_first_record_ms": null,
    "topo_transfer_ms": null,
    "topo_etl_ms": 1.1448601426759568,
    "feat_x_query_sent_ms": null,
    "feat_x_first_record_ms": null,
    "feat_x_transfer_ms": null,
    "feat_x_etl_ms": 5.906101497176039,
    "feat_x_etl_parse_ms": null,
    "feat_y_query_sent_ms": null,
    "feat_y_first_record_ms": null,
    "feat_y_transfer_ms": null,
    "feat_y_etl_ms": null,
    "network_baseline_ms": 7.259207631295344,
    "avg_feat_bytes": 19714185.386138614,
    "sampler_avg_db_exec_time_ms": 0,
    "sampler_avg_network_transfer_ms": 3.757425742574257,
    "sampler_avg_driver_overhead_ms": 7.259207631295344,
    "sampler_avg_result_consumed_after_ms": 3.757425742574257,
    "sampler_avg_result_available_after_ms": 0.504950495049505,
    "sampler_avg_client_wall_time_ms": 7.259207631295344,
    "sampler_avg_query_startup_ms": 0.504950495049505,
    "sampler_avg_exec_serialize_ms": 3.2524752475247523,
    "sampler_avg_client_recv_ms": 3.5017818887210868,
    "feat_x_avg_db_exec_time_ms": 0,
    "feat_x_avg_network_transfer_ms": 41.72029702970297,
    "feat_x_avg_driver_overhead_ms": 107.91068656213287,
    "feat_x_avg_result_consumed_after_ms": 41.72029702970297,
    "feat_x_avg_result_available_after_ms": 0.5346534653465347,
    "feat_x_avg_client_wall_time_ms": 107.91068656213287,
    "feat_x_avg_query_startup_ms": 0.5346534653465347,
    "feat_x_avg_exec_serialize_ms": 41.18564356435643,
    "feat_x_avg_client_recv_ms": 66.19038953242989,
    "topo_fetch_ms": 7.259207631295344
  },
  "notes": [
    "GPU/CPU utilization and explicit DB write/query timings are not in the Measurer CSV (unless you log them); this parser will report None for those.",
    "throughput_samples_per_s assumes nbr_training_datapoints is per-epoch; if it's total across training, remove the * epochs_completed multiplier.",
    "remote_feature_total_s is a proxy for time spent waiting on remote feature reads (DB reads)."
  ]
}