{
  "run": {
    "csv": "/var/lib/neo4j/data/projects/neo4j-mpgnn-thesis/experiment_results/results/run_35_2026-06-02/measurements.csv",
    "runtime_s": 1422.2833760399371,
    "training_time_s": 1412.5052676750347,
    "epochs_completed": 1,
    "batches_seen": 1536,
    "nbr_training_datapoints": 196615.0
  },
  "metrics": {
    "throughput_samples_per_s": 139.19594106974606,
    "epoch_time_s": {
      "count": 1,
      "total_s": 1417.284096935764,
      "mean_s": 1417.284096935764,
      "p50_s": 1417.284096935764,
      "p90_s": 1417.284096935764,
      "p99_s": 1417.284096935764,
      "min_s": 1417.284096935764,
      "max_s": 1417.284096935764
    },
    "sampling_phase_time_s": {
      "count": 1536,
      "total_s": 1384.0039328075945,
      "mean_s": 0.9010442270882777,
      "p50_s": 0.8165711653418839,
      "p90_s": 1.0714475330896676,
      "p99_s": 1.9371934564784339,
      "min_s": 0.7234306754544377,
      "max_s": 4.7730361465364695
    },
    "training_phase_time_s": {
      "count": 1536,
      "total_s": 14.734081664122641,
      "mean_s": 0.009592501083413177,
      "p50_s": 0.009362176060676575,
      "p90_s": 0.010277325753122568,
      "p99_s": 0.011958091566339143,
      "min_s": 0.008769432082772255,
      "max_s": 0.025612927973270416
    },
    "convergence_time_s": null,
    "converged_epoch": null,
    "avg_cpu_utilization": null,
    "final_validation_accuracy": 0.0,
    "best_validation_accuracy": 0.0,
    "time_to_first_validation_accuracy_s": 1422.2833358254284,
    "time_to_best_accuracy_s": 1422.2833358254284,
    "final_validation_loss": 0.0,
    "best_validation_loss": 0.0,
    "time_to_best_loss_s": 1422.2833455521613,
    "final_test_accuracy": 0.0,
    "best_test_accuracy": 0.0,
    "time_to_best_test_accuracy_s": 1423.543821528554,
    "remote_feature_latency_s": {
      "count": 1536,
      "total_s": 612.6632271865383,
      "mean_s": 0.39886928853290254,
      "p50_s": 0.3421995984390378,
      "p90_s": 0.5942457723431289,
      "p99_s": 0.6756360288709403,
      "min_s": 0.3261979231610894,
      "max_s": 1.9571315934881568
    },
    "remote_feature_total_s": 612.6632271865383,
    "cache_hits": 1536,
    "cache_misses": 1536,
    "cache_hit_rate": 0.5,
    "validation_time_s": {
      "count": 1,
      "total_s": 0.6677898773923516,
      "mean_s": 0.6677898773923516,
      "p50_s": 0.6677898773923516,
      "p90_s": 0.6677898773923516,
      "p99_s": 0.6677898773923516,
      "min_s": 0.6677898773923516,
      "max_s": 0.6677898773923516
    },
    "saving_weights_time_s": {
      "count": 1,
      "total_s": 9.056180715560913e-06,
      "mean_s": 9.056180715560913e-06,
      "p50_s": 9.056180715560913e-06,
      "p90_s": 9.056180715560913e-06,
      "p99_s": 9.056180715560913e-06,
      "min_s": 9.056180715560913e-06,
      "max_s": 9.056180715560913e-06
    },
    "batch_train_loss_mean": 0.6468790671691144,
    "avg_batch_nodes": 7178.865234375,
    "avg_batch_edges": 7584.069010416667,
    "avg_seed_node_ratio": 0.017831456640570634,
    "topo_query_sent_ms": null,
    "topo_first_record_ms": null,
    "topo_transfer_ms": null,
    "topo_etl_ms": 4.95195972083214,
    "feat_x_query_sent_ms": null,
    "feat_x_first_record_ms": null,
    "feat_x_transfer_ms": null,
    "feat_x_etl_ms": 9.860588147300101,
    "feat_x_etl_parse_ms": 116.37760147823428,
    "feat_y_query_sent_ms": null,
    "feat_y_first_record_ms": null,
    "feat_y_transfer_ms": null,
    "feat_y_etl_ms": null,
    "network_baseline_ms": 41.828484586080265,
    "avg_feat_bytes": 2871546.09375,
    "sampler_avg_db_exec_time_ms": 318.24268132552083,
    "sampler_avg_network_transfer_ms": 30.278803049479166,
    "sampler_avg_driver_overhead_ms": 41.828484586080265,
    "sampler_avg_result_consumed_after_ms": 348.521484375,
    "sampler_avg_result_available_after_ms": 0.8411458333333334,
    "sampler_avg_client_wall_time_ms": 360.0711659116011,
    "sampler_avg_query_startup_ms": 0.8411458333333334,
    "sampler_avg_exec_serialize_ms": 347.6803385416667,
    "sampler_avg_client_recv_ms": 11.5496815366011,
    "feat_x_avg_db_exec_time_ms": 78.74981624804687,
    "feat_x_avg_network_transfer_ms": 3.121928543619802,
    "feat_x_avg_driver_overhead_ms": 319.96280248560265,
    "feat_x_avg_result_consumed_after_ms": 81.87174479166667,
    "feat_x_avg_result_available_after_ms": 1.8984375,
    "feat_x_avg_client_wall_time_ms": 398.71261873364955,
    "feat_x_avg_query_startup_ms": 1.8984375,
    "feat_x_avg_exec_serialize_ms": 79.97330729166667,
    "feat_x_avg_client_recv_ms": 316.84087394198286,
    "topo_fetch_ms": 360.0711659116011
  },
  "notes": [
    "GPU/CPU utilization and explicit DB write/query timings are not in the Measurer CSV (unless you log them); this parser will report None for those.",
    "throughput_samples_per_s assumes nbr_training_datapoints is per-epoch; if it's total across training, remove the * epochs_completed multiplier.",
    "remote_feature_total_s is a proxy for time spent waiting on remote feature reads (DB reads)."
  ]
}