{
  "run": {
    "csv": "/Users/victorpekkari/Desktop/neo4j-mpgnn-thesis/experiment_results/sampler_comparison/comparison_6/PyGNeighborLoader/run_1/measurements.csv",
    "runtime_s": 1.1503942910057958,
    "training_time_s": 1.142648332985118,
    "epochs_completed": 100,
    "batches_seen": 400,
    "nbr_training_datapoints": 140.0
  },
  "metrics": {
    "throughput_samples_per_s": 12252.238589825463,
    "epoch_time_s": {
      "count": 100,
      "total_s": 0.6456636192451697,
      "mean_s": 0.006456636192451697,
      "p50_s": 0.0064348955056630075,
      "p90_s": 0.006813462486024946,
      "p99_s": 0.007347510423278438,
      "min_s": 0.005769625015091151,
      "max_s": 0.007682666007895023
    },
    "sampling_phase_time_s": {
      "count": 400,
      "total_s": 0.13528963673161343,
      "mean_s": 0.00033822409182903356,
      "p50_s": 0.00033860449912026525,
      "p90_s": 0.0003809621965046972,
      "p99_s": 0.0004263412649743258,
      "min_s": 0.00024354198831133544,
      "max_s": 0.0004619169922079891
    },
    "training_phase_time_s": {
      "count": 400,
      "total_s": 0.4986947910801973,
      "mean_s": 0.0012467369777004933,
      "p50_s": 0.0012458124983822927,
      "p90_s": 0.0013612994051072748,
      "p99_s": 0.0015506233301130123,
      "min_s": 0.0009891249937936664,
      "max_s": 0.001682458008872345
    },
    "convergence_time_s": null,
    "converged_epoch": null,
    "avg_cpu_utilization": 30.25,
    "final_validation_accuracy": 0.7680000236418221,
    "best_validation_accuracy": 0.7880000241566449,
    "time_to_first_validation_accuracy_s": 0.015215708001051098,
    "time_to_best_accuracy_s": 1.071430624986533,
    "final_validation_loss": 0.8342357873916626,
    "best_validation_loss": 0.8261083960533142,
    "time_to_best_loss_s": 0.9915210829931311,
    "final_test_accuracy": 0.7910000238415047,
    "best_test_accuracy": 0.7910000238415047,
    "time_to_best_test_accuracy_s": 2.035674749989994,
    "remote_feature_latency_s": {
      "count": 0,
      "total_s": 0.0,
      "mean_s": null,
      "p50_s": null,
      "p90_s": null,
      "p99_s": null,
      "min_s": null,
      "max_s": null
    },
    "remote_feature_total_s": 0.0,
    "cache_hits": 0,
    "cache_misses": 0,
    "cache_hit_rate": null,
    "validation_time_s": {
      "count": 100,
      "total_s": 0.5012928262294736,
      "mean_s": 0.005012928262294736,
      "p50_s": 0.00499485399632249,
      "p90_s": 0.005266733322059736,
      "p99_s": 0.005484268356231043,
      "min_s": 0.0044162079866509885,
      "max_s": 0.0058449580101296306
    },
    "saving_weights_time_s": {
      "count": 71,
      "total_s": 0.00016325092292390764,
      "mean_s": 2.2993087735761638e-06,
      "p50_s": 1.916982000693679e-06,
      "p90_s": 3.2910029403865337e-06,
      "p99_s": 6.541315815411508e-06,
      "min_s": 1.374981366097927e-06,
      "max_s": 6.541988113895059e-06
    },
    "batch_train_loss_mean": 0.5868601816846057,
    "avg_batch_nodes": 353.4425,
    "avg_batch_edges": 569.0975,
    "avg_seed_node_ratio": 0.08592149079023859,
    "topo_query_sent_ms": null,
    "topo_first_record_ms": null,
    "topo_transfer_ms": null,
    "topo_etl_ms": null,
    "feat_x_query_sent_ms": null,
    "feat_x_first_record_ms": null,
    "feat_x_transfer_ms": null,
    "feat_x_etl_ms": null,
    "feat_y_query_sent_ms": null,
    "feat_y_first_record_ms": null,
    "feat_y_transfer_ms": null,
    "feat_y_etl_ms": null,
    "network_baseline_ms": null
  },
  "notes": [
    "GPU/CPU utilization and explicit DB write/query timings are not in the Measurer CSV (unless you log them); this parser will report None for those.",
    "throughput_samples_per_s assumes nbr_training_datapoints is per-epoch; if it's total across training, remove the * epochs_completed multiplier.",
    "remote_feature_total_s is a proxy for time spent waiting on remote feature reads (DB reads)."
  ]
}