{
  "run": {
    "csv": "/var/lib/neo4j/data/projects/neo4j-mpgnn-thesis/experiment_results/results/run_24_2026-05-12/measurements.csv",
    "runtime_s": 639.0256695132703,
    "training_time_s": 546.0067233173177,
    "epochs_completed": 2,
    "batches_seen": 322,
    "nbr_training_datapoints": 20695.0
  },
  "metrics": {
    "throughput_samples_per_s": 75.80492736157345,
    "epoch_time_s": {
      "count": 2,
      "total_s": 456.88040012307465,
      "mean_s": 228.44020006153733,
      "p50_s": 228.44020006153733,
      "p90_s": 230.52320804614573,
      "p99_s": 230.99188484268262,
      "min_s": 225.8364400807768,
      "max_s": 231.04396004229784
    },
    "sampling_phase_time_s": {
      "count": 322,
      "total_s": 427.76533371489495,
      "mean_s": 1.328463769300916,
      "p50_s": 1.2348916945047677,
      "p90_s": 1.893523040087894,
      "p99_s": 2.123956055184826,
      "min_s": 1.022520329337567,
      "max_s": 2.152072553988546
    },
    "training_phase_time_s": {
      "count": 322,
      "total_s": 27.129129657521844,
      "mean_s": 0.08425195545814237,
      "p50_s": 0.08386652823537588,
      "p90_s": 0.09271131097339094,
      "p99_s": 0.10546463661827148,
      "min_s": 0.059471739921718836,
      "max_s": 0.33233447978273034
    },
    "convergence_time_s": null,
    "converged_epoch": null,
    "avg_cpu_utilization": null,
    "final_validation_accuracy": 0.9525949479656078,
    "best_validation_accuracy": 0.9525949479656078,
    "time_to_first_validation_accuracy_s": 316.80553254298866,
    "time_to_best_accuracy_s": 639.0256209853105,
    "final_validation_loss": 0.166824996471405,
    "best_validation_loss": 0.166824996471405,
    "time_to_best_loss_s": 639.0256349970587,
    "final_test_accuracy": 0.9450724215178032,
    "best_test_accuracy": 0.9450724215178032,
    "time_to_best_test_accuracy_s": 728.503476222977,
    "remote_feature_latency_s": {
      "count": 403,
      "total_s": 631.0946531151421,
      "mean_s": 1.5659916950747943,
      "p50_s": 1.1425841813907027,
      "p90_s": 2.95737296724692,
      "p99_s": 3.2370339292567225,
      "min_s": 0.9177994453348219,
      "max_s": 3.3014406450092793
    },
    "remote_feature_total_s": 631.0946531151421,
    "cache_hits": 403,
    "cache_misses": 403,
    "cache_hit_rate": 0.5,
    "validation_time_s": {
      "count": 2,
      "total_s": 181.69303947035223,
      "mean_s": 90.84651973517612,
      "p50_s": 90.84651973517612,
      "p90_s": 91.11015222007408,
      "p99_s": 91.16946952917613,
      "min_s": 90.51697912905365,
      "max_s": 91.17606034129858
    },
    "saving_weights_time_s": {
      "count": 2,
      "total_s": 2.854876220226288e-05,
      "mean_s": 1.427438110113144e-05,
      "p50_s": 1.427438110113144e-05,
      "p90_s": 1.8512271344661714e-05,
      "p99_s": 1.9465796649456026e-05,
      "min_s": 8.977018296718597e-06,
      "max_s": 1.957174390554428e-05
    },
    "batch_train_loss_mean": 0.2645758784705808,
    "avg_batch_nodes": 3980.055900621118,
    "avg_batch_edges": 5704.909937888198,
    "avg_seed_node_ratio": 0.032194310849402274,
    "topo_query_sent_ms": null,
    "topo_first_record_ms": null,
    "topo_transfer_ms": null,
    "topo_etl_ms": 3.2165830703013145,
    "feat_x_query_sent_ms": null,
    "feat_x_first_record_ms": null,
    "feat_x_transfer_ms": null,
    "feat_x_etl_ms": 55.01646774176221,
    "feat_x_etl_parse_ms": null,
    "feat_y_query_sent_ms": null,
    "feat_y_first_record_ms": null,
    "feat_y_transfer_ms": null,
    "feat_y_etl_ms": null,
    "network_baseline_ms": 20.3305823744619,
    "avg_feat_bytes": 82216763.37468983,
    "sampler_avg_db_exec_time_ms": 0,
    "sampler_avg_network_transfer_ms": 13.96029776674938,
    "sampler_avg_driver_overhead_ms": 20.3305823744619,
    "sampler_avg_result_consumed_after_ms": 13.96029776674938,
    "sampler_avg_result_available_after_ms": 0.7196029776674938,
    "sampler_avg_client_wall_time_ms": 20.3305823744619,
    "sampler_avg_query_startup_ms": 0.7196029776674938,
    "sampler_avg_exec_serialize_ms": 13.240694789081886,
    "sampler_avg_client_recv_ms": 6.370284607712522,
    "feat_x_avg_db_exec_time_ms": 0,
    "feat_x_avg_network_transfer_ms": 798.6724565756824,
    "feat_x_avg_driver_overhead_ms": 1564.7490147984224,
    "feat_x_avg_result_consumed_after_ms": 798.6724565756824,
    "feat_x_avg_result_available_after_ms": 6.002481389578164,
    "feat_x_avg_client_wall_time_ms": 1564.7490147984224,
    "feat_x_avg_query_startup_ms": 6.002481389578164,
    "feat_x_avg_exec_serialize_ms": 792.6699751861042,
    "feat_x_avg_client_recv_ms": 766.07655822274,
    "topo_fetch_ms": 20.3305823744619
  },
  "notes": [
    "GPU/CPU utilization and explicit DB write/query timings are not in the Measurer CSV (unless you log them); this parser will report None for those.",
    "throughput_samples_per_s assumes nbr_training_datapoints is per-epoch; if it's total across training, remove the * epochs_completed multiplier.",
    "remote_feature_total_s is a proxy for time spent waiting on remote feature reads (DB reads)."
  ]
}