{
  "sampler": {
    "plan_meta": {},
    "global": {
      "sample_count": 403,
      "avg_client_wall_time_ms": 33.98306328322618,
      "avg_result_available_after_ms": 0.8461538461538461,
      "avg_result_consumed_after_ms": 24.672456575682382,
      "avg_profile_total_time_ms": 0.0,
      "avg_global_memory_bytes": 0.0,
      "avg_root_rows": 0.0,
      "avg_root_db_hits": 0.0,
      "avg_page_cache_hits": 0.0,
      "avg_page_cache_misses": 0.0,
      "avg_db_exec_time_ms": 0,
      "avg_network_transfer_ms": 24.672456575682382,
      "avg_driver_overhead_ms": 33.98306328322618,
      "avg_query_startup_ms": 0.8461538461538461,
      "avg_exec_serialize_ms": 23.826302729528535,
      "avg_client_recv_ms": 9.310606707543798
    },
    "operators": [],
    "top_by_time_ms": [],
    "top_by_db_hits": [],
    "top_by_memory_bytes": []
  },
  "feat_x": {
    "plan_meta": {},
    "global": {
      "sample_count": 403,
      "avg_client_wall_time_ms": 2910.7156802112095,
      "avg_result_available_after_ms": 13.11166253101737,
      "avg_result_consumed_after_ms": 1457.3722084367246,
      "avg_profile_total_time_ms": 0.0,
      "avg_global_memory_bytes": 0.0,
      "avg_root_rows": 0.0,
      "avg_root_db_hits": 0.0,
      "avg_page_cache_hits": 0.0,
      "avg_page_cache_misses": 0.0,
      "avg_db_exec_time_ms": 0,
      "avg_network_transfer_ms": 1457.3722084367246,
      "avg_driver_overhead_ms": 2910.7156802112095,
      "avg_query_startup_ms": 13.11166253101737,
      "avg_exec_serialize_ms": 1444.2605459057072,
      "avg_client_recv_ms": 1453.343471774485
    },
    "operators": [],
    "top_by_time_ms": [],
    "top_by_db_hits": [],
    "top_by_memory_bytes": []
  },
  "subphase_metrics": {
    "throughput_samples_per_s": 40.07357936180719,
    "epoch_time_s": {
      "count": 2,
      "total_s": 875.0553809329867,
      "mean_s": 437.52769046649337,
      "p50_s": 437.52769046649337,
      "p90_s": 439.0974239517003,
      "p99_s": 439.4506139858719,
      "min_s": 435.56552360998467,
      "max_s": 439.48985732300207
    },
    "sampling_phase_time_s": {
      "count": 322,
      "total_s": 824.3743109926581,
      "mean_s": 2.5601686676790627,
      "p50_s": 2.3571519502438605,
      "p90_s": 3.603879720903933,
      "p99_s": 4.087903956039809,
      "min_s": 1.857378208078444,
      "max_s": 4.449235619045794
    },
    "training_phase_time_s": {
      "count": 322,
      "total_s": 46.64014190621674,
      "mean_s": 0.14484516119943086,
      "p50_s": 0.1424708424601704,
      "p90_s": 0.1550936095416546,
      "p99_s": 0.17140927544329315,
      "min_s": 0.12615089304745197,
      "max_s": 0.3322615819051862
    },
    "convergence_time_s": null,
    "converged_epoch": null,
    "avg_cpu_utilization": null,
    "final_validation_accuracy": 0.9528848870699718,
    "best_validation_accuracy": 0.9528848870699718,
    "time_to_first_validation_accuracy_s": 596.4320429423824,
    "time_to_best_accuracy_s": 1193.685935002286,
    "final_validation_loss": 0.1673926562070846,
    "best_validation_loss": 0.1673926562070846,
    "time_to_best_loss_s": 1193.6859492543153,
    "final_test_accuracy": 0.9440579288142932,
    "best_test_accuracy": 0.9440579288142932,
    "time_to_best_test_accuracy_s": 1353.9209890961647,
    "remote_feature_latency_s": {
      "count": 403,
      "total_s": 1173.931001036428,
      "mean_s": 2.912980151455156,
      "p50_s": 2.2044176501221955,
      "p90_s": 5.211277558282018,
      "p99_s": 5.817772178472952,
      "min_s": 1.6458422667346895,
      "max_s": 5.996950062923133
    },
    "remote_feature_total_s": 1173.931001036428,
    "cache_hits": 403,
    "cache_misses": 403,
    "cache_hit_rate": 0.5,
    "validation_time_s": {
      "count": 2,
      "total_s": 318.18030016031116,
      "mean_s": 159.09015008015558,
      "p50_s": 159.09015008015558,
      "p90_s": 160.15107323145494,
      "p99_s": 160.3897809404973,
      "min_s": 157.76399614103138,
      "max_s": 160.41630401927978
    },
    "saving_weights_time_s": {
      "count": 2,
      "total_s": 4.7460198402404785e-05,
      "mean_s": 2.3730099201202393e-05,
      "p50_s": 2.3730099201202393e-05,
      "p90_s": 3.3950060606002806e-05,
      "p99_s": 3.62495519220829e-05,
      "min_s": 1.0955147445201874e-05,
      "max_s": 3.650505095720291e-05
    },
    "batch_train_loss_mean": 0.26539074319489997,
    "avg_batch_nodes": 7537.239130434783,
    "avg_batch_edges": 13929.335403726707,
    "avg_seed_node_ratio": 0.01701267957310501,
    "topo_query_sent_ms": null,
    "topo_first_record_ms": null,
    "topo_transfer_ms": null,
    "topo_etl_ms": 6.7163345117408495,
    "feat_x_query_sent_ms": null,
    "feat_x_first_record_ms": null,
    "feat_x_transfer_ms": null,
    "feat_x_etl_ms": 126.67659339298571,
    "feat_x_etl_parse_ms": null,
    "feat_y_query_sent_ms": null,
    "feat_y_first_record_ms": null,
    "feat_y_transfer_ms": null,
    "feat_y_etl_ms": null,
    "network_baseline_ms": 33.98306328322618,
    "avg_feat_bytes": 113159073.34987593,
    "sampler_avg_db_exec_time_ms": 0,
    "sampler_avg_network_transfer_ms": 24.672456575682382,
    "sampler_avg_driver_overhead_ms": 33.98306328322618,
    "sampler_avg_result_consumed_after_ms": 24.672456575682382,
    "sampler_avg_result_available_after_ms": 0.8461538461538461,
    "sampler_avg_client_wall_time_ms": 33.98306328322618,
    "sampler_avg_query_startup_ms": 0.8461538461538461,
    "sampler_avg_exec_serialize_ms": 23.826302729528535,
    "sampler_avg_client_recv_ms": 9.310606707543798,
    "feat_x_avg_db_exec_time_ms": 0,
    "feat_x_avg_network_transfer_ms": 1457.3722084367246,
    "feat_x_avg_driver_overhead_ms": 2910.7156802112095,
    "feat_x_avg_result_consumed_after_ms": 1457.3722084367246,
    "feat_x_avg_result_available_after_ms": 13.11166253101737,
    "feat_x_avg_client_wall_time_ms": 2910.7156802112095,
    "feat_x_avg_query_startup_ms": 13.11166253101737,
    "feat_x_avg_exec_serialize_ms": 1444.2605459057072,
    "feat_x_avg_client_recv_ms": 1453.343471774485,
    "topo_fetch_ms": 33.98306328322618
  }
}