{
  "run": {
    "csv": "/Users/victorpekkari/Desktop/neo4j-mpgnn-thesis/experiments/results/run_2/measurements.csv",
    "runtime_s": 1.2411521659960272,
    "training_time_s": 0.2048883749957895,
    "epochs_completed": 20,
    "batches_seen": 20,
    "nbr_training_datapoints": 140.0
  },
  "metrics": {
    "throughput_samples_per_s": 13665.977877258974,
    "epoch_time_s": {
      "count": 20,
      "total_s": 0.11390725000819657,
      "mean_s": 0.005695362500409829,
      "p50_s": 0.003810249996604398,
      "p90_s": 0.00424169169709785,
      "p99_s": 0.0337924867328547,
      "min_s": 0.0034191669983556494,
      "max_s": 0.040624000001116656
    },
    "sampling_phase_time_s": {
      "count": 20,
      "total_s": 0.01310400002694223,
      "mean_s": 0.0006552000013471115,
      "p50_s": 0.0005014999987906776,
      "p90_s": 0.0005972256112727338,
      "p99_s": 0.002793790980649643,
      "min_s": 0.00042308300908189267,
      "max_s": 0.0032963330013444647
    },
    "training_phase_time_s": {
      "count": 20,
      "total_s": 0.08579262798593845,
      "mean_s": 0.004289631399296922,
      "p50_s": 0.003256646501540672,
      "p90_s": 0.003551320893166122,
      "p99_s": 0.019821843186073215,
      "min_s": 0.0029002090013818815,
      "max_s": 0.02352608299406711
    },
    "convergence_time_s": null,
    "converged_epoch": null,
    "avg_cpu_utilization": 101.1,
    "final_validation_accuracy": 0.5360000158133382,
    "best_validation_accuracy": 0.5360000158133382,
    "time_to_first_validation_accuracy_s": 1.0629520829970716,
    "time_to_best_accuracy_s": 1.2411407079925993,
    "final_validation_loss": 1.6432058811187744,
    "best_validation_loss": 1.6432058811187744,
    "time_to_best_loss_s": 1.2411444159952225,
    "final_test_accuracy": 0.5030000158826468,
    "best_test_accuracy": 0.5030000158826468,
    "time_to_best_test_accuracy_s": 2.061348499992164,
    "remote_feature_latency_s": {
      "count": 0,
      "total_s": 0.0,
      "mean_s": null,
      "p50_s": null,
      "p90_s": null,
      "p99_s": null,
      "min_s": null,
      "max_s": null
    },
    "remote_feature_total_s": 0.0,
    "cache_hits": 0,
    "cache_misses": 0,
    "cache_hit_rate": null,
    "validation_time_s": {
      "count": 20,
      "total_s": 0.11371791399142239,
      "mean_s": 0.00568589569957112,
      "p50_s": 0.0054160209983820096,
      "p90_s": 0.006332028906035704,
      "p99_s": 0.00862035396203282,
      "min_s": 0.00488999999652151,
      "max_s": 0.008995208001579158
    },
    "saving_weights_time_s": {
      "count": 16,
      "total_s": 3.416601975914091e-05,
      "mean_s": 2.135376234946307e-06,
      "p50_s": 1.8329956219531596e-06,
      "p90_s": 3.16700607072562e-06,
      "p99_s": 4.0026970964390785e-06,
      "min_s": 1.4999968698248267e-06,
      "max_s": 4.083995008841157e-06
    },
    "batch_train_loss_mean": 1.7772168457508086,
    "avg_batch_nodes": 1139.4,
    "avg_batch_edges": 2286.4,
    "avg_seed_node_ratio": 0.1228795011137928
  },
  "notes": [
    "GPU/CPU utilization and explicit DB write/query timings are not in the Measurer CSV (unless you log them); this parser will report None for those.",
    "throughput_samples_per_s assumes nbr_training_datapoints is per-epoch; if it's total across training, remove the * epochs_completed multiplier.",
    "remote_feature_total_s is a proxy for time spent waiting on remote feature reads (DB reads)."
  ]
}