{
  "run": {
    "csv": "/home/victor.pekkari/thesis-folder/neo4j-mpgnn-thesis/experiment_results/results/run_8_2026-05-12/measurements.csv",
    "runtime_s": 74.18633367540315,
    "training_time_s": 73.70931712305173,
    "epochs_completed": 200,
    "batches_seen": 200,
    "nbr_training_datapoints": 120.0
  },
  "metrics": {
    "throughput_samples_per_s": 325.60334211120073,
    "epoch_time_s": {
      "count": 200,
      "total_s": 11.412798057775944,
      "mean_s": 0.05706399028887972,
      "p50_s": 0.053015775280073285,
      "p90_s": 0.07025127159431577,
      "p99_s": 0.0791053711436687,
      "min_s": 0.0432865209877491,
      "max_s": 0.2935164822265506
    },
    "sampling_phase_time_s": {
      "count": 200,
      "total_s": 9.2654805528,
      "mean_s": 0.046327402764,
      "p50_s": 0.04225716507062316,
      "p90_s": 0.059615516429767014,
      "p99_s": 0.06737554353661823,
      "min_s": 0.034778970293700695,
      "max_s": 0.2839065189473331
    },
    "training_phase_time_s": {
      "count": 200,
      "total_s": 1.9145287917926908,
      "mean_s": 0.009572643958963454,
      "p50_s": 0.009431939106434584,
      "p90_s": 0.01043426520191133,
      "p99_s": 0.013812588816508634,
      "min_s": 0.007788577117025852,
      "max_s": 0.017223725095391273
    },
    "convergence_time_s": null,
    "converged_epoch": null,
    "avg_cpu_utilization": null,
    "final_validation_accuracy": 0.6120000180452452,
    "best_validation_accuracy": 0.6280000185151203,
    "time_to_first_validation_accuracy_s": 0.6187134101055562,
    "time_to_best_accuracy_s": 28.41472239140421,
    "final_validation_loss": 1.1469993591308594,
    "best_validation_loss": 1.139168381690979,
    "time_to_best_loss_s": 69.6250562001951,
    "final_test_accuracy": 0.6230000183026403,
    "best_test_accuracy": 0.6230000183026403,
    "time_to_best_test_accuracy_s": 74.65445274906233,
    "remote_feature_latency_s": {
      "count": 604,
      "total_s": 47.32551632774994,
      "mean_s": 0.07835350385389063,
      "p50_s": 0.08963874727487564,
      "p90_s": 0.12956040212884545,
      "p99_s": 0.13856971585191788,
      "min_s": 0.024922040291130543,
      "max_s": 0.16481042699888349
    },
    "remote_feature_total_s": 47.32551632774994,
    "cache_hits": 604,
    "cache_misses": 604,
    "cache_hit_rate": 0.5,
    "validation_time_s": {
      "count": 200,
      "total_s": 62.668478313367814,
      "mean_s": 0.3133423915668391,
      "p50_s": 0.2979346017818898,
      "p90_s": 0.37413893099874257,
      "p99_s": 0.3943969462998209,
      "min_s": 0.2771750087849796,
      "max_s": 0.6018257588148117
    },
    "saving_weights_time_s": {
      "count": 134,
      "total_s": 0.0009621451608836651,
      "mean_s": 7.180187767788546e-06,
      "p50_s": 6.131595000624657e-06,
      "p90_s": 8.01142305135727e-06,
      "p99_s": 1.5376736409962164e-05,
      "min_s": 4.6067871153354645e-06,
      "max_s": 0.00010251300409436226
    },
    "batch_train_loss_mean": 0.42064422902651133,
    "avg_batch_nodes": 491.995,
    "avg_batch_edges": 757.285,
    "avg_seed_node_ratio": 0.13063527373635173,
    "topo_query_sent_ms": null,
    "topo_first_record_ms": null,
    "topo_transfer_ms": null,
    "topo_etl_ms": 0.9099708674228842,
    "feat_x_query_sent_ms": null,
    "feat_x_first_record_ms": null,
    "feat_x_transfer_ms": null,
    "feat_x_etl_ms": 5.308182657980021,
    "feat_x_etl_parse_ms": null,
    "feat_y_query_sent_ms": null,
    "feat_y_first_record_ms": null,
    "feat_y_transfer_ms": null,
    "feat_y_etl_ms": null,
    "network_baseline_ms": 6.174071644901588,
    "avg_feat_bytes": 14727345.986754967,
    "sampler_avg_db_exec_time_ms": 0,
    "sampler_avg_network_transfer_ms": 3.1374172185430464,
    "sampler_avg_driver_overhead_ms": 6.174071644901588,
    "sampler_avg_result_consumed_after_ms": 3.1374172185430464,
    "sampler_avg_result_available_after_ms": 0.4966887417218543,
    "sampler_avg_client_wall_time_ms": 6.174071644901588,
    "sampler_avg_query_startup_ms": 0.4966887417218543,
    "sampler_avg_exec_serialize_ms": 2.640728476821192,
    "sampler_avg_client_recv_ms": 3.0366544263585413,
    "feat_x_avg_db_exec_time_ms": 0,
    "feat_x_avg_network_transfer_ms": 48.32615894039735,
    "feat_x_avg_driver_overhead_ms": 77.86841285014093,
    "feat_x_avg_result_consumed_after_ms": 48.32615894039735,
    "feat_x_avg_result_available_after_ms": 1.4056291390728477,
    "feat_x_avg_client_wall_time_ms": 77.86841285014093,
    "feat_x_avg_query_startup_ms": 1.4056291390728477,
    "feat_x_avg_exec_serialize_ms": 46.9205298013245,
    "feat_x_avg_client_recv_ms": 29.54225390974358,
    "topo_fetch_ms": 6.174071644901588
  },
  "notes": [
    "GPU/CPU utilization and explicit DB write/query timings are not in the Measurer CSV (unless you log them); this parser will report None for those.",
    "throughput_samples_per_s assumes nbr_training_datapoints is per-epoch; if it's total across training, remove the * epochs_completed multiplier.",
    "remote_feature_total_s is a proxy for time spent waiting on remote feature reads (DB reads)."
  ]
}