{
  "sampler": {
    "plan_meta": {},
    "global": {
      "sample_count": 64,
      "avg_client_wall_time_ms": 5.481758846144658,
      "avg_result_available_after_ms": 0.609375,
      "avg_result_consumed_after_ms": 3.1875,
      "avg_profile_total_time_ms": 0.0,
      "avg_global_memory_bytes": 0.0,
      "avg_root_rows": 0.0,
      "avg_root_db_hits": 0.0,
      "avg_page_cache_hits": 0.0,
      "avg_page_cache_misses": 0.0,
      "avg_db_exec_time_ms": 0,
      "avg_network_transfer_ms": 3.1875,
      "avg_driver_overhead_ms": 5.481758846144658,
      "avg_query_startup_ms": 0.609375,
      "avg_exec_serialize_ms": 2.578125,
      "avg_client_recv_ms": 2.2942588461446576
    },
    "operators": [],
    "top_by_time_ms": [],
    "top_by_db_hits": [],
    "top_by_memory_bytes": []
  },
  "feat_x": {
    "plan_meta": {},
    "global": {
      "sample_count": 64,
      "avg_client_wall_time_ms": 87.52341592480661,
      "avg_result_available_after_ms": 1.5625,
      "avg_result_consumed_after_ms": 56.875,
      "avg_profile_total_time_ms": 0.0,
      "avg_global_memory_bytes": 0.0,
      "avg_root_rows": 0.0,
      "avg_root_db_hits": 0.0,
      "avg_page_cache_hits": 0.0,
      "avg_page_cache_misses": 0.0,
      "avg_db_exec_time_ms": 0,
      "avg_network_transfer_ms": 56.875,
      "avg_driver_overhead_ms": 87.52341592480661,
      "avg_query_startup_ms": 1.5625,
      "avg_exec_serialize_ms": 55.3125,
      "avg_client_recv_ms": 30.648415924806613
    },
    "operators": [],
    "top_by_time_ms": [],
    "top_by_db_hits": [],
    "top_by_memory_bytes": []
  },
  "subphase_metrics": {
    "throughput_samples_per_s": 317.7459830204726,
    "epoch_time_s": {
      "count": 20,
      "total_s": 1.1996745537035167,
      "mean_s": 0.05998372768517583,
      "p50_s": 0.05481582833454013,
      "p90_s": 0.07661527819000186,
      "p99_s": 0.09718180974945423,
      "min_s": 0.05054272338747978,
      "max_s": 0.10094470297917724
    },
    "sampling_phase_time_s": {
      "count": 20,
      "total_s": 0.9779789536260068,
      "mean_s": 0.04889894768130034,
      "p50_s": 0.04465854517184198,
      "p90_s": 0.06688059205189348,
      "p99_s": 0.080405247034505,
      "min_s": 0.03830474615097046,
      "max_s": 0.0834250501357019
    },
    "training_phase_time_s": {
      "count": 20,
      "total_s": 0.1959022842347622,
      "mean_s": 0.00979511421173811,
      "p50_s": 0.009451433317735791,
      "p90_s": 0.011463982425630096,
      "p99_s": 0.014594997637905179,
      "min_s": 0.008006609044969082,
      "max_s": 0.014780859928578138
    },
    "convergence_time_s": null,
    "converged_epoch": null,
    "avg_cpu_utilization": null,
    "final_validation_accuracy": 0.2580000068152659,
    "best_validation_accuracy": 0.2640000070277296,
    "time_to_first_validation_accuracy_s": 0.6482359156943858,
    "time_to_best_accuracy_s": 7.318656204733998,
    "final_validation_loss": 1.7143957614898682,
    "best_validation_loss": 1.7143957614898682,
    "time_to_best_loss_s": 8.073608864098787,
    "final_test_accuracy": 0.2670000076478604,
    "best_test_accuracy": 0.2670000076478604,
    "time_to_best_test_accuracy_s": 8.559339640662074,
    "remote_feature_latency_s": {
      "count": 64,
      "total_s": 5.630168662872165,
      "mean_s": 0.08797138535737759,
      "p50_s": 0.09915726305916905,
      "p90_s": 0.140927548147738,
      "p99_s": 0.16787523610983038,
      "min_s": 0.0281878849491477,
      "max_s": 0.18338232673704624
    },
    "remote_feature_total_s": 5.630168662872165,
    "cache_hits": 64,
    "cache_misses": 64,
    "cache_hit_rate": 0.5,
    "validation_time_s": {
      "count": 20,
      "total_s": 6.772787786554545,
      "mean_s": 0.33863938932772725,
      "p50_s": 0.3207929637283087,
      "p90_s": 0.40728641455061737,
      "p99_s": 0.44044530136510723,
      "min_s": 0.308462293818593,
      "max_s": 0.44678137777373195
    },
    "saving_weights_time_s": {
      "count": 20,
      "total_s": 0.00014642579481005669,
      "mean_s": 7.3212897405028345e-06,
      "p50_s": 6.372574716806412e-06,
      "p90_s": 9.293528273701672e-06,
      "p99_s": 1.5143803320825095e-05,
      "min_s": 4.936009645462036e-06,
      "max_s": 1.586461439728737e-05
    },
    "batch_train_loss_mean": 1.6852808356285096,
    "avg_batch_nodes": 499.0,
    "avg_batch_edges": 772.3,
    "avg_seed_node_ratio": 0.12864030494685424,
    "topo_query_sent_ms": null,
    "topo_first_record_ms": null,
    "topo_transfer_ms": null,
    "topo_etl_ms": 0.8767290419200435,
    "feat_x_query_sent_ms": null,
    "feat_x_first_record_ms": null,
    "feat_x_transfer_ms": null,
    "feat_x_etl_ms": 5.334431683877483,
    "feat_x_etl_parse_ms": null,
    "feat_y_query_sent_ms": null,
    "feat_y_first_record_ms": null,
    "feat_y_transfer_ms": null,
    "feat_y_etl_ms": null,
    "network_baseline_ms": 5.481758846144658,
    "avg_feat_bytes": 14853195.875,
    "sampler_avg_db_exec_time_ms": 0,
    "sampler_avg_network_transfer_ms": 3.1875,
    "sampler_avg_driver_overhead_ms": 5.481758846144658,
    "sampler_avg_result_consumed_after_ms": 3.1875,
    "sampler_avg_result_available_after_ms": 0.609375,
    "sampler_avg_client_wall_time_ms": 5.481758846144658,
    "sampler_avg_query_startup_ms": 0.609375,
    "sampler_avg_exec_serialize_ms": 2.578125,
    "sampler_avg_client_recv_ms": 2.2942588461446576,
    "feat_x_avg_db_exec_time_ms": 0,
    "feat_x_avg_network_transfer_ms": 56.875,
    "feat_x_avg_driver_overhead_ms": 87.52341592480661,
    "feat_x_avg_result_consumed_after_ms": 56.875,
    "feat_x_avg_result_available_after_ms": 1.5625,
    "feat_x_avg_client_wall_time_ms": 87.52341592480661,
    "feat_x_avg_query_startup_ms": 1.5625,
    "feat_x_avg_exec_serialize_ms": 55.3125,
    "feat_x_avg_client_recv_ms": 30.648415924806613,
    "topo_fetch_ms": 5.481758846144658
  }
}