{
  "sampler": {
    "plan_meta": {},
    "global": {
      "sample_count": 544,
      "avg_client_wall_time_ms": 4.853412189678399,
      "avg_result_available_after_ms": 0.5845588235294118,
      "avg_result_consumed_after_ms": 2.3529411764705883,
      "avg_profile_total_time_ms": 0.0,
      "avg_global_memory_bytes": 0.0,
      "avg_root_rows": 0.0,
      "avg_root_db_hits": 0.0,
      "avg_page_cache_hits": 0.0,
      "avg_page_cache_misses": 0.0,
      "avg_db_exec_time_ms": 0,
      "avg_network_transfer_ms": 2.3529411764705883,
      "avg_driver_overhead_ms": 4.853412189678399,
      "avg_query_startup_ms": 0.5845588235294118,
      "avg_exec_serialize_ms": 1.7683823529411766,
      "avg_client_recv_ms": 2.5004710132078105
    },
    "operators": [],
    "top_by_time_ms": [],
    "top_by_db_hits": [],
    "top_by_memory_bytes": []
  },
  "feat_x": {
    "plan_meta": {},
    "global": {
      "sample_count": 544,
      "avg_client_wall_time_ms": 27.9820798913373,
      "avg_result_available_after_ms": 1.2481617647058822,
      "avg_result_consumed_after_ms": 16.966911764705884,
      "avg_profile_total_time_ms": 0.0,
      "avg_global_memory_bytes": 0.0,
      "avg_root_rows": 0.0,
      "avg_root_db_hits": 0.0,
      "avg_page_cache_hits": 0.0,
      "avg_page_cache_misses": 0.0,
      "avg_db_exec_time_ms": 0,
      "avg_network_transfer_ms": 16.966911764705884,
      "avg_driver_overhead_ms": 27.9820798913373,
      "avg_query_startup_ms": 1.2481617647058822,
      "avg_exec_serialize_ms": 15.718750000000002,
      "avg_client_recv_ms": 11.015168126631416
    },
    "operators": [],
    "top_by_time_ms": [],
    "top_by_db_hits": [],
    "top_by_memory_bytes": []
  },
  "subphase_metrics": {
    "throughput_samples_per_s": 408.0901745882581,
    "epoch_time_s": {
      "count": 90,
      "total_s": 10.594830931629986,
      "mean_s": 0.11772034368477761,
      "p50_s": 0.1109306754078716,
      "p90_s": 0.13018424254842104,
      "p99_s": 0.16154531980864692,
      "min_s": 0.10222407523542643,
      "max_s": 0.33975740475580096
    },
    "sampling_phase_time_s": {
      "count": 360,
      "total_s": 7.20786866126582,
      "mean_s": 0.020021857392405057,
      "p50_s": 0.01939381449483335,
      "p90_s": 0.023962474660947922,
      "p99_s": 0.02830502512399109,
      "min_s": 0.014606959652155638,
      "max_s": 0.029302898794412613
    },
    "training_phase_time_s": {
      "count": 360,
      "total_s": 3.1241947668604553,
      "mean_s": 0.008678318796834597,
      "p50_s": 0.007919910596683621,
      "p90_s": 0.008968731854110956,
      "p99_s": 0.011148898005485549,
      "min_s": 0.006537267006933689,
      "max_s": 0.23461821302771568
    },
    "convergence_time_s": null,
    "converged_epoch": null,
    "avg_cpu_utilization": null,
    "final_validation_accuracy": 0.7760000232965915,
    "best_validation_accuracy": 0.7880000235764768,
    "time_to_first_validation_accuracy_s": 0.4267468457110226,
    "time_to_best_accuracy_s": 24.469948277808726,
    "final_validation_loss": 0.8382487297058105,
    "best_validation_loss": 0.8382487297058105,
    "time_to_best_loss_s": 31.19249595189467,
    "final_test_accuracy": 0.7990000242214843,
    "best_test_accuracy": 0.7990000242214843,
    "time_to_best_test_accuracy_s": 31.49256076104939,
    "remote_feature_latency_s": {
      "count": 544,
      "total_s": 15.39610994933173,
      "mean_s": 0.028301672700977446,
      "p50_s": 0.014625812880694866,
      "p90_s": 0.06711259088478982,
      "p99_s": 0.08229360706638544,
      "min_s": 0.008272932842373848,
      "max_s": 0.08698849566280842
    },
    "remote_feature_total_s": 15.39610994933173,
    "cache_hits": 544,
    "cache_misses": 544,
    "cache_hit_rate": 0.5,
    "validation_time_s": {
      "count": 90,
      "total_s": 20.541025769896805,
      "mean_s": 0.22823361966552005,
      "p50_s": 0.21443687798455358,
      "p90_s": 0.26087085194885734,
      "p99_s": 0.2694088326999918,
      "min_s": 0.20107201905921102,
      "max_s": 0.26985254511237144
    },
    "saving_weights_time_s": {
      "count": 88,
      "total_s": 0.0005869017913937569,
      "mean_s": 6.669338538565419e-06,
      "p50_s": 6.3534826040267944e-06,
      "p90_s": 7.466319948434829e-06,
      "p99_s": 1.5052072703838332e-05,
      "min_s": 4.976987838745117e-06,
      "max_s": 1.8178019672632217e-05
    },
    "batch_train_loss_mean": 0.6422414366569784,
    "avg_batch_nodes": 355.28055555555557,
    "avg_batch_edges": 570.025,
    "avg_seed_node_ratio": 0.08529343995063608,
    "topo_query_sent_ms": null,
    "topo_first_record_ms": null,
    "topo_transfer_ms": null,
    "topo_etl_ms": 0.7814691223971107,
    "feat_x_query_sent_ms": null,
    "feat_x_first_record_ms": null,
    "feat_x_transfer_ms": null,
    "feat_x_etl_ms": 2.088373532066779,
    "feat_x_etl_parse_ms": null,
    "feat_y_query_sent_ms": null,
    "feat_y_first_record_ms": null,
    "feat_y_transfer_ms": null,
    "feat_y_etl_ms": null,
    "network_baseline_ms": 4.853412189678399,
    "avg_feat_bytes": 3786976.455882353,
    "sampler_avg_db_exec_time_ms": 0,
    "sampler_avg_network_transfer_ms": 2.3529411764705883,
    "sampler_avg_driver_overhead_ms": 4.853412189678399,
    "sampler_avg_result_consumed_after_ms": 2.3529411764705883,
    "sampler_avg_result_available_after_ms": 0.5845588235294118,
    "sampler_avg_client_wall_time_ms": 4.853412189678399,
    "sampler_avg_query_startup_ms": 0.5845588235294118,
    "sampler_avg_exec_serialize_ms": 1.7683823529411766,
    "sampler_avg_client_recv_ms": 2.5004710132078105,
    "feat_x_avg_db_exec_time_ms": 0,
    "feat_x_avg_network_transfer_ms": 16.966911764705884,
    "feat_x_avg_driver_overhead_ms": 27.9820798913373,
    "feat_x_avg_result_consumed_after_ms": 16.966911764705884,
    "feat_x_avg_result_available_after_ms": 1.2481617647058822,
    "feat_x_avg_client_wall_time_ms": 27.9820798913373,
    "feat_x_avg_query_startup_ms": 1.2481617647058822,
    "feat_x_avg_exec_serialize_ms": 15.718750000000002,
    "feat_x_avg_client_recv_ms": 11.015168126631416,
    "topo_fetch_ms": 4.853412189678399
  }
}