{
  "run": {
    "csv": "/home/victor.pekkari/thesis-folder/neo4j-mpgnn-thesis/experiment_results/results/run_21_2026-05-12/measurements.csv",
    "runtime_s": 64.93521780101582,
    "training_time_s": 64.51383929420263,
    "epochs_completed": 200,
    "batches_seen": 0,
    "nbr_training_datapoints": 120.0
  },
  "metrics": {
    "throughput_samples_per_s": 372.013203098218,
    "epoch_time_s": {
      "count": 200,
      "total_s": 0.028442930430173874,
      "mean_s": 0.00014221465215086938,
      "p50_s": 0.00013010716065764427,
      "p90_s": 0.00014448855072259902,
      "p99_s": 0.00021678813733159687,
      "min_s": 0.00010852981358766556,
      "max_s": 0.0011485451832413673
    },
    "sampling_phase_time_s": {
      "count": 0,
      "total_s": 0.0,
      "mean_s": null,
      "p50_s": null,
      "p90_s": null,
      "p99_s": null,
      "min_s": null,
      "max_s": null
    },
    "training_phase_time_s": {
      "count": 0,
      "total_s": 0.0,
      "mean_s": null,
      "p50_s": null,
      "p90_s": null,
      "p99_s": null,
      "min_s": null,
      "max_s": null
    },
    "convergence_time_s": null,
    "converged_epoch": null,
    "avg_cpu_utilization": null,
    "final_validation_accuracy": 0.1320000035138648,
    "best_validation_accuracy": 0.1320000035138648,
    "time_to_first_validation_accuracy_s": 0.47596493968740106,
    "time_to_best_accuracy_s": 0.47596493968740106,
    "final_validation_loss": 1.8020992279052732,
    "best_validation_loss": 1.8020992279052732,
    "time_to_best_loss_s": 0.4759750319644809,
    "final_test_accuracy": 0.1190000039742103,
    "best_test_accuracy": 0.1190000039742103,
    "time_to_best_test_accuracy_s": 65.4311072700657,
    "remote_feature_latency_s": {
      "count": 404,
      "total_s": 40.631840640679,
      "mean_s": 0.10057386297197772,
      "p50_s": 0.09836890269070864,
      "p90_s": 0.10208597420714796,
      "p99_s": 0.16198883278761023,
      "min_s": 0.061257564928382635,
      "max_s": 0.27710334304720163
    },
    "remote_feature_total_s": 40.631840640679,
    "cache_hits": 404,
    "cache_misses": 404,
    "cache_hit_rate": 0.5,
    "validation_time_s": {
      "count": 200,
      "total_s": 64.79591570608318,
      "mean_s": 0.32397957853041587,
      "p50_s": 0.3145196223631501,
      "p90_s": 0.33772686128504575,
      "p99_s": 0.4877279141312459,
      "min_s": 0.30110413720831275,
      "max_s": 0.5812370763160288
    },
    "saving_weights_time_s": {
      "count": 1,
      "total_s": 7.641967386007309e-06,
      "mean_s": 7.641967386007309e-06,
      "p50_s": 7.641967386007309e-06,
      "p90_s": 7.641967386007309e-06,
      "p99_s": 7.641967386007309e-06,
      "min_s": 7.641967386007309e-06,
      "max_s": 7.641967386007309e-06
    },
    "batch_train_loss_mean": null,
    "avg_batch_nodes": null,
    "avg_batch_edges": null,
    "avg_seed_node_ratio": null,
    "topo_query_sent_ms": null,
    "topo_first_record_ms": null,
    "topo_transfer_ms": null,
    "topo_etl_ms": 1.3001008272761165,
    "feat_x_query_sent_ms": null,
    "feat_x_first_record_ms": null,
    "feat_x_transfer_ms": null,
    "feat_x_etl_ms": 8.069057082111883,
    "feat_x_etl_parse_ms": null,
    "feat_y_query_sent_ms": null,
    "feat_y_first_record_ms": null,
    "feat_y_transfer_ms": null,
    "feat_y_etl_ms": null,
    "network_baseline_ms": 7.60888428736183,
    "avg_feat_bytes": 19481812.97029703,
    "sampler_avg_db_exec_time_ms": 0,
    "sampler_avg_network_transfer_ms": 4.170792079207921,
    "sampler_avg_driver_overhead_ms": 7.60888428736183,
    "sampler_avg_result_consumed_after_ms": 4.170792079207921,
    "sampler_avg_result_available_after_ms": 0.4207920792079208,
    "sampler_avg_client_wall_time_ms": 7.60888428736183,
    "sampler_avg_query_startup_ms": 0.4207920792079208,
    "sampler_avg_exec_serialize_ms": 3.75,
    "sampler_avg_client_recv_ms": 3.4380922081539094,
    "feat_x_avg_db_exec_time_ms": 0,
    "feat_x_avg_network_transfer_ms": 60.71782178217822,
    "feat_x_avg_driver_overhead_ms": 99.96286800274127,
    "feat_x_avg_result_consumed_after_ms": 60.71782178217822,
    "feat_x_avg_result_available_after_ms": 1.9232673267326732,
    "feat_x_avg_client_wall_time_ms": 99.96286800274127,
    "feat_x_avg_query_startup_ms": 1.9232673267326732,
    "feat_x_avg_exec_serialize_ms": 58.79455445544555,
    "feat_x_avg_client_recv_ms": 39.245046220563054,
    "topo_fetch_ms": 7.60888428736183
  },
  "notes": [
    "GPU/CPU utilization and explicit DB write/query timings are not in the Measurer CSV (unless you log them); this parser will report None for those.",
    "throughput_samples_per_s assumes nbr_training_datapoints is per-epoch; if it's total across training, remove the * epochs_completed multiplier.",
    "remote_feature_total_s is a proxy for time spent waiting on remote feature reads (DB reads)."
  ]
}