{
  "run": {
    "csv": "/home/victor.pekkari/thesis-folder/neo4j-mpgnn-thesis/experiment_results/results/run_21_2026-05-12/measurements.csv",
    "runtime_s": 6.266720810905099,
    "training_time_s": 5.861448020674288,
    "epochs_completed": 20,
    "batches_seen": 0,
    "nbr_training_datapoints": 120.0
  },
  "metrics": {
    "throughput_samples_per_s": 409.4551366035844,
    "epoch_time_s": {
      "count": 20,
      "total_s": 0.004254295956343412,
      "mean_s": 0.00021271479781717061,
      "p50_s": 0.00011666934005916119,
      "p90_s": 0.000234731659293176,
      "p99_s": 0.0010623824037611484,
      "min_s": 0.00010350579395890236,
      "max_s": 0.001068820245563984
    },
    "sampling_phase_time_s": {
      "count": 0,
      "total_s": 0.0,
      "mean_s": null,
      "p50_s": null,
      "p90_s": null,
      "p99_s": null,
      "min_s": null,
      "max_s": null
    },
    "training_phase_time_s": {
      "count": 0,
      "total_s": 0.0,
      "mean_s": null,
      "p50_s": null,
      "p90_s": null,
      "p99_s": null,
      "min_s": null,
      "max_s": null
    },
    "convergence_time_s": null,
    "converged_epoch": null,
    "avg_cpu_utilization": null,
    "final_validation_accuracy": 0.1420000036987552,
    "best_validation_accuracy": 0.1420000036987552,
    "time_to_first_validation_accuracy_s": 0.46223911084234715,
    "time_to_best_accuracy_s": 0.46223911084234715,
    "final_validation_loss": 1.7961649894714355,
    "best_validation_loss": 1.7961649894714355,
    "time_to_best_loss_s": 0.4622483318671584,
    "final_test_accuracy": 0.1530000041399536,
    "best_test_accuracy": 0.1530000041399536,
    "time_to_best_test_accuracy_s": 6.7504796320572495,
    "remote_feature_latency_s": {
      "count": 44,
      "total_s": 4.29133898159489,
      "mean_s": 0.09753043139988388,
      "p50_s": 0.09779065102338791,
      "p90_s": 0.10320044588297606,
      "p99_s": 0.12567210982088,
      "min_s": 0.06086806394159794,
      "max_s": 0.1416719169355929
    },
    "remote_feature_total_s": 4.29133898159489,
    "cache_hits": 44,
    "cache_misses": 44,
    "cache_hit_rate": 0.5,
    "validation_time_s": {
      "count": 20,
      "total_s": 6.165459982585162,
      "mean_s": 0.3082729991292581,
      "p50_s": 0.30560419661924243,
      "p90_s": 0.3121932601556182,
      "p99_s": 0.3547536477260291,
      "min_s": 0.2965370249003172,
      "max_s": 0.3645498547703028
    },
    "saving_weights_time_s": {
      "count": 1,
      "total_s": 6.700865924358368e-06,
      "mean_s": 6.700865924358368e-06,
      "p50_s": 6.700865924358368e-06,
      "p90_s": 6.700865924358368e-06,
      "p99_s": 6.700865924358368e-06,
      "min_s": 6.700865924358368e-06,
      "max_s": 6.700865924358368e-06
    },
    "batch_train_loss_mean": null,
    "avg_batch_nodes": null,
    "avg_batch_edges": null,
    "avg_seed_node_ratio": null,
    "topo_query_sent_ms": null,
    "topo_first_record_ms": null,
    "topo_transfer_ms": null,
    "topo_etl_ms": 1.2235370655120774,
    "feat_x_query_sent_ms": null,
    "feat_x_first_record_ms": null,
    "feat_x_transfer_ms": null,
    "feat_x_etl_ms": 6.446132372895425,
    "feat_x_etl_parse_ms": null,
    "feat_y_query_sent_ms": null,
    "feat_y_first_record_ms": null,
    "feat_y_transfer_ms": null,
    "feat_y_etl_ms": null,
    "network_baseline_ms": 6.450041927481917,
    "avg_feat_bytes": 19272431.818181816,
    "sampler_avg_db_exec_time_ms": 0,
    "sampler_avg_network_transfer_ms": 4.136363636363637,
    "sampler_avg_driver_overhead_ms": 6.450041927481917,
    "sampler_avg_result_consumed_after_ms": 4.136363636363637,
    "sampler_avg_result_available_after_ms": 0.6590909090909091,
    "sampler_avg_client_wall_time_ms": 6.450041927481917,
    "sampler_avg_query_startup_ms": 0.6590909090909091,
    "sampler_avg_exec_serialize_ms": 3.4772727272727275,
    "sampler_avg_client_recv_ms": 2.31367829111828,
    "feat_x_avg_db_exec_time_ms": 0,
    "feat_x_avg_network_transfer_ms": 58.68181818181818,
    "feat_x_avg_driver_overhead_ms": 96.97296127507633,
    "feat_x_avg_result_consumed_after_ms": 58.68181818181818,
    "feat_x_avg_result_available_after_ms": 1.9090909090909092,
    "feat_x_avg_client_wall_time_ms": 96.97296127507633,
    "feat_x_avg_query_startup_ms": 1.9090909090909092,
    "feat_x_avg_exec_serialize_ms": 56.77272727272727,
    "feat_x_avg_client_recv_ms": 38.29114309325815,
    "topo_fetch_ms": 6.450041927481917
  },
  "notes": [
    "GPU/CPU utilization and explicit DB write/query timings are not in the Measurer CSV (unless you log them); this parser will report None for those.",
    "throughput_samples_per_s assumes nbr_training_datapoints is per-epoch; if it's total across training, remove the * epochs_completed multiplier.",
    "remote_feature_total_s is a proxy for time spent waiting on remote feature reads (DB reads)."
  ]
}