{
  "run": {
    "csv": "/Users/victorpekkari/Desktop/neo4j-mpgnn-thesis/experiment_results/sampler_comparison/comparison_15/PyGNeighborLoader/run_9/measurements.csv",
    "runtime_s": 2.6941606660257094,
    "training_time_s": 1.1405939170217607,
    "epochs_completed": 100,
    "batches_seen": 400,
    "nbr_training_datapoints": 140.0
  },
  "metrics": {
    "throughput_samples_per_s": 12274.307087798456,
    "epoch_time_s": {
      "count": 100,
      "total_s": 0.6493414959986694,
      "mean_s": 0.006493414959986694,
      "p50_s": 0.0062792079988867044,
      "p90_s": 0.006763411889551207,
      "p99_s": 0.0102530485720491,
      "min_s": 0.005103499977849424,
      "max_s": 0.027364166016923264
    },
    "sampling_phase_time_s": {
      "count": 400,
      "total_s": 0.14347038889536634,
      "mean_s": 0.00035867597223841584,
      "p50_s": 0.00031975051388144493,
      "p90_s": 0.0004210119077470154,
      "p99_s": 0.0005586240801494568,
      "min_s": 0.00022508300025947392,
      "max_s": 0.011715208005625755
    },
    "training_phase_time_s": {
      "count": 400,
      "total_s": 0.4868494030961301,
      "mean_s": 0.0012171235077403253,
      "p50_s": 0.001183563013910316,
      "p90_s": 0.0014990380994277074,
      "p99_s": 0.0018240143987350154,
      "min_s": 0.0008905419963411987,
      "max_s": 0.0026585830200929195
    },
    "convergence_time_s": null,
    "converged_epoch": null,
    "avg_cpu_utilization": 137.2,
    "final_validation_accuracy": 0.7780000236816704,
    "best_validation_accuracy": 0.78600002406165,
    "time_to_first_validation_accuracy_s": 1.5670232500124257,
    "time_to_best_accuracy_s": 2.3298432500159834,
    "final_validation_loss": 0.8370383381843567,
    "best_validation_loss": 0.826300859451294,
    "time_to_best_loss_s": 2.6267626660119276,
    "final_test_accuracy": 0.7800000232427606,
    "best_test_accuracy": 0.7800000232427606,
    "time_to_best_test_accuracy_s": 3.5934508750215173,
    "remote_feature_latency_s": {
      "count": 0,
      "total_s": 0.0,
      "mean_s": null,
      "p50_s": null,
      "p90_s": null,
      "p99_s": null,
      "min_s": null,
      "max_s": null
    },
    "remote_feature_total_s": 0.0,
    "cache_hits": 0,
    "cache_misses": 0,
    "cache_hit_rate": null,
    "validation_time_s": {
      "count": 100,
      "total_s": 0.5133811989508104,
      "mean_s": 0.005133811989508103,
      "p50_s": 0.004931832998408936,
      "p90_s": 0.005440937785897404,
      "p99_s": 0.009194365014846013,
      "min_s": 0.004025915986858308,
      "max_s": 0.017150500003481284
    },
    "saving_weights_time_s": {
      "count": 67,
      "total_s": 0.00015566180809400976,
      "mean_s": 2.3233105685673097e-06,
      "p50_s": 2.082990249618888e-06,
      "p90_s": 2.7500034775584934e-06,
      "p99_s": 6.758836680091922e-06,
      "min_s": 1.374981366097927e-06,
      "max_s": 7.6669966802001e-06
    },
    "batch_train_loss_mean": 0.5843827266385779,
    "avg_batch_nodes": 353.355,
    "avg_batch_edges": 569.4375,
    "avg_seed_node_ratio": 0.08595707066543774
  },
  "notes": [
    "GPU/CPU utilization and explicit DB write/query timings are not in the Measurer CSV (unless you log them); this parser will report None for those.",
    "throughput_samples_per_s assumes nbr_training_datapoints is per-epoch; if it's total across training, remove the * epochs_completed multiplier.",
    "remote_feature_total_s is a proxy for time spent waiting on remote feature reads (DB reads)."
  ]
}