{
  "run": {
    "csv": "/home/victor.pekkari/thesis-folder/neo4j-mpgnn-thesis/experiment_results/results/run_24_2026-05-12/measurements.csv",
    "runtime_s": 61.33709092484787,
    "training_time_s": 60.9325564368628,
    "epochs_completed": 200,
    "batches_seen": 0,
    "nbr_training_datapoints": 120.0
  },
  "metrics": {
    "throughput_samples_per_s": 393.87810726222136,
    "epoch_time_s": {
      "count": 200,
      "total_s": 0.029396066442131996,
      "mean_s": 0.00014698033221065997,
      "p50_s": 0.00013309740461409092,
      "p90_s": 0.0001512092538177967,
      "p99_s": 0.00045198850799351483,
      "min_s": 0.00011494196951389313,
      "max_s": 0.0011506560258567333
    },
    "sampling_phase_time_s": {
      "count": 0,
      "total_s": 0.0,
      "mean_s": null,
      "p50_s": null,
      "p90_s": null,
      "p99_s": null,
      "min_s": null,
      "max_s": null
    },
    "training_phase_time_s": {
      "count": 0,
      "total_s": 0.0,
      "mean_s": null,
      "p50_s": null,
      "p90_s": null,
      "p99_s": null,
      "min_s": null,
      "max_s": null
    },
    "convergence_time_s": null,
    "converged_epoch": null,
    "avg_cpu_utilization": null,
    "final_validation_accuracy": 0.1360000036313336,
    "best_validation_accuracy": 0.1360000036313336,
    "time_to_first_validation_accuracy_s": 0.46849585697054863,
    "time_to_best_accuracy_s": 0.46849585697054863,
    "final_validation_loss": 1.806631326675415,
    "best_validation_loss": 1.806631326675415,
    "time_to_best_loss_s": 0.46850555995479226,
    "final_test_accuracy": 0.1250000041829229,
    "best_test_accuracy": 0.1250000041829229,
    "time_to_best_test_accuracy_s": 61.795869981870055,
    "remote_feature_latency_s": {
      "count": 404,
      "total_s": 46.38924697833136,
      "mean_s": 0.11482486875824593,
      "p50_s": 0.11506081791594625,
      "p90_s": 0.11996539495885372,
      "p99_s": 0.12454943585209548,
      "min_s": 0.06529500521719456,
      "max_s": 0.14394577406346798
    },
    "remote_feature_total_s": 46.38924697833136,
    "cache_hits": 404,
    "cache_misses": 404,
    "cache_hit_rate": 0.5,
    "validation_time_s": {
      "count": 200,
      "total_s": 61.204150987789035,
      "mean_s": 0.30602075493894515,
      "p50_s": 0.30324989394284785,
      "p90_s": 0.31131881214678286,
      "p99_s": 0.3694081156142041,
      "min_s": 0.28932126658037305,
      "max_s": 0.5350018301978707
    },
    "saving_weights_time_s": {
      "count": 1,
      "total_s": 7.416121661663055e-06,
      "mean_s": 7.416121661663055e-06,
      "p50_s": 7.416121661663055e-06,
      "p90_s": 7.416121661663055e-06,
      "p99_s": 7.416121661663055e-06,
      "min_s": 7.416121661663055e-06,
      "max_s": 7.416121661663055e-06
    },
    "batch_train_loss_mean": null,
    "avg_batch_nodes": null,
    "avg_batch_edges": null,
    "avg_seed_node_ratio": null,
    "topo_query_sent_ms": null,
    "topo_first_record_ms": null,
    "topo_transfer_ms": null,
    "topo_etl_ms": 1.2884148451877702,
    "feat_x_query_sent_ms": null,
    "feat_x_first_record_ms": null,
    "feat_x_transfer_ms": null,
    "feat_x_etl_ms": 6.349963911735259,
    "feat_x_etl_parse_ms": null,
    "feat_y_query_sent_ms": null,
    "feat_y_first_record_ms": null,
    "feat_y_transfer_ms": null,
    "feat_y_etl_ms": null,
    "network_baseline_ms": 7.40623957187048,
    "avg_feat_bytes": 21952813.87128713,
    "sampler_avg_db_exec_time_ms": 0,
    "sampler_avg_network_transfer_ms": 3.883663366336634,
    "sampler_avg_driver_overhead_ms": 7.40623957187048,
    "sampler_avg_result_consumed_after_ms": 3.883663366336634,
    "sampler_avg_result_available_after_ms": 0.44801980198019803,
    "sampler_avg_client_wall_time_ms": 7.40623957187048,
    "sampler_avg_query_startup_ms": 0.44801980198019803,
    "sampler_avg_exec_serialize_ms": 3.4356435643564356,
    "sampler_avg_client_recv_ms": 3.5225762055338463,
    "feat_x_avg_db_exec_time_ms": 0,
    "feat_x_avg_network_transfer_ms": 41.50247524752475,
    "feat_x_avg_driver_overhead_ms": 114.68236213826601,
    "feat_x_avg_result_consumed_after_ms": 41.50247524752475,
    "feat_x_avg_result_available_after_ms": 0.48514851485148514,
    "feat_x_avg_client_wall_time_ms": 114.68236213826601,
    "feat_x_avg_query_startup_ms": 0.48514851485148514,
    "feat_x_avg_exec_serialize_ms": 41.01732673267326,
    "feat_x_avg_client_recv_ms": 73.17988689074127,
    "topo_fetch_ms": 7.40623957187048
  },
  "notes": [
    "GPU/CPU utilization and explicit DB write/query timings are not in the Measurer CSV (unless you log them); this parser will report None for those.",
    "throughput_samples_per_s assumes nbr_training_datapoints is per-epoch; if it's total across training, remove the * epochs_completed multiplier.",
    "remote_feature_total_s is a proxy for time spent waiting on remote feature reads (DB reads)."
  ]
}