{
  "run": {
    "csv": "/home/victor.pekkari/thesis-folder/neo4j-mpgnn-thesis/experiment_results/results/run_24_2026-05-12/measurements.csv",
    "runtime_s": 6.01390136918053,
    "training_time_s": 5.628797929733992,
    "epochs_completed": 20,
    "batches_seen": 0,
    "nbr_training_datapoints": 120.0
  },
  "metrics": {
    "throughput_samples_per_s": 426.3787810399192,
    "epoch_time_s": {
      "count": 20,
      "total_s": 0.0044891065917909145,
      "mean_s": 0.00022445532958954574,
      "p50_s": 0.00012891157530248165,
      "p90_s": 0.0002864514011889708,
      "p99_s": 0.0010573643306270241,
      "min_s": 0.00011675991117954254,
      "max_s": 0.0010678470134735107
    },
    "sampling_phase_time_s": {
      "count": 0,
      "total_s": 0.0,
      "mean_s": null,
      "p50_s": null,
      "p90_s": null,
      "p99_s": null,
      "min_s": null,
      "max_s": null
    },
    "training_phase_time_s": {
      "count": 0,
      "total_s": 0.0,
      "mean_s": null,
      "p50_s": null,
      "p90_s": null,
      "p99_s": null,
      "min_s": null,
      "max_s": null
    },
    "convergence_time_s": null,
    "converged_epoch": null,
    "avg_cpu_utilization": null,
    "final_validation_accuracy": 0.1480000034035717,
    "best_validation_accuracy": 0.1480000034035717,
    "time_to_first_validation_accuracy_s": 0.4615726489573717,
    "time_to_best_accuracy_s": 0.4615726489573717,
    "final_validation_loss": 1.7989845275878906,
    "best_validation_loss": 1.7989845275878906,
    "time_to_best_loss_s": 0.4615820939652622,
    "final_test_accuracy": 0.1620000044148865,
    "best_test_accuracy": 0.1620000044148865,
    "time_to_best_test_accuracy_s": 6.419987960252911,
    "remote_feature_latency_s": {
      "count": 44,
      "total_s": 4.767850640229881,
      "mean_s": 0.10836024182340638,
      "p50_s": 0.10949688707478344,
      "p90_s": 0.11616197838447988,
      "p99_s": 0.14002362326718867,
      "min_s": 0.048537841998040676,
      "max_s": 0.15021050395444036
    },
    "remote_feature_total_s": 4.767850640229881,
    "cache_hits": 44,
    "cache_misses": 44,
    "cache_hit_rate": 0.5,
    "validation_time_s": {
      "count": 20,
      "total_s": 5.9126462414860725,
      "mean_s": 0.2956323120743036,
      "p50_s": 0.29261939134448767,
      "p90_s": 0.303029633499682,
      "p99_s": 0.3534640663629397,
      "min_s": 0.2770491000264883,
      "max_s": 0.364149350207299
    },
    "saving_weights_time_s": {
      "count": 1,
      "total_s": 7.3909759521484375e-06,
      "mean_s": 7.3909759521484375e-06,
      "p50_s": 7.3909759521484375e-06,
      "p90_s": 7.3909759521484375e-06,
      "p99_s": 7.3909759521484375e-06,
      "min_s": 7.3909759521484375e-06,
      "max_s": 7.3909759521484375e-06
    },
    "batch_train_loss_mean": null,
    "avg_batch_nodes": null,
    "avg_batch_edges": null,
    "avg_seed_node_ratio": null,
    "topo_query_sent_ms": null,
    "topo_first_record_ms": null,
    "topo_transfer_ms": null,
    "topo_etl_ms": 1.2169677171517501,
    "feat_x_query_sent_ms": null,
    "feat_x_first_record_ms": null,
    "feat_x_transfer_ms": null,
    "feat_x_etl_ms": 6.2330511335114185,
    "feat_x_etl_parse_ms": null,
    "feat_y_query_sent_ms": null,
    "feat_y_first_record_ms": null,
    "feat_y_transfer_ms": null,
    "feat_y_etl_ms": null,
    "network_baseline_ms": 6.385779653845185,
    "avg_feat_bytes": 21661540.09090909,
    "sampler_avg_db_exec_time_ms": 0,
    "sampler_avg_network_transfer_ms": 4.045454545454546,
    "sampler_avg_driver_overhead_ms": 6.385779653845185,
    "sampler_avg_result_consumed_after_ms": 4.045454545454546,
    "sampler_avg_result_available_after_ms": 0.5909090909090909,
    "sampler_avg_client_wall_time_ms": 6.385779653845185,
    "sampler_avg_query_startup_ms": 0.5909090909090909,
    "sampler_avg_exec_serialize_ms": 3.454545454545455,
    "sampler_avg_client_recv_ms": 2.3403251083906396,
    "feat_x_avg_db_exec_time_ms": 0,
    "feat_x_avg_network_transfer_ms": 47.02272727272727,
    "feat_x_avg_driver_overhead_ms": 108.2257438366386,
    "feat_x_avg_result_consumed_after_ms": 47.02272727272727,
    "feat_x_avg_result_available_after_ms": 0.4090909090909091,
    "feat_x_avg_client_wall_time_ms": 108.2257438366386,
    "feat_x_avg_query_startup_ms": 0.4090909090909091,
    "feat_x_avg_exec_serialize_ms": 46.61363636363637,
    "feat_x_avg_client_recv_ms": 61.203016563911326,
    "topo_fetch_ms": 6.385779653845185
  },
  "notes": [
    "GPU/CPU utilization and explicit DB write/query timings are not in the Measurer CSV (unless you log them); this parser will report None for those.",
    "throughput_samples_per_s assumes nbr_training_datapoints is per-epoch; if it's total across training, remove the * epochs_completed multiplier.",
    "remote_feature_total_s is a proxy for time spent waiting on remote feature reads (DB reads)."
  ]
}