{
  "run": {
    "csv": "/Users/victorpekkari/Desktop/neo4j-mpgnn-thesis/experiment_results/results/run_2_2026-03-25/measurements.csv",
    "runtime_s": 17.510836750036106,
    "training_time_s": 16.53344199998537,
    "epochs_completed": 90,
    "batches_seen": 360,
    "nbr_training_datapoints": 140.0
  },
  "metrics": {
    "throughput_samples_per_s": 762.0917652846364,
    "epoch_time_s": {
      "count": 90,
      "total_s": 13.98437358805677,
      "mean_s": 0.15538192875618634,
      "p50_s": 0.07521399998222478,
      "p90_s": 0.08934472120599823,
      "p99_s": 3.4819485423417063,
      "min_s": 0.06850920798024163,
      "max_s": 3.700917875044979
    },
    "sampling_phase_time_s": {
      "count": 360,
      "total_s": 12.392365183797665,
      "mean_s": 0.03442323662166018,
      "p50_s": 0.017137479007942602,
      "p90_s": 0.02087431311956607,
      "p99_s": 0.7809031735296597,
      "min_s": 0.012607791984919459,
      "max_s": 0.8251609579892829
    },
    "training_phase_time_s": {
      "count": 360,
      "total_s": 1.4346412591985427,
      "mean_s": 0.003985114608884841,
      "p50_s": 0.0014309789694380015,
      "p90_s": 0.0016878878115676344,
      "p99_s": 0.10796953102748377,
      "min_s": 0.0011319160112179816,
      "max_s": 0.15748629200970754
    },
    "convergence_time_s": null,
    "converged_epoch": null,
    "avg_cpu_utilization": null,
    "final_validation_accuracy": 0.81,
    "best_validation_accuracy": 0.86,
    "time_to_first_validation_accuracy_s": 3.852658000017982,
    "time_to_best_accuracy_s": 12.806824166036677,
    "final_validation_loss": 0.7165802717208862,
    "best_validation_loss": 0.6421089172363281,
    "time_to_best_loss_s": 17.386799000028986,
    "final_test_accuracy": 0.7540000223891874,
    "best_test_accuracy": 0.7540000223891874,
    "time_to_best_test_accuracy_s": 17.730733125004917,
    "remote_feature_latency_s": {
      "count": 454,
      "total_s": 10.724461793142837,
      "mean_s": 0.023622162539962195,
      "p50_s": 0.009364249999634922,
      "p90_s": 0.019153671409003436,
      "p99_s": 0.6993623594834933,
      "min_s": 0.006471249973401427,
      "max_s": 0.7488843339961022
    },
    "remote_feature_total_s": 10.724461793142837,
    "cache_hits": 454,
    "cache_misses": 454,
    "cache_hit_rate": 0.5,
    "validation_time_s": {
      "count": 90,
      "total_s": 3.4395041260286234,
      "mean_s": 0.03821671251142915,
      "p50_s": 0.037154416990233585,
      "p90_s": 0.04095880797249265,
      "p99_s": 0.059358370617846955,
      "min_s": 0.0348875000490807,
      "max_s": 0.06556945899501443
    },
    "saving_weights_time_s": {
      "count": 59,
      "total_s": 0.00012624583905562758,
      "mean_s": 2.139759983993688e-06,
      "p50_s": 2.1249870769679546e-06,
      "p90_s": 2.4332315661013134e-06,
      "p99_s": 4.562875255942348e-06,
      "min_s": 1.5420373529195786e-06,
      "max_s": 5.915993824601173e-06
    },
    "batch_train_loss_mean": 0.7038389432761404,
    "avg_batch_nodes": 357.56944444444446,
    "avg_batch_edges": 571.2694444444444,
    "avg_seed_node_ratio": 0.08465846625644925,
    "topo_query_sent_ms": null,
    "topo_first_record_ms": null,
    "topo_transfer_ms": null,
    "topo_etl_ms": 0.18167965709527192,
    "feat_x_query_sent_ms": null,
    "feat_x_first_record_ms": null,
    "feat_x_transfer_ms": null,
    "feat_x_etl_ms": 2.8550876655804593,
    "feat_x_etl_parse_ms": 2.337130521129743,
    "feat_y_query_sent_ms": null,
    "feat_y_first_record_ms": null,
    "feat_y_transfer_ms": null,
    "feat_y_etl_ms": null,
    "network_baseline_ms": 4.387205333386236,
    "sampler_avg_db_exec_time_ms": 2.2974523127753304,
    "sampler_avg_network_transfer_ms": 0.3126798458149782,
    "sampler_avg_driver_overhead_ms": 4.387205333386236,
    "sampler_avg_result_consumed_after_ms": 2.6101321585903086,
    "sampler_avg_result_available_after_ms": 0.34801762114537443,
    "sampler_avg_client_wall_time_ms": 6.684657646161566,
    "sampler_avg_query_startup_ms": 0.34801762114537443,
    "sampler_avg_exec_serialize_ms": 2.2621145374449343,
    "sampler_avg_client_recv_ms": 4.0745254875712575,
    "feat_x_avg_db_exec_time_ms": 1.4044941982378856,
    "feat_x_avg_network_transfer_ms": 0.2012326740088104,
    "feat_x_avg_driver_overhead_ms": 22.16895924718557,
    "feat_x_avg_result_consumed_after_ms": 1.605726872246696,
    "feat_x_avg_result_available_after_ms": 0.552863436123348,
    "feat_x_avg_client_wall_time_ms": 23.573453445423453,
    "feat_x_avg_query_startup_ms": 0.552863436123348,
    "feat_x_avg_exec_serialize_ms": 1.052863436123348,
    "feat_x_avg_client_recv_ms": 21.96772657317676,
    "topo_fetch_ms": 6.684657646161566
  },
  "notes": [
    "GPU/CPU utilization and explicit DB write/query timings are not in the Measurer CSV (unless you log them); this parser will report None for those.",
    "throughput_samples_per_s assumes nbr_training_datapoints is per-epoch; if it's total across training, remove the * epochs_completed multiplier.",
    "remote_feature_total_s is a proxy for time spent waiting on remote feature reads (DB reads)."
  ]
}