{
  "config": {
    "dataset_name": "cora",
    "training_dataset_config": "cora",
    "training_implementation_config": "baseline_neo4j",
    "node_label": "Paper",
    "edge_type": "CITES",
    "feature_property": "embedding_bytes",
    "feature_property_type": "byte[]",
    "target_property": "subject",
    "nodeid_property": "id",
    "split_property_name": "split",
    "split_property_type": "str",
    "feature_dim": 1433,
    "nbr_classes": 7,
    "node_counts": [
      1,
      2,
      4,
      8,
      16,
      32,
      64,
      128,
      256,
      512,
      1024,
      2048
    ],
    "nbr_runs": 5,
    "inference_batch_size": 256,
    "num_neighbors": 10,
    "num_hops": 2,
    "planetoid_root": "data/Planetoid",
    "planetoid_name": "Cora"
  },
  "model": {
    "model_class": "GCN",
    "hidden_dim1": 64,
    "hidden_dim2": 64,
    "checkpoint_path": null,
    "model_name": "experiment_gcn",
    "strategies": [
      "full_graph",
      "neighborhood_sampling",
      "in_db_java"
    ]
  },
  "results": {
    "1": {
      "full_graph": {
        "accuracy": {
          "mean": 0.6,
          "ci95": 0.480099989585503
        },
        "total_time_s": {
          "mean": 0.00929851713590324,
          "ci95": 0.00022528803793620924
        },
        "ms_per_node": {
          "mean": 9.29851713590324,
          "ci95": 0.22528803793620922
        },
        "throughput_nodes_per_s": {
          "mean": 107.60853411453158,
          "ci95": 2.5573443650765277
        },
        "peak_memory_mb": {
          "mean": 0.12494869232177734,
          "ci95": 0.12155345459746945
        },
        "p50_batch_ms": {
          "mean": 0.6656751735135913,
          "ci95": 0.06848143204533473
        },
        "p95_batch_ms": {
          "mean": 0.6656751735135913,
          "ci95": 0.06848143204533473
        },
        "n_batches": {
          "mean": 1.0,
          "ci95": 0.0
        }
      },
      "neighborhood_sampling": {
        "accuracy": {
          "mean": 0.6,
          "ci95": 0.480099989585503
        },
        "total_time_s": {
          "mean": 0.04049272499978542,
          "ci95": 0.06402964580001258
        },
        "ms_per_node": {
          "mean": 40.49272499978542,
          "ci95": 64.02964580001259
        },
        "throughput_nodes_per_s": {
          "mean": 127.91806121052268,
          "ci95": 77.57346391835868
        },
        "peak_memory_mb": {
          "mean": 0.2904928207397461,
          "ci95": 0.1465586599980965
        },
        "p50_batch_ms": {
          "mean": 0.6678999867290258,
          "ci95": 0.06073532750622187
        },
        "p95_batch_ms": {
          "mean": 0.6678999867290258,
          "ci95": 0.06073532750622187
        },
        "n_batches": {
          "mean": 1.0,
          "ci95": 0.0
        }
      }
    },
    "2": {
      "full_graph": {
        "accuracy": {
          "mean": 0.8,
          "ci95": 0.24004999479275144
        },
        "total_time_s": {
          "mean": 0.009386192006058992,
          "ci95": 0.0002056894516039851
        },
        "ms_per_node": {
          "mean": 4.6930960030294955,
          "ci95": 0.10284472580199255
        },
        "throughput_nodes_per_s": {
          "mean": 213.18298436395426,
          "ci95": 4.55960635776745
        },
        "peak_memory_mb": {
          "mean": 0.08138847351074219,
          "ci95": 0.0012174222483822678
        },
        "p50_batch_ms": {
          "mean": 0.7494751829653978,
          "ci95": 0.08943792642494028
        },
        "p95_batch_ms": {
          "mean": 0.7494751829653978,
          "ci95": 0.08943792642494028
        },
        "n_batches": {
          "mean": 1.0,
          "ci95": 0.0
        }
      },
      "neighborhood_sampling": {
        "accuracy": {
          "mean": 0.7,
          "ci95": 0.39199999999999996
        },
        "total_time_s": {
          "mean": 0.028289100201800466,
          "ci95": 0.044391282009969064
        },
        "ms_per_node": {
          "mean": 14.144550100900233,
          "ci95": 22.19564100498453
        },
        "throughput_nodes_per_s": {
          "mean": 299.33919314843376,
          "ci95": 151.74220869854557
        },
        "peak_memory_mb": {
          "mean": 0.40521812438964844,
          "ci95": 0.23197277020521304
        },
        "p50_batch_ms": {
          "mean": 0.6678996374830604,
          "ci95": 0.08585330390772522
        },
        "p95_batch_ms": {
          "mean": 0.6678996374830604,
          "ci95": 0.08585330390772522
        },
        "n_batches": {
          "mean": 1.0,
          "ci95": 0.0
        }
      }
    },
    "4": {
      "full_graph": {
        "accuracy": {
          "mean": 0.9,
          "ci95": 0.12002499739637572
        },
        "total_time_s": {
          "mean": 0.009229208575561643,
          "ci95": 8.438891050594388e-05
        },
        "ms_per_node": {
          "mean": 2.3073021438904107,
          "ci95": 0.021097227626485974
        },
        "throughput_nodes_per_s": {
          "mean": 433.4448518511407,
          "ci95": 4.016747749722714
        },
        "peak_memory_mb": {
          "mean": 0.08071784973144532,
          "ci95": 0.0009305550462246758
        },
        "p50_batch_ms": {
          "mean": 0.6777918199077249,
          "ci95": 0.05322798923789788
        },
        "p95_batch_ms": {
          "mean": 0.6777918199077249,
          "ci95": 0.05322798923789788
        },
        "n_batches": {
          "mean": 1.0,
          "ci95": 0.0
        }
      },
      "neighborhood_sampling": {
        "accuracy": {
          "mean": 0.9,
          "ci95": 0.12002499739637572
        },
        "total_time_s": {
          "mean": 0.007077325019054115,
          "ci95": 0.0010326389108218492
        },
        "ms_per_node": {
          "mean": 1.7693312547635287,
          "ci95": 0.25815972770546225
        },
        "throughput_nodes_per_s": {
          "mean": 579.2025185693044,
          "ci95": 93.06570270094903
        },
        "peak_memory_mb": {
          "mean": 0.8805080413818359,
          "ci95": 0.2261108829422857
        },
        "p50_batch_ms": {
          "mean": 0.6529081845656037,
          "ci95": 0.022837493082869174
        },
        "p95_batch_ms": {
          "mean": 0.6529081845656037,
          "ci95": 0.022837493082869174
        },
        "n_batches": {
          "mean": 1.0,
          "ci95": 0.0
        }
      }
    },
    "8": {
      "full_graph": {
        "accuracy": {
          "mean": 0.9,
          "ci95": 0.09167060597596156
        },
        "total_time_s": {
          "mean": 0.009261175175197423,
          "ci95": 5.650110176135692e-05
        },
        "ms_per_node": {
          "mean": 1.1576468968996778,
          "ci95": 0.007062637720169614
        },
        "throughput_nodes_per_s": {
          "mean": 863.8546299490442,
          "ci95": 5.253363440794191
        },
        "peak_memory_mb": {
          "mean": 0.08159713745117188,
          "ci95": 0.0007912444333080213
        },
        "p50_batch_ms": {
          "mean": 0.7011584471911192,
          "ci95": 0.043514092045924456
        },
        "p95_batch_ms": {
          "mean": 0.7011584471911192,
          "ci95": 0.043514092045924456
        },
        "n_batches": {
          "mean": 1.0,
          "ci95": 0.0
        }
      },
      "neighborhood_sampling": {
        "accuracy": {
          "mean": 0.9,
          "ci95": 0.09167060597596156
        },
        "total_time_s": {
          "mean": 0.015017158212140202,
          "ci95": 0.009983143862082947
        },
        "ms_per_node": {
          "mean": 1.8771447765175253,
          "ci95": 1.2478929827603684
        },
        "throughput_nodes_per_s": {
          "mean": 690.6008918746314,
          "ci95": 228.5852929415862
        },
        "peak_memory_mb": {
          "mean": 1.5190412521362304,
          "ci95": 0.12638940306112026
        },