{
  "run": {
    "csv": "/var/lib/neo4j/data/projects/neo4j-mpgnn-thesis/experiment_results/results/run_11_2026-05-13/baseline_pyg/run_9/measurements.csv",
    "runtime_s": 2.75882632099092,
    "training_time_s": 2.694045549724251,
    "epochs_completed": 90,
    "batches_seen": 360,
    "nbr_training_datapoints": 140.0
  },
  "metrics": {
    "throughput_samples_per_s": 4676.981055977199,
    "epoch_time_s": {
      "count": 90,
      "total_s": 1.8670664210803807,
      "mean_s": 0.020745182456448675,
      "p50_s": 0.02052214602008462,
      "p90_s": 0.021214567590504885,
      "p99_s": 0.024566402160562568,
      "min_s": 0.019508812110871077,
      "max_s": 0.03390667121857405
    },
    "sampling_phase_time_s": {
      "count": 360,
      "total_s": 0.3083399538882077,
      "mean_s": 0.000856499871911688,
      "p50_s": 0.0008390729781240225,
      "p90_s": 0.0009108206257224084,
      "p99_s": 0.0010833110939711334,
      "min_s": 0.000733179971575737,
      "max_s": 0.0026833051815629005
    },
    "training_phase_time_s": {
      "count": 360,
      "total_s": 1.319257696159184,
      "mean_s": 0.0036646047115532886,
      "p50_s": 0.0036354060284793377,
      "p90_s": 0.003818754805251956,
      "p99_s": 0.004183011744171384,
      "min_s": 0.0032637729309499264,
      "max_s": 0.007212288677692413
    },
    "convergence_time_s": null,
    "converged_epoch": null,
    "avg_cpu_utilization": null,
    "final_validation_accuracy": 0.7780000233190653,
    "best_validation_accuracy": 0.7920000236939455,
    "time_to_first_validation_accuracy_s": 0.09607019182294607,
    "time_to_best_accuracy_s": 2.5179703370667994,
    "final_validation_loss": 0.8554064035415649,
    "best_validation_loss": 0.8416632413864136,
    "time_to_best_loss_s": 2.668403472751379,
    "final_test_accuracy": 0.7890000235939655,
    "best_test_accuracy": 0.7890000235939655,
    "time_to_best_test_accuracy_s": 2.78902397910133,
    "remote_feature_latency_s": {
      "count": 0,
      "total_s": 0.0,
      "mean_s": null,
      "p50_s": null,
      "p90_s": null,
      "p99_s": null,
      "min_s": null,
      "max_s": null
    },
    "remote_feature_total_s": 0.0,
    "cache_hits": 0,
    "cache_misses": 0,
    "cache_hit_rate": null,
    "validation_time_s": {
      "count": 90,
      "total_s": 0.8378087533637881,
      "mean_s": 0.009308986148486536,
      "p50_s": 0.009300244739279151,
      "p90_s": 0.009588921023532749,
      "p99_s": 0.010162892257794737,
      "min_s": 0.008759991731494665,
      "max_s": 0.010714117903262377
    },
    "saving_weights_time_s": {
      "count": 68,
      "total_s": 0.0004858383908867836,
      "mean_s": 7.144682218923288e-06,
      "p50_s": 6.526010110974312e-06,
      "p90_s": 7.501430809497834e-06,
      "p99_s": 1.8846569582819937e-05,
      "min_s": 5.100388079881668e-06,
      "max_s": 1.8874648958444595e-05
    },
    "batch_train_loss_mean": 0.6317032513105207,
    "avg_batch_nodes": 357.34722222222223,
    "avg_batch_edges": 572.2694444444444,
    "avg_seed_node_ratio": 0.08470730768346843,
    "topo_query_sent_ms": null,
    "topo_first_record_ms": null,
    "topo_transfer_ms": null,
    "topo_etl_ms": null,
    "feat_x_query_sent_ms": null,
    "feat_x_first_record_ms": null,
    "feat_x_transfer_ms": null,
    "feat_x_etl_ms": null,
    "feat_x_etl_parse_ms": null,
    "feat_y_query_sent_ms": null,
    "feat_y_first_record_ms": null,
    "feat_y_transfer_ms": null,
    "feat_y_etl_ms": null,
    "network_baseline_ms": null,
    "avg_feat_bytes": null
  },
  "notes": [
    "GPU/CPU utilization and explicit DB write/query timings are not in the Measurer CSV (unless you log them); this parser will report None for those.",
    "throughput_samples_per_s assumes nbr_training_datapoints is per-epoch; if it's total across training, remove the * epochs_completed multiplier.",
    "remote_feature_total_s is a proxy for time spent waiting on remote feature reads (DB reads)."
  ]
}