{
  "n_runs": 3,
  "metrics": {
    "best_validation_accuracy": {
      "mean": 0.84,
      "std": 0.008164965809277268,
      "ci_95": 0.009239528607504231
    },
    "final_validation_accuracy": {
      "mean": 0.8333333333333334,
      "std": 0.004714045207910321,
      "ci_95": 0.005334444328727816
    },
    "throughput_samples_per_s": {
      "mean": 869.5565989897367,
      "std": 23.901519025620395,
      "ci_95": 27.04711494922648
    },
    "time_to_best_accuracy_s": {
      "mean": 13.993390291696414,
      "std": 1.4737651060672423,
      "ci_95": 1.6677222141919914
    },
    "training_time_s": {
      "mean": 14.501055388633782,
      "std": 0.39705091565089473,
      "ci_95": 0.44930540794474166
    },
    "avg_batch_nodes": {
      "mean": 354.3342592592592,
      "std": 0.45221410797465095,
      "ci_95": 0.511728436462202
    },
    "avg_batch_edges": {
      "mean": 569.2296296296296,
      "std": 1.2987357997839968,
      "ci_95": 1.469657908678529
    },
    "remote_feature_total_s": {
      "mean": 10.294410067338807,
      "std": 0.1257933800542872,
      "ci_95": 0.14234860999976662
    },
    "sampling_mean_s": {
      "mean": 0.02971500051833034,
      "std": 0.0005405595038152755,
      "ci_95": 0.0006117006630798894
    },
    "training_mean_s": {
      "mean": 0.003998997538130627,
      "std": 0.0002324299108713607,
      "ci_95": 0.00026301920435422963
    },
    "sampling_overhead_fraction": {
      "mean": 0.8814576755669865,
      "std": 0.0047829034305711445,
      "ci_95": 0.00541236474297054
    },
    "batch_nodes_cv": {
      "mean": 0.09382260560148505,
      "std": 0.00449442016784764,
      "ci_95": 0.005085915199765912
    },
    "epochs_to_best_accuracy": {
      "mean": 75.66666666666667,
      "std": 17.441967269268172,
      "ci_95": 19.737444016292898
    },
    "feature_fetch_overhead_fraction": {
      "mean": 0.7102100013179639,
      "std": 0.011228874903672288,
      "ci_95": 0.012706668138730386
    },
    "topo_fetch_ms": {
      "mean": 2.788773154232668,
      "std": 0.19199091307460778,
      "ci_95": 0.21725817047735022
    },
    "topo_etl_ms": {
      "mean": 0.16988453673398488,
      "std": 0.0015055251865059094,
      "ci_95": 0.0017036621285338588
    },
    "feat_x_etl_ms": {
      "mean": 0.435170475304641,
      "std": 0.010527524583349422,
      "ci_95": 0.011913015538110496
    },
    "network_baseline_ms": {
      "mean": 2.788773154232668,
      "std": 0.19199091307460778,
      "ci_95": 0.21725817047735022
    }
  }
}