{
  "n_runs": 3,
  "run": {
    "runtime_s": {
      "mean": 15.365444611020697,
      "std": 0.32196509484915475,
      "ci_95": 0.3643378029944129
    },
    "training_time_s": {
      "mean": 14.501055388633782,
      "std": 0.4862860726247677,
      "ci_95": 0.5502844940688281
    },
    "epochs_completed": {
      "mean": 90.0,
      "std": 0.0,
      "ci_95": 0.0
    },
    "batches_seen": {
      "mean": 360.0,
      "std": 0.0,
      "ci_95": 0.0
    },
    "nbr_training_datapoints": {
      "mean": 140.0,
      "std": 0.0,
      "ci_95": 0.0
    }
  },
  "metrics": {
    "throughput_samples_per_s": {
      "mean": 869.5565989897367,
      "std": 29.273262845097072,
      "ci_95": 33.125815320003916
    },
    "epoch_time_s": {
      "count": {
        "mean": 90.0,
        "std": 0.0,
        "ci_95": 0.0
      },
      "total_s": {
        "mean": 12.308493903760487,
        "std": 0.3336599504897628,
        "ci_95": 0.37757177797680114
      },
      "mean_s": {
        "mean": 0.13676104337511652,
        "std": 0.0037073327832195793,
        "ci_95": 0.004195241977520004
      },
      "p50_s": {
        "mean": 0.06253668764838949,
        "std": 0.0019654573820958644,
        "ci_95": 0.0022241244033222177
      },
      "p90_s": {
        "mean": 0.06801639988164727,
        "std": 0.003603819855622846,
        "ci_95": 0.004078106072959346
      },
      "p99_s": {
        "mean": 3.330358841473935,
        "std": 0.10421343444471304,
        "ci_95": 0.11792860268246777
      },
      "min_s": {
        "mean": 0.0548602919637536,
        "std": 0.0022579802196335446,
        "ci_95": 0.0025551451557553435
      },
      "max_s": {
        "mean": 3.399906903000859,
        "std": 0.1198114542954231,
        "ci_95": 0.13557942376334764
      }
    },
    "sampling_phase_time_s": {
      "count": {
        "mean": 360.0,
        "std": 0.0,
        "ci_95": 0.0
      },
      "total_s": {
        "mean": 10.697400186598921,
        "std": 0.23833709279270704,
        "ci_95": 0.26970380997621474
      },
      "mean_s": {
        "mean": 0.02971500051833034,
        "std": 0.0006620474799797408,
        "ci_95": 0.0007491772499339289
      },
      "p50_s": {
        "mean": 0.014001833488388607,
        "std": 0.0004613112805075108,
        "ci_95": 0.0005220228562831957
      },
      "p90_s": {
        "mean": 0.015955662459600718,
        "std": 0.0004943707986324029,
        "ci_95": 0.0005594332227930198
      },
      "p99_s": {
        "mean": 0.7156496738401871,
        "std": 0.039899537375507256,
        "ci_95": 0.045150576942809675
      },
      "min_s": {
        "mean": 0.009969944677626094,
        "std": 0.0006289584685935011,
        "ci_95": 0.0007117335086570432
      },
      "max_s": {
        "mean": 0.8224959309445694,
        "std": 0.07742719199872526,
        "ci_95": 0.0876171158803993
      }
    },
    "training_phase_time_s": {
      "count": {
        "mean": 360.0,
        "std": 0.0,
        "ci_95": 0.0
      },
      "total_s": {
        "mean": 1.4396391137270257,
        "std": 0.10248024286717311,
        "ci_95": 0.11596731177972201
      },
      "mean_s": {
        "mean": 0.003998997538130627,
        "std": 0.0002846673412977032,
        "ci_95": 0.0003221314216103391
      },
      "p50_s": {
        "mean": 0.0013487636654948194,
        "std": 3.144824633099534e-05,
        "ci_95": 3.558704083009397e-05
      },
      "p90_s": {
        "mean": 0.0015649763789648812,
        "std": 5.553658486429414e-05,
        "ci_95": 6.284556195369453e-05
      },
      "p99_s": {
        "mean": 0.11985307053235987,
        "std": 0.008697651716463344,
        "ci_95": 0.009842319457242735
      },
      "min_s": {
        "mean": 0.0010334586647028725,
        "std": 1.1087835856026628e-05,
        "ci_95": 1.2547067431766422e-05
      },
      "max_s": {
        "mean": 0.14095605568339428,
        "std": 0.024703810236368893,
        "ci_95": 0.027954992920354946
      }
    },
    "final_validation_accuracy": {
      "mean": 0.8333333333333334,
      "std": 0.005773502691896263,
      "ci_95": 0.00653333333333334
    },
    "best_validation_accuracy": {
      "mean": 0.84,
      "std": 0.010000000000000009,
      "ci_95": 0.011316065276116675
    },
    "time_to_first_validation_accuracy_s": {
      "mean": 3.497963096985283,
      "std": 0.11593333117893988,
      "ci_95": 0.13119091432985353
    },
    "time_to_best_accuracy_s": {
      "mean": 13.993390291696414,
      "std": 1.8049862552917364,
      "ci_95": 2.042534228737467
    },
    "final_validation_loss": {
      "mean": 0.6538530190785726,
      "std": 0.012662781345677094,
      "ci_95": 0.014329286028487442
    },
    "best_validation_loss": {
      "mean": 0.6536616086959839,
      "std": 0.012392243609199402,
      "ci_95": 0.014023143759924
    },
    "time_to_best_loss_s": {
      "mean": 15.301871958033493,
      "std": 0.23839794524474653,
      "ci_95": 0.2697726710081638
    },
    "final_test_accuracy": {
      "mean": 0.7873333571278008,
      "std": 0.0015275252875615677,
      "ci_95": 0.001728557586496558
    },
    "best_test_accuracy": {
      "mean": 0.7873333571278008,
      "std": 0.0015275252875615677,
      "ci_95": 0.001728557586496558
    },
    "time_to_best_test_accuracy_s": {
      "mean": 15.495466264042383,
      "std": 0.3392690783650369,
      "ci_95": 0.3839191036946698
    },
    "remote_feature_latency_s": {
      "count": {
        "mean": 454.0,
        "std": 0.0,
        "ci_95": 0.0
      },
      "total_s": {
        "mean": 10.294410067338807,
        "std": 0.15406479707650128,
        "ci_95": 0.17434073004693565
      },
      "mean_s": {
        "mean": 0.02267491204259649,
        "std": 0.00033934977329625875,
        "ci_95": 0.0003840104186055856
      },
      "p50_s": {
        "mean": 0.009442798676900566,
        "std": 0.00011827011279464604,
        "ci_95": 0.00013383523165978953
      },
      "p90_s": {
        "mean": 0.01865941663272679,
        "std": 0.00010916490048729026,
        "ci_95": 0.00012353171397749566
      },
      "p99_s": {
        "mean": 0.6455212022523235,
        "std": 0.04577039416452074,
        "ci_95": 0.051794076807930606
      },
      "min_s": {
        "mean": 0.0065090416464954615,
        "std": 0.00015746115214526943,
        "ci_95": 0.00017818406761284066
      },
      "max_s": {
        "mean": 0.7714450139707575,
        "std": 0.08500063989131167,
        "ci_95": 0.0961872789521769
      }
    },
    "remote_feature_total_s": {
      "mean": 10.294410067338807,
      "std": 0.15406479707650128,
      "ci_95": 0.17434073004693565
    },
    "cache_hits": {
      "mean": 454.0,
      "std": 0.0,
      "ci_95": 0.0
    },
    "cache_misses": {
      "mean": 454.0,
      "std": 0.0,
      "ci_95": 0.0
    },
    "cache_hit_rate": {
      "mean": 0.5,
      "std": 0.0,
      "ci_95": 0.0
    },
    "validation_time_s": {
      "count": {
        "mean": 90.0,
        "std": 0.0,
        "ci_95": 0.0
      },
      "total_s": {
        "mean": 2.993826891256807,
        "std": 0.01461653408193513,
        "ci_95": 0.01654016537817619
      },
      "mean_s": {
        "mean": 0.03326474323618674,
        "std": 0.00016240593424372629,
        "ci_95": 0.00018377961531307175
      },
      "p50_s": {
        "mean": 0.03245509732126569,
        "std": 0.0006268617332958084,
        "ci_95": 0.0007093608293075004
      },
      "p90_s": {
        "mean": 0.03470135809232792,
        "std": 0.00036629408390261665,
        "ci_95": 0.0004145007763697365
      },
      "p99_s": {
        "mean": 0.05627824253208624,
        "std": 0.022938595040207933,
        "ci_95": 0.025957463881739893
      },
      "min_s": {
        "mean": 0.028700694635820884,
        "std": 0.0002411979774798482,
        "ci_95": 0.000272941205762928
      },
      "max_s": {
        "mean": 0.07215220865327865,
        "std": 0.022179401614928942,