{
  "run": {
    "csv": "/var/lib/neo4j/data/projects/neo4j-mpgnn-thesis/experiment_results/results/run_11_2026-05-13/baseline_pyg/run_1/measurements.csv",
    "runtime_s": 3.0633219270966947,
    "training_time_s": 2.991316137369722,
    "epochs_completed": 90,
    "batches_seen": 360,
    "nbr_training_datapoints": 140.0
  },
  "metrics": {
    "throughput_samples_per_s": 4212.192700929042,
    "epoch_time_s": {
      "count": 90,
      "total_s": 2.0735932462848723,
      "mean_s": 0.023039924958720804,
      "p50_s": 0.02242920850403607,
      "p90_s": 0.0237306586932391,
      "p99_s": 0.03338029996491968,
      "min_s": 0.02104173321276903,
      "max_s": 0.04388693626970053
    },
    "sampling_phase_time_s": {
      "count": 360,
      "total_s": 0.34355068067088723,
      "mean_s": 0.0009543074463080201,
      "p50_s": 0.0009261060040444136,
      "p90_s": 0.0010229449719190598,
      "p99_s": 0.0014711828855797737,
      "min_s": 0.0008350699208676815,
      "max_s": 0.002656435128301382
    },
    "training_phase_time_s": {
      "count": 360,
      "total_s": 1.4788467730395496,
      "mean_s": 0.004107907702887638,
      "p50_s": 0.003980334149673581,
      "p90_s": 0.004319115495309234,
      "p99_s": 0.006218056376092145,
      "min_s": 0.0036006742157042027,
      "max_s": 0.009331860113888979
    },
    "convergence_time_s": null,
    "converged_epoch": null,
    "avg_cpu_utilization": null,
    "final_validation_accuracy": 0.7660000232567431,
    "best_validation_accuracy": 0.7780000235366283,
    "time_to_first_validation_accuracy_s": 0.1147729498334229,
    "time_to_best_accuracy_s": 2.672359715215862,
    "final_validation_loss": 0.8669474124908447,
    "best_validation_loss": 0.8574725389480591,
    "time_to_best_loss_s": 2.9990188512019813,
    "final_test_accuracy": 0.7700000231491466,
    "best_test_accuracy": 0.7700000231491466,
    "time_to_best_test_accuracy_s": 3.0965295848436654,
    "remote_feature_latency_s": {
      "count": 0,
      "total_s": 0.0,
      "mean_s": null,
      "p50_s": null,
      "p90_s": null,
      "p99_s": null,
      "min_s": null,
      "max_s": null
    },
    "remote_feature_total_s": 0.0,
    "cache_hits": 0,
    "cache_misses": 0,
    "cache_hit_rate": null,
    "validation_time_s": {
      "count": 90,
      "total_s": 0.9295646362006664,
      "mean_s": 0.010328495957785183,
      "p50_s": 0.010109135415405035,
      "p90_s": 0.010989950597286226,
      "p99_s": 0.013219315726310014,
      "min_s": 0.009532083291560411,
      "max_s": 0.01418842887505889
    },
    "saving_weights_time_s": {
      "count": 66,
      "total_s": 0.0005229748785495758,
      "mean_s": 7.923861796205694e-06,
      "p50_s": 5.899462848901749e-06,
      "p90_s": 7.153954356908798e-06,
      "p99_s": 4.434993024915424e-05,
      "min_s": 4.961155354976654e-06,
      "max_s": 8.201086893677711e-05
    },
    "batch_train_loss_mean": 0.6677557357793881,
    "avg_batch_nodes": 354.8388888888889,
    "avg_batch_edges": 569.3805555555556,
    "avg_seed_node_ratio": 0.08534693696670666,
    "topo_query_sent_ms": null,
    "topo_first_record_ms": null,
    "topo_transfer_ms": null,
    "topo_etl_ms": null,
    "feat_x_query_sent_ms": null,
    "feat_x_first_record_ms": null,
    "feat_x_transfer_ms": null,
    "feat_x_etl_ms": null,
    "feat_x_etl_parse_ms": null,
    "feat_y_query_sent_ms": null,
    "feat_y_first_record_ms": null,
    "feat_y_transfer_ms": null,
    "feat_y_etl_ms": null,
    "network_baseline_ms": null,
    "avg_feat_bytes": null
  },
  "notes": [
    "GPU/CPU utilization and explicit DB write/query timings are not in the Measurer CSV (unless you log them); this parser will report None for those.",
    "throughput_samples_per_s assumes nbr_training_datapoints is per-epoch; if it's total across training, remove the * epochs_completed multiplier.",
    "remote_feature_total_s is a proxy for time spent waiting on remote feature reads (DB reads)."
  ]
}