{
  "run": {
    "csv": "/home/victor.pekkari/thesis-folder/neo4j-mpgnn-thesis/experiment_results/results/run_6_2026-05-11/measurements.csv",
    "runtime_s": 795.5652094110847,
    "training_time_s": 790.8538138037547,
    "epochs_completed": 1,
    "batches_seen": 1536,
    "nbr_training_datapoints": 196615.0
  },
  "metrics": {
    "throughput_samples_per_s": 248.61105373487993,
    "epoch_time_s": {
      "count": 1,
      "total_s": 791.3481628447771,
      "mean_s": 791.3481628447771,
      "p50_s": 791.3481628447771,
      "p90_s": 791.3481628447771,
      "p99_s": 791.3481628447771,
      "min_s": 791.3481628447771,
      "max_s": 791.3481628447771
    },
    "sampling_phase_time_s": {
      "count": 1536,
      "total_s": 698.9195274673402,
      "mean_s": 0.4550257340282163,
      "p50_s": 0.4483673295471817,
      "p90_s": 0.494928908534348,
      "p99_s": 0.5281185525236652,
      "min_s": 0.39530126471072435,
      "max_s": 0.9298922521993518
    },
    "training_phase_time_s": {
      "count": 1536,
      "total_s": 23.31499918177724,
      "mean_s": 0.015179035925636223,
      "p50_s": 0.014859568560495973,
      "p90_s": 0.016431978438049555,
      "p99_s": 0.020599922561086722,
      "min_s": 0.013571179006248713,
      "max_s": 0.028453463222831488
    },
    "convergence_time_s": null,
    "converged_epoch": null,
    "avg_cpu_utilization": null,
    "final_validation_accuracy": 0.0,
    "best_validation_accuracy": 0.0,
    "time_to_first_validation_accuracy_s": 795.5651651429944,
    "time_to_best_accuracy_s": 795.5651651429944,
    "final_validation_loss": 1.8172612190246584,
    "best_validation_loss": 1.8172612190246584,
    "time_to_best_loss_s": 795.5651720077731,
    "final_test_accuracy": 0.65,
    "best_test_accuracy": 0.65,
    "time_to_best_test_accuracy_s": 796.6910895737819,
    "remote_feature_latency_s": {
      "count": 1538,
      "total_s": 343.6815295792185,
      "mean_s": 0.22346003223616287,
      "p50_s": 0.21932538505643606,
      "p90_s": 0.2489933578763157,
      "p99_s": 0.26273271908052265,
      "min_s": 0.003626447170972824,
      "max_s": 0.34400318237021565
    },
    "remote_feature_total_s": 343.6815295792185,
    "cache_hits": 1538,
    "cache_misses": 1538,
    "cache_hit_rate": 0.5,
    "validation_time_s": {
      "count": 1,
      "total_s": 0.5880055967718363,
      "mean_s": 0.5880055967718363,
      "p50_s": 0.5880055967718363,
      "p90_s": 0.5880055967718363,
      "p99_s": 0.5880055967718363,
      "min_s": 0.5880055967718363,
      "max_s": 0.5880055967718363
    },
    "saving_weights_time_s": {
      "count": 1,
      "total_s": 1.1045951396226883e-05,
      "mean_s": 1.1045951396226883e-05,
      "p50_s": 1.1045951396226883e-05,
      "p90_s": 1.1045951396226883e-05,
      "p99_s": 1.1045951396226883e-05,
      "min_s": 1.1045951396226883e-05,
      "max_s": 1.1045951396226883e-05
    },
    "batch_train_loss_mean": 0.713763678863567,
    "avg_batch_nodes": 22812.197916666668,
    "avg_batch_edges": 27195.5625,
    "avg_seed_node_ratio": 0.005612222599800116,
    "topo_query_sent_ms": null,
    "topo_first_record_ms": null,
    "topo_transfer_ms": null,
    "topo_etl_ms": 17.5397583202947,
    "feat_x_query_sent_ms": null,
    "feat_x_first_record_ms": null,
    "feat_x_transfer_ms": null,
    "feat_x_etl_ms": 30.58239898489369,
    "feat_x_etl_parse_ms": null,
    "feat_y_query_sent_ms": null,
    "feat_y_first_record_ms": null,
    "feat_y_transfer_ms": null,
    "feat_y_etl_ms": null,
    "network_baseline_ms": 149.05827842145354,
    "avg_feat_bytes": 9116013.263979195,
    "sampler_avg_db_exec_time_ms": 0,
    "sampler_avg_network_transfer_ms": 130.5702210663199,
    "sampler_avg_driver_overhead_ms": 149.05827842145354,
    "sampler_avg_result_consumed_after_ms": 130.5702210663199,
    "sampler_avg_result_available_after_ms": 0.5962288686605982,
    "sampler_avg_client_wall_time_ms": 149.05827842145354,
    "sampler_avg_query_startup_ms": 0.5962288686605982,
    "sampler_avg_exec_serialize_ms": 129.9739921976593,
    "sampler_avg_client_recv_ms": 18.488057355133634,
    "feat_x_avg_db_exec_time_ms": 0,
    "feat_x_avg_network_transfer_ms": 200.77893368010402,
    "feat_x_avg_driver_overhead_ms": 223.27004335257521,
    "feat_x_avg_result_consumed_after_ms": 200.77893368010402,
    "feat_x_avg_result_available_after_ms": 4.725617685305592,
    "feat_x_avg_client_wall_time_ms": 223.27004335257521,
    "feat_x_avg_query_startup_ms": 4.725617685305592,
    "feat_x_avg_exec_serialize_ms": 196.05331599479842,
    "feat_x_avg_client_recv_ms": 22.491109672471197,
    "topo_fetch_ms": 149.05827842145354
  },
  "notes": [
    "GPU/CPU utilization and explicit DB write/query timings are not in the Measurer CSV (unless you log them); this parser will report None for those.",
    "throughput_samples_per_s assumes nbr_training_datapoints is per-epoch; if it's total across training, remove the * epochs_completed multiplier.",
    "remote_feature_total_s is a proxy for time spent waiting on remote feature reads (DB reads)."
  ]
}