{
  "run": {
    "csv": "/home/victor.pekkari/thesis-folder/neo4j-mpgnn-thesis/experiment_results/results/run_7_2026-05-11/measurements.csv",
    "runtime_s": 328.42128218058497,
    "training_time_s": 323.8439159402624,
    "epochs_completed": 1,
    "batches_seen": 6144,
    "nbr_training_datapoints": 196615.0
  },
  "metrics": {
    "throughput_samples_per_s": 607.1288985903581,
    "epoch_time_s": {
      "count": 1,
      "total_s": 323.91605962021276,
      "mean_s": 323.91605962021276,
      "p50_s": 323.91605962021276,
      "p90_s": 323.91605962021276,
      "p99_s": 323.91605962021276,
      "min_s": 323.91605962021276,
      "max_s": 323.91605962021276
    },
    "sampling_phase_time_s": {
      "count": 6144,
      "total_s": 270.8568145474419,
      "mean_s": 0.04408476799274771,
      "p50_s": 0.04275241866707802,
      "p90_s": 0.048373346449807286,
      "p99_s": 0.05430647181347011,
      "min_s": 0.03463198896497488,
      "max_s": 0.3986879140138626
    },
    "training_phase_time_s": {
      "count": 6144,
      "total_s": 31.83863274892792,
      "mean_s": 0.0051820691323124874,
      "p50_s": 0.0051992039661854506,
      "p90_s": 0.005589414760470391,
      "p99_s": 0.0063419862557202574,
      "min_s": 0.00449889712035656,
      "max_s": 0.015582723077386618
    },
    "convergence_time_s": null,
    "converged_epoch": null,
    "avg_cpu_utilization": null,
    "final_validation_accuracy": 1.0,
    "best_validation_accuracy": 1.0,
    "time_to_first_validation_accuracy_s": 328.42124032462016,
    "time_to_best_accuracy_s": 328.42124032462016,
    "final_validation_loss": 0.2440724521875381,
    "best_validation_loss": 0.2440724521875381,
    "time_to_best_loss_s": 328.42124841874465,
    "final_test_accuracy": 0.7,
    "best_test_accuracy": 0.7,
    "time_to_best_test_accuracy_s": 329.4127059276216,
    "remote_feature_latency_s": {
      "count": 6146,
      "total_s": 112.20060476660728,
      "mean_s": 0.018255874514579773,
      "p50_s": 0.017442991258576512,
      "p90_s": 0.020429158117622137,
      "p99_s": 0.0236304420279339,
      "min_s": 0.014900994021445513,
      "max_s": 0.04576656874269247
    },
    "remote_feature_total_s": 112.20060476660728,
    "cache_hits": 6146,
    "cache_misses": 6146,
    "cache_hit_rate": 0.5,
    "validation_time_s": {
      "count": 1,
      "total_s": 0.8025402380153537,
      "mean_s": 0.8025402380153537,
      "p50_s": 0.8025402380153537,
      "p90_s": 0.8025402380153537,
      "p99_s": 0.8025402380153537,
      "min_s": 0.8025402380153537,
      "max_s": 0.8025402380153537
    },
    "saving_weights_time_s": {
      "count": 1,
      "total_s": 1.1621043086051941e-05,
      "mean_s": 1.1621043086051941e-05,
      "p50_s": 1.1621043086051941e-05,
      "p90_s": 1.1621043086051941e-05,
      "p99_s": 1.1621043086051941e-05,
      "min_s": 1.1621043086051941e-05,
      "max_s": 1.1621043086051941e-05
    },
    "batch_train_loss_mean": 0.6223444384049799,
    "avg_batch_nodes": 1809.45556640625,
    "avg_batch_edges": 1898.8548177083333,
    "avg_seed_node_ratio": 0.017689831808722346,
    "topo_query_sent_ms": null,
    "topo_first_record_ms": null,
    "topo_transfer_ms": null,
    "topo_etl_ms": 1.2068333246845484,
    "feat_x_query_sent_ms": null,
    "feat_x_first_record_ms": null,
    "feat_x_transfer_ms": null,
    "feat_x_etl_ms": 2.2998714933654956,
    "feat_x_etl_parse_ms": null,
    "feat_y_query_sent_ms": null,
    "feat_y_first_record_ms": null,
    "feat_y_transfer_ms": null,
    "feat_y_etl_ms": null,
    "network_baseline_ms": 19.013480975599023,
    "avg_feat_bytes": 723829.2222583795,
    "sampler_avg_db_exec_time_ms": 0,
    "sampler_avg_network_transfer_ms": 16.109502115196875,
    "sampler_avg_driver_overhead_ms": 19.013480975599023,
    "sampler_avg_result_consumed_after_ms": 16.109502115196875,
    "sampler_avg_result_available_after_ms": 0.31874389847054996,
    "sampler_avg_client_wall_time_ms": 19.013480975599023,
    "sampler_avg_query_startup_ms": 0.31874389847054996,
    "sampler_avg_exec_serialize_ms": 15.790758216726324,
    "sampler_avg_client_recv_ms": 2.903978860402148,
    "feat_x_avg_db_exec_time_ms": 0,
    "feat_x_avg_network_transfer_ms": 15.950536934591604,
    "feat_x_avg_driver_overhead_ms": 18.138393640167845,
    "feat_x_avg_result_consumed_after_ms": 15.950536934591604,
    "feat_x_avg_result_available_after_ms": 0.5958346892287667,
    "feat_x_avg_client_wall_time_ms": 18.138393640167845,
    "feat_x_avg_query_startup_ms": 0.5958346892287667,
    "feat_x_avg_exec_serialize_ms": 15.354702245362837,
    "feat_x_avg_client_recv_ms": 2.187856705576241,
    "topo_fetch_ms": 19.013480975599023
  },
  "notes": [
    "GPU/CPU utilization and explicit DB write/query timings are not in the Measurer CSV (unless you log them); this parser will report None for those.",
    "throughput_samples_per_s assumes nbr_training_datapoints is per-epoch; if it's total across training, remove the * epochs_completed multiplier.",
    "remote_feature_total_s is a proxy for time spent waiting on remote feature reads (DB reads)."
  ]
}