{
  "run": {
    "csv": "/var/lib/neo4j/data/projects/neo4j-mpgnn-thesis/experiment_results/results/run_36_2026-05-12/measurements.csv",
    "runtime_s": 1586.2590020480566,
    "training_time_s": 1412.8723271251656,
    "epochs_completed": 2,
    "batches_seen": 80,
    "nbr_training_datapoints": 20695.0
  },
  "metrics": {
    "throughput_samples_per_s": 29.294932886270114,
    "epoch_time_s": {
      "count": 2,
      "total_s": 1271.7399068628438,
      "mean_s": 635.8699534314219,
      "p50_s": 635.8699534314219,
      "p90_s": 636.5053457238246,
      "p99_s": 636.6483089896152,
      "min_s": 635.0757130659185,
      "max_s": 636.6641937969252
    },
    "sampling_phase_time_s": {
      "count": 80,
      "total_s": 1238.2782002091408,
      "mean_s": 15.47847750261426,
      "p50_s": 15.507459256798029,
      "p90_s": 16.130760396271945,
      "p99_s": 16.952056707968005,
      "min_s": 14.241783381905407,
      "max_s": 16.95836401777342
    },
    "training_phase_time_s": {
      "count": 80,
      "total_s": 30.673812187742442,
      "mean_s": 0.3834226523467805,
      "p50_s": 0.3742085206322372,
      "p90_s": 0.40936774751171473,
      "p99_s": 0.5463724141893908,
      "min_s": 0.3557751849293709,
      "max_s": 0.5581825310364366
    },
    "convergence_time_s": null,
    "converged_epoch": null,
    "avg_cpu_utilization": null,
    "final_validation_accuracy": 0.9514351915212133,
    "best_validation_accuracy": 0.9514351915212133,
    "time_to_first_validation_accuracy_s": 794.1713056629524,
    "time_to_best_accuracy_s": 1586.258953363169,
    "final_validation_loss": 0.1878668963909149,
    "best_validation_loss": 0.1878668963909149,
    "time_to_best_loss_s": 1586.2589670633897,
    "final_test_accuracy": 0.9415941608184184,
    "best_test_accuracy": 0.9415941608184184,
    "time_to_best_test_accuracy_s": 1744.5407217061147,
    "remote_feature_latency_s": {
      "count": 161,
      "total_s": 1604.5240396386944,
      "mean_s": 9.965987823842822,
      "p50_s": 6.027081551030278,
      "p90_s": 15.137127264868468,
      "p99_s": 15.875365238543601,
      "min_s": 4.222991149872541,
      "max_s": 16.091818807646632
    },
    "remote_feature_total_s": 1604.5240396386944,
    "cache_hits": 161,
    "cache_misses": 161,
    "cache_hit_rate": 0.5,
    "validation_time_s": {
      "count": 2,
      "total_s": 314.0895198970102,
      "mean_s": 157.0447599485051,
      "p50_s": 157.0447599485051,
      "p90_s": 157.07106707445345,
      "p99_s": 157.07698617779184,
      "min_s": 157.01187604106963,
      "max_s": 157.07764385594055
    },
    "saving_weights_time_s": {
      "count": 2,
      "total_s": 2.040015533566475e-05,
      "mean_s": 1.0200077667832375e-05,
      "p50_s": 1.0200077667832375e-05,
      "p90_s": 1.2269662693142892e-05,
      "p99_s": 1.2735319323837757e-05,
      "min_s": 7.613096386194229e-06,
      "max_s": 1.278705894947052e-05
    },
    "batch_train_loss_mean": 0.5288858886808157,
    "avg_batch_nodes": 18664.4625,
    "avg_batch_edges": 50354.5625,
    "avg_seed_node_ratio": 0.02743500112074066,
    "topo_query_sent_ms": null,
    "topo_first_record_ms": null,
    "topo_transfer_ms": null,
    "topo_etl_ms": 14.26397289166817,
    "feat_x_query_sent_ms": null,
    "feat_x_first_record_ms": null,
    "feat_x_transfer_ms": null,
    "feat_x_etl_ms": 260.6962291113107,
    "feat_x_etl_parse_ms": null,
    "feat_y_query_sent_ms": null,
    "feat_y_first_record_ms": null,
    "feat_y_transfer_ms": null,
    "feat_y_etl_ms": null,
    "network_baseline_ms": 66.16025960639767,
    "avg_feat_bytes": 263680314.0372671,
    "sampler_avg_db_exec_time_ms": 0,
    "sampler_avg_network_transfer_ms": 51.391304347826086,
    "sampler_avg_driver_overhead_ms": 66.16025960639767,
    "sampler_avg_result_consumed_after_ms": 51.391304347826086,
    "sampler_avg_result_available_after_ms": 1.515527950310559,
    "sampler_avg_client_wall_time_ms": 66.16025960639767,
    "sampler_avg_query_startup_ms": 1.515527950310559,
    "sampler_avg_exec_serialize_ms": 49.87577639751553,
    "sampler_avg_client_recv_ms": 14.768955258571587,
    "feat_x_avg_db_exec_time_ms": 0,
    "feat_x_avg_network_transfer_ms": 2708.7080745341614,
    "feat_x_avg_driver_overhead_ms": 9962.037033308876,
    "feat_x_avg_result_consumed_after_ms": 2708.7080745341614,
    "feat_x_avg_result_available_after_ms": 26.267080745341616,
    "feat_x_avg_client_wall_time_ms": 9962.037033308876,
    "feat_x_avg_query_startup_ms": 26.267080745341616,
    "feat_x_avg_exec_serialize_ms": 2682.44099378882,
    "feat_x_avg_client_recv_ms": 7253.328958774715,
    "topo_fetch_ms": 66.16025960639767
  },
  "notes": [
    "GPU/CPU utilization and explicit DB write/query timings are not in the Measurer CSV (unless you log them); this parser will report None for those.",
    "throughput_samples_per_s assumes nbr_training_datapoints is per-epoch; if it's total across training, remove the * epochs_completed multiplier.",
    "remote_feature_total_s is a proxy for time spent waiting on remote feature reads (DB reads)."
  ]
}