{
  "sampler": {
    "plan_meta": {},
    "global": {
      "sample_count": 454,
      "avg_client_wall_time_ms": 2.523424599262258,
      "avg_result_available_after_ms": 0.3568281938325991,
      "avg_result_consumed_after_ms": 1.050660792951542,
      "avg_profile_total_time_ms": 0.0,
      "avg_global_memory_bytes": 0.0,
      "avg_root_rows": 0.0,
      "avg_root_db_hits": 0.0,
      "avg_page_cache_hits": 0.0,
      "avg_page_cache_misses": 0.0,
      "avg_db_exec_time_ms": 0,
      "avg_network_transfer_ms": 1.050660792951542,
      "avg_driver_overhead_ms": 2.523424599262258,
      "avg_query_startup_ms": 0.3568281938325991,
      "avg_exec_serialize_ms": 0.6938325991189428,
      "avg_client_recv_ms": 1.472763806310716
    },
    "operators": [],
    "top_by_time_ms": [],
    "top_by_db_hits": [],
    "top_by_memory_bytes": []
  },
  "feat_x": {
    "plan_meta": {},
    "global": {
      "sample_count": 454,
      "avg_client_wall_time_ms": 22.324249709162466,
      "avg_result_available_after_ms": 0.711453744493392,
      "avg_result_consumed_after_ms": 2.2224669603524227,
      "avg_profile_total_time_ms": 0.0,
      "avg_global_memory_bytes": 0.0,
      "avg_root_rows": 0.0,
      "avg_root_db_hits": 0.0,
      "avg_page_cache_hits": 0.0,
      "avg_page_cache_misses": 0.0,
      "avg_db_exec_time_ms": 0,
      "avg_network_transfer_ms": 2.2224669603524227,
      "avg_driver_overhead_ms": 22.324249709162466,
      "avg_query_startup_ms": 0.711453744493392,
      "avg_exec_serialize_ms": 1.5110132158590308,
      "avg_client_recv_ms": 20.10178274881004
    },
    "operators": [],
    "top_by_time_ms": [],
    "top_by_db_hits": [],
    "top_by_memory_bytes": []
  },
  "subphase_metrics": {
    "throughput_samples_per_s": 900.035374608307,
    "epoch_time_s": {
      "count": 90,
      "total_s": 11.954341247677803,
      "mean_s": 0.1328260138630867,
      "p50_s": 0.06048420845763758,
      "p90_s": 0.06502878718310967,
      "p99_s": 3.264648905195063,
      "min_s": 0.052529833978042006,
      "max_s": 3.3482103750575334
    },
    "sampling_phase_time_s": {
      "count": 360,
      "total_s": 10.425800590426661,
      "mean_s": 0.028960557195629615,
      "p50_s": 0.01348249998409301,
      "p90_s": 0.015458800247870386,
      "p99_s": 0.6862501375505243,
      "min_s": 0.009627084014937282,
      "max_s": 0.9090707919094712
    },
    "training_phase_time_s": {
      "count": 360,
      "total_s": 1.3664853061782196,
      "mean_s": 0.003795792517161721,
      "p50_s": 0.0013184164999984205,
      "p90_s": 0.0015015159850008785,
      "p99_s": 0.11581526128342377,
      "min_s": 0.0010238339891657233,
      "max_s": 0.1307430419838056
    },
    "convergence_time_s": null,
    "converged_epoch": null,
    "avg_cpu_utilization": null,
    "final_validation_accuracy": 0.83,
    "best_validation_accuracy": 0.84,
    "time_to_first_validation_accuracy_s": 3.4570668330416083,
    "time_to_best_accuracy_s": 14.85200983309187,
    "final_validation_loss": 0.6550957560539246,
    "best_validation_loss": 0.6550957560539246,
    "time_to_best_loss_s": 15.032013333053328,
    "final_test_accuracy": 0.7890000238227819,
    "best_test_accuracy": 0.7890000238227819,
    "time_to_best_test_accuracy_s": 15.15794679208193,
    "remote_feature_latency_s": {
      "count": 454,
      "total_s": 10.15596964058932,
      "mean_s": 0.0223699771819148,
      "p50_s": 0.009313833026681095,
      "p90_s": 0.018625049910042435,
      "p99_s": 0.6141027612297325,
      "min_s": 0.006394625059328973,
      "max_s": 0.8655311670154333
    },
    "remote_feature_total_s": 10.15596964058932,
    "cache_hits": 454,
    "cache_misses": 454,
    "cache_hit_rate": 0.5,
    "validation_time_s": {
      "count": 90,
      "total_s": 3.0059083722298965,
      "mean_s": 0.03339898191366552,
      "p50_s": 0.03173333348240703,
      "p90_s": 0.03432147923158483,
      "p99_s": 0.08271049123373814,
      "min_s": 0.02865995792672038,
      "max_s": 0.08937025000341237
    },
    "saving_weights_time_s": {
      "count": 84,
      "total_s": 0.0002225443022325635,
      "mean_s": 2.649336931340042e-06,
      "p50_s": 2.1669548004865646e-06,
      "p90_s": 3.1332718208432204e-06,
      "p99_s": 1.052086241543297e-05,
      "min_s": 1.334003172814846e-06,
      "max_s": 2.9542017728090286e-05
    },
    "batch_train_loss_mean": 0.6238418424191574,
    "avg_batch_nodes": 353.9111111111111,
    "avg_batch_edges": 567.4055555555556,
    "avg_seed_node_ratio": 0.08563721663366361,
    "topo_query_sent_ms": null,
    "topo_first_record_ms": null,
    "topo_transfer_ms": null,
    "topo_etl_ms": 0.16805111012105636,
    "feat_x_query_sent_ms": null,
    "feat_x_first_record_ms": null,
    "feat_x_transfer_ms": null,
    "feat_x_etl_ms": 0.42594480584683264,
    "feat_x_etl_parse_ms": 2.441610437858899,
    "feat_y_query_sent_ms": null,
    "feat_y_first_record_ms": null,
    "feat_y_transfer_ms": null,
    "feat_y_etl_ms": null,
    "network_baseline_ms": 2.523424599262258,
    "sampler_avg_db_exec_time_ms": 0,
    "sampler_avg_network_transfer_ms": 1.050660792951542,
    "sampler_avg_driver_overhead_ms": 2.523424599262258,
    "sampler_avg_result_consumed_after_ms": 1.050660792951542,
    "sampler_avg_result_available_after_ms": 0.3568281938325991,
    "sampler_avg_client_wall_time_ms": 2.523424599262258,
    "sampler_avg_query_startup_ms": 0.3568281938325991,
    "sampler_avg_exec_serialize_ms": 0.6938325991189428,
    "sampler_avg_client_recv_ms": 1.472763806310716,
    "feat_x_avg_db_exec_time_ms": 0,
    "feat_x_avg_network_transfer_ms": 2.2224669603524227,
    "feat_x_avg_driver_overhead_ms": 22.324249709162466,
    "feat_x_avg_result_consumed_after_ms": 2.2224669603524227,
    "feat_x_avg_result_available_after_ms": 0.711453744493392,
    "feat_x_avg_client_wall_time_ms": 22.324249709162466,
    "feat_x_avg_query_startup_ms": 0.711453744493392,
    "feat_x_avg_exec_serialize_ms": 1.5110132158590308,
    "feat_x_avg_client_recv_ms": 20.10178274881004,
    "topo_fetch_ms": 2.523424599262258
  }
}