{
  "run": {
    "csv": "/home/victor.pekkari/thesis-folder/neo4j-mpgnn-thesis/experiment_results/results/run_10_2026-05-05/measurements.csv",
    "runtime_s": 1134.6578616220504,
    "training_time_s": 1130.3797105550766,
    "epochs_completed": 1,
    "batches_seen": 6553,
    "nbr_training_datapoints": 196615.0
  },
  "metrics": {
    "throughput_samples_per_s": 173.9371276431099,
    "epoch_time_s": {
      "count": 1,
      "total_s": 1130.5873977262527,
      "mean_s": 1130.5873977262527,
      "p50_s": 1130.5873977262527,
      "p90_s": 1130.5873977262527,
      "p99_s": 1130.5873977262527,
      "min_s": 1130.5873977262527,
      "max_s": 1130.5873977262527
    },
    "sampling_phase_time_s": {
      "count": 6553,
      "total_s": 1080.8072166633792,
      "mean_s": 0.16493319344779173,
      "p50_s": 0.15875132335349917,
      "p90_s": 0.17458933582529426,
      "p99_s": 0.3650499562546611,
      "min_s": 0.1338142049498856,
      "max_s": 0.5783908721059561
    },
    "training_phase_time_s": {
      "count": 6553,
      "total_s": 31.963050723541528,
      "mean_s": 0.004877621047389215,
      "p50_s": 0.004875539802014828,
      "p90_s": 0.005174247641116381,
      "p99_s": 0.0066450854018330514,
      "min_s": 0.004123069811612368,
      "max_s": 0.010923511814326048
    },
    "convergence_time_s": null,
    "converged_epoch": null,
    "avg_cpu_utilization": null,
    "final_validation_accuracy": 1.0,
    "best_validation_accuracy": 1.0,
    "time_to_first_validation_accuracy_s": 1134.6578234708868,
    "time_to_best_accuracy_s": 1134.6578234708868,
    "final_validation_loss": 0.3612957298755646,
    "best_validation_loss": 0.3612957298755646,
    "time_to_best_loss_s": 1134.6578317959793,
    "final_test_accuracy": 0.6988000077314306,
    "best_test_accuracy": 0.6988000077314306,
    "time_to_best_test_accuracy_s": 1212.610401051119,
    "remote_feature_latency_s": {
      "count": 6672,
      "total_s": 501.4059159983881,
      "mean_s": 0.07515076678632915,
      "p50_s": 0.0716169502120465,
      "p90_s": 0.07403623196296394,
      "p99_s": 0.17779718813020529,
      "min_s": 0.026050221174955368,
      "max_s": 0.47270186012610793
    },
    "remote_feature_total_s": 501.4059159983881,
    "cache_hits": 6672,
    "cache_misses": 6672,
    "cache_hit_rate": 0.5,
    "validation_time_s": {
      "count": 1,
      "total_s": 0.8775057438760996,
      "mean_s": 0.8775057438760996,
      "p50_s": 0.8775057438760996,
      "p90_s": 0.8775057438760996,
      "p99_s": 0.8775057438760996,
      "min_s": 0.8775057438760996,
      "max_s": 0.8775057438760996
    },
    "saving_weights_time_s": {
      "count": 1,
      "total_s": 6.953254342079163e-06,
      "mean_s": 6.953254342079163e-06,
      "p50_s": 6.953254342079163e-06,
      "p90_s": 6.953254342079163e-06,
      "p99_s": 6.953254342079163e-06,
      "min_s": 6.953254342079163e-06,
      "max_s": 6.953254342079163e-06
    },
    "batch_train_loss_mean": 0.6664399561908124,
    "avg_batch_nodes": 1694.754921410041,
    "avg_batch_edges": 1780.1194872577446,
    "avg_seed_node_ratio": 0.01770710653501972,
    "topo_query_sent_ms": null,
    "topo_first_record_ms": null,
    "topo_transfer_ms": null,
    "topo_etl_ms": 1.027733445091048,
    "feat_x_query_sent_ms": null,
    "feat_x_first_record_ms": null,
    "feat_x_transfer_ms": null,
    "feat_x_etl_ms": 2.0837494237342855,
    "feat_x_etl_parse_ms": 23.901508595027828,
    "feat_y_query_sent_ms": null,
    "feat_y_first_record_ms": null,
    "feat_y_transfer_ms": null,
    "feat_y_etl_ms": null,
    "network_baseline_ms": 68.50729514515291,
    "avg_feat_bytes": 744175.1798561151,
    "sampler_avg_db_exec_time_ms": 0,
    "sampler_avg_network_transfer_ms": 64.87799760191847,
    "sampler_avg_driver_overhead_ms": 68.50729514515291,
    "sampler_avg_result_consumed_after_ms": 64.87799760191847,
    "sampler_avg_result_available_after_ms": 0.6489808153477218,
    "sampler_avg_client_wall_time_ms": 68.50729514515291,
    "sampler_avg_query_startup_ms": 0.6489808153477218,
    "sampler_avg_exec_serialize_ms": 64.22901678657074,
    "sampler_avg_client_recv_ms": 3.6292975432344434,
    "feat_x_avg_db_exec_time_ms": 0,
    "feat_x_avg_network_transfer_ms": 17.187200239808153,
    "feat_x_avg_driver_overhead_ms": 75.01618266313636,
    "feat_x_avg_result_consumed_after_ms": 17.187200239808153,
    "feat_x_avg_result_available_after_ms": 0.75,
    "feat_x_avg_client_wall_time_ms": 75.01618266313636,
    "feat_x_avg_query_startup_ms": 0.75,
    "feat_x_avg_exec_serialize_ms": 16.437200239808153,
    "feat_x_avg_client_recv_ms": 57.82898242332821,
    "topo_fetch_ms": 68.50729514515291
  },
  "notes": [
    "GPU/CPU utilization and explicit DB write/query timings are not in the Measurer CSV (unless you log them); this parser will report None for those.",
    "throughput_samples_per_s assumes nbr_training_datapoints is per-epoch; if it's total across training, remove the * epochs_completed multiplier.",
    "remote_feature_total_s is a proxy for time spent waiting on remote feature reads (DB reads)."
  ]
}