{
  "run": {
    "csv": "/var/lib/neo4j/data/projects/neo4j-mpgnn-thesis/experiment_results/results/run_11_2026-05-13/baseline_pyg/run_3/measurements.csv",
    "runtime_s": 2.9689373653382063,
    "training_time_s": 2.899907519109547,
    "epochs_completed": 90,
    "batches_seen": 360,
    "nbr_training_datapoints": 140.0
  },
  "metrics": {
    "throughput_samples_per_s": 4344.966147013194,
    "epoch_time_s": {
      "count": 90,
      "total_s": 2.0083094546571374,
      "mean_s": 0.022314549496190415,
      "p50_s": 0.02225531218573451,
      "p90_s": 0.02339080716483295,
      "p99_s": 0.02975082702003418,
      "min_s": 0.019611272029578686,
      "max_s": 0.052809944842010736
    },
    "sampling_phase_time_s": {
      "count": 360,
      "total_s": 0.33021048875525594,
      "mean_s": 0.0009172513576534888,
      "p50_s": 0.0009140411857515574,
      "p90_s": 0.0009778587147593499,
      "p99_s": 0.0014198473747819758,
      "min_s": 0.000776390079408884,
      "max_s": 0.002751793246716261
    },
    "training_phase_time_s": {
      "count": 360,
      "total_s": 1.4320304403081536,
      "mean_s": 0.0039778623341893155,
      "p50_s": 0.0039532973896712065,
      "p90_s": 0.0041930008679628376,
      "p99_s": 0.006830144957639386,
      "min_s": 0.003345952834933996,
      "max_s": 0.011260516941547394
    },
    "convergence_time_s": null,
    "converged_epoch": null,
    "avg_cpu_utilization": null,
    "final_validation_accuracy": 0.7740000234191595,
    "best_validation_accuracy": 0.7800000234865813,
    "time_to_first_validation_accuracy_s": 0.11774177104234695,
    "time_to_best_accuracy_s": 1.8106336621567607,
    "final_validation_loss": 0.8589886426925659,
    "best_validation_loss": 0.8425275087356567,
    "time_to_best_loss_s": 2.839889039285481,
    "final_test_accuracy": 0.7850000234802478,
    "best_test_accuracy": 0.7850000234802478,
    "time_to_best_test_accuracy_s": 3.003197407349944,
    "remote_feature_latency_s": {
      "count": 0,
      "total_s": 0.0,
      "mean_s": null,
      "p50_s": null,
      "p90_s": null,
      "p99_s": null,
      "min_s": null,
      "max_s": null
    },
    "remote_feature_total_s": 0.0,
    "cache_hits": 0,
    "cache_misses": 0,
    "cache_hit_rate": null,
    "validation_time_s": {
      "count": 90,
      "total_s": 0.9037345973774791,
      "mean_s": 0.010041495526416434,
      "p50_s": 0.010119413724169135,
      "p90_s": 0.010577545780688525,
      "p99_s": 0.0121430768026039,
      "min_s": 0.00900714797899127,
      "max_s": 0.013073083944618702
    },
    "saving_weights_time_s": {
      "count": 63,
      "total_s": 0.0003477879799902439,
      "mean_s": 5.520444126829269e-06,
      "p50_s": 5.309935659170151e-06,
      "p90_s": 6.168149411678315e-06,
      "p99_s": 9.194593876600268e-06,
      "min_s": 4.459172487258911e-06,
      "max_s": 9.93022695183754e-06
    },
    "batch_train_loss_mean": 0.6294013156141672,
    "avg_batch_nodes": 357.2083333333333,
    "avg_batch_edges": 570.075,
    "avg_seed_node_ratio": 0.08475329176671746,
    "topo_query_sent_ms": null,
    "topo_first_record_ms": null,
    "topo_transfer_ms": null,
    "topo_etl_ms": null,
    "feat_x_query_sent_ms": null,
    "feat_x_first_record_ms": null,
    "feat_x_transfer_ms": null,
    "feat_x_etl_ms": null,
    "feat_x_etl_parse_ms": null,
    "feat_y_query_sent_ms": null,
    "feat_y_first_record_ms": null,
    "feat_y_transfer_ms": null,
    "feat_y_etl_ms": null,
    "network_baseline_ms": null,
    "avg_feat_bytes": null
  },
  "notes": [
    "GPU/CPU utilization and explicit DB write/query timings are not in the Measurer CSV (unless you log them); this parser will report None for those.",
    "throughput_samples_per_s assumes nbr_training_datapoints is per-epoch; if it's total across training, remove the * epochs_completed multiplier.",
    "remote_feature_total_s is a proxy for time spent waiting on remote feature reads (DB reads)."
  ]
}