{
  "run": {
    "csv": "/home/victor.pekkari/thesis-folder/neo4j-mpgnn-thesis/experiment_results/results/run_15_2026-05-12/measurements.csv",
    "runtime_s": 6.412623578216881,
    "training_time_s": 6.047687754034996,
    "epochs_completed": 20,
    "batches_seen": 0,
    "nbr_training_datapoints": 120.0
  },
  "metrics": {
    "throughput_samples_per_s": 396.84588517301154,
    "epoch_time_s": {
      "count": 20,
      "total_s": 0.004675328731536865,
      "mean_s": 0.00023376643657684325,
      "p50_s": 0.0001333730760961771,
      "p90_s": 0.00031107957474887487,
      "p99_s": 0.0010999062238261103,
      "min_s": 0.00012117205187678337,
      "max_s": 0.0011115428060293198
    },
    "sampling_phase_time_s": {
      "count": 0,
      "total_s": 0.0,
      "mean_s": null,
      "p50_s": null,
      "p90_s": null,
      "p99_s": null,
      "min_s": null,
      "max_s": null
    },
    "training_phase_time_s": {
      "count": 0,
      "total_s": 0.0,
      "mean_s": null,
      "p50_s": null,
      "p90_s": null,
      "p99_s": null,
      "min_s": null,
      "max_s": null
    },
    "convergence_time_s": null,
    "converged_epoch": null,
    "avg_cpu_utilization": null,
    "final_validation_accuracy": 0.1520000036660826,
    "best_validation_accuracy": 0.1520000036660826,
    "time_to_first_validation_accuracy_s": 0.5140972998924553,
    "time_to_best_accuracy_s": 0.5140972998924553,
    "final_validation_loss": 1.7993288040161133,
    "best_validation_loss": 1.7993288040161133,
    "time_to_best_loss_s": 0.5141083900816739,
    "final_test_accuracy": 0.1570000041773992,
    "best_test_accuracy": 0.1570000041773992,
    "time_to_best_test_accuracy_s": 6.828643884044141,
    "remote_feature_latency_s": {
      "count": 44,
      "total_s": 5.209300865419209,
      "mean_s": 0.1183932014868002,
      "p50_s": 0.12451890693046153,
      "p90_s": 0.13008988993242382,
      "p99_s": 0.1614465391309932,
      "min_s": 0.05892000626772642,
      "max_s": 0.17850705329328775
    },
    "remote_feature_total_s": 5.209300865419209,
    "cache_hits": 44,
    "cache_misses": 44,
    "cache_hit_rate": 0.5,
    "validation_time_s": {
      "count": 20,
      "total_s": 6.303058139514178,
      "mean_s": 0.3151529069757089,
      "p50_s": 0.32059336034581065,
      "p90_s": 0.3301063685677946,
      "p99_s": 0.39397091726306815,
      "min_s": 0.26005287608131766,
      "max_s": 0.4085191781632602
    },
    "saving_weights_time_s": {
      "count": 1,
      "total_s": 7.627997547388077e-06,
      "mean_s": 7.627997547388077e-06,
      "p50_s": 7.627997547388077e-06,
      "p90_s": 7.627997547388077e-06,
      "p99_s": 7.627997547388077e-06,
      "min_s": 7.627997547388077e-06,
      "max_s": 7.627997547388077e-06
    },
    "batch_train_loss_mean": null,
    "avg_batch_nodes": null,
    "avg_batch_edges": null,
    "avg_seed_node_ratio": null,
    "topo_query_sent_ms": null,
    "topo_first_record_ms": null,
    "topo_transfer_ms": null,
    "topo_etl_ms": 1.059751227413389,
    "feat_x_query_sent_ms": null,
    "feat_x_first_record_ms": null,
    "feat_x_transfer_ms": null,
    "feat_x_etl_ms": 5.588756958869371,
    "feat_x_etl_parse_ms": null,
    "feat_y_query_sent_ms": null,
    "feat_y_first_record_ms": null,
    "feat_y_transfer_ms": null,
    "feat_y_etl_ms": null,
    "network_baseline_ms": 6.3756501873616465,
    "avg_feat_bytes": 19467007.636363637,
    "sampler_avg_db_exec_time_ms": 0,
    "sampler_avg_network_transfer_ms": 4.204545454545454,
    "sampler_avg_driver_overhead_ms": 6.3756501873616465,
    "sampler_avg_result_consumed_after_ms": 4.204545454545454,
    "sampler_avg_result_available_after_ms": 0.4772727272727273,
    "sampler_avg_client_wall_time_ms": 6.3756501873616465,
    "sampler_avg_query_startup_ms": 0.4772727272727273,
    "sampler_avg_exec_serialize_ms": 3.7272727272727266,
    "sampler_avg_client_recv_ms": 2.1711047328161923,
    "feat_x_avg_db_exec_time_ms": 0,
    "feat_x_avg_network_transfer_ms": 75.22727272727273,
    "feat_x_avg_driver_overhead_ms": 118.26241539198567,
    "feat_x_avg_result_consumed_after_ms": 75.22727272727273,
    "feat_x_avg_result_available_after_ms": 0.5454545454545454,
    "feat_x_avg_client_wall_time_ms": 118.26241539198567,
    "feat_x_avg_query_startup_ms": 0.5454545454545454,
    "feat_x_avg_exec_serialize_ms": 74.68181818181819,
    "feat_x_avg_client_recv_ms": 43.035142664712936,
    "topo_fetch_ms": 6.3756501873616465
  },
  "notes": [
    "GPU/CPU utilization and explicit DB write/query timings are not in the Measurer CSV (unless you log them); this parser will report None for those.",
    "throughput_samples_per_s assumes nbr_training_datapoints is per-epoch; if it's total across training, remove the * epochs_completed multiplier.",
    "remote_feature_total_s is a proxy for time spent waiting on remote feature reads (DB reads)."
  ]
}