{
  "sampler": {
    "plan_meta": {},
    "global": {
      "sample_count": 404,
      "avg_client_wall_time_ms": 7.0736427920510865,
      "avg_result_available_after_ms": 0.4975247524752475,
      "avg_result_consumed_after_ms": 3.5445544554455446,
      "avg_profile_total_time_ms": 0.0,
      "avg_global_memory_bytes": 0.0,
      "avg_root_rows": 0.0,
      "avg_root_db_hits": 0.0,
      "avg_page_cache_hits": 0.0,
      "avg_page_cache_misses": 0.0,
      "avg_db_exec_time_ms": 0,
      "avg_network_transfer_ms": 3.5445544554455446,
      "avg_driver_overhead_ms": 7.0736427920510865,
      "avg_query_startup_ms": 0.4975247524752475,
      "avg_exec_serialize_ms": 3.0470297029702973,
      "avg_client_recv_ms": 3.529088336605542
    },
    "operators": [],
    "top_by_time_ms": [],
    "top_by_db_hits": [],
    "top_by_memory_bytes": []
  },
  "feat_x": {
    "plan_meta": {},
    "global": {
      "sample_count": 404,
      "avg_client_wall_time_ms": 105.55915249797451,
      "avg_result_available_after_ms": 0.5297029702970297,
      "avg_result_consumed_after_ms": 44.524752475247524,
      "avg_profile_total_time_ms": 0.0,
      "avg_global_memory_bytes": 0.0,
      "avg_root_rows": 0.0,
      "avg_root_db_hits": 0.0,
      "avg_page_cache_hits": 0.0,
      "avg_page_cache_misses": 0.0,
      "avg_db_exec_time_ms": 0,
      "avg_network_transfer_ms": 44.524752475247524,
      "avg_driver_overhead_ms": 105.55915249797451,
      "avg_query_startup_ms": 0.5297029702970297,
      "avg_exec_serialize_ms": 43.995049504950494,
      "avg_client_recv_ms": 61.034400022726985
    },
    "operators": [],
    "top_by_time_ms": [],
    "top_by_db_hits": [],
    "top_by_memory_bytes": []
  },
  "subphase_metrics": {
    "throughput_samples_per_s": 421.79679569185396,
    "epoch_time_s": {
      "count": 200,
      "total_s": 0.03042391547933221,
      "mean_s": 0.00015211957739666104,
      "p50_s": 0.0001362075563520193,
      "p90_s": 0.00015890374779701233,
      "p99_s": 0.00034237834159284245,
      "min_s": 0.00011483579874038696,
      "max_s": 0.001371458638459444
    },
    "sampling_phase_time_s": {
      "count": 0,
      "total_s": 0.0,
      "mean_s": null,
      "p50_s": null,
      "p90_s": null,
      "p99_s": null,
      "min_s": null,
      "max_s": null
    },
    "training_phase_time_s": {
      "count": 0,
      "total_s": 0.0,
      "mean_s": null,
      "p50_s": null,
      "p90_s": null,
      "p99_s": null,
      "min_s": null,
      "max_s": null
    },
    "convergence_time_s": null,
    "converged_epoch": null,
    "avg_cpu_utilization": null,
    "final_validation_accuracy": 0.1300000034913909,
    "best_validation_accuracy": 0.1300000034913909,
    "time_to_first_validation_accuracy_s": 0.4488462768495083,
    "time_to_best_accuracy_s": 0.4488462768495083,
    "final_validation_loss": 1.8075437545776367,
    "best_validation_loss": 1.8075437545776367,
    "time_to_best_loss_s": 0.44885922176763415,
    "final_test_accuracy": 0.1220000039641584,
    "best_test_accuracy": 0.1220000039641584,
    "time_to_best_test_accuracy_s": 57.65986136905849,
    "remote_feature_latency_s": {
      "count": 404,
      "total_s": 42.70477151265368,
      "mean_s": 0.10570487998181603,
      "p50_s": 0.10549230687320232,
      "p90_s": 0.11625157655216753,
      "p99_s": 0.12236249332781882,
      "min_s": 0.0518798241391778,
      "max_s": 0.13931517396122217
    },
    "remote_feature_total_s": 42.70477151265368,
    "cache_hits": 404,
    "cache_misses": 404,
    "cache_hit_rate": 0.5,
    "validation_time_s": {
      "count": 200,
      "total_s": 57.12645368790254,
      "mean_s": 0.2856322684395127,
      "p50_s": 0.2821976342238486,
      "p90_s": 0.3049926210194826,
      "p99_s": 0.34076085754670055,
      "min_s": 0.250015199650079,
      "max_s": 0.5305207022465765
    },
    "saving_weights_time_s": {
      "count": 1,
      "total_s": 8.209142833948135e-06,
      "mean_s": 8.209142833948135e-06,
      "p50_s": 8.209142833948135e-06,
      "p90_s": 8.209142833948135e-06,
      "p99_s": 8.209142833948135e-06,
      "min_s": 8.209142833948135e-06,
      "max_s": 8.209142833948135e-06
    },
    "batch_train_loss_mean": null,
    "avg_batch_nodes": null,
    "avg_batch_edges": null,
    "avg_seed_node_ratio": null,
    "topo_query_sent_ms": null,
    "topo_first_record_ms": null,
    "topo_transfer_ms": null,
    "topo_etl_ms": 1.1355685402113613,
    "feat_x_query_sent_ms": null,
    "feat_x_first_record_ms": null,
    "feat_x_transfer_ms": null,
    "feat_x_etl_ms": 5.943209662489446,
    "feat_x_etl_parse_ms": null,
    "feat_y_query_sent_ms": null,
    "feat_y_first_record_ms": null,
    "feat_y_transfer_ms": null,
    "feat_y_etl_ms": null,
    "network_baseline_ms": 7.0736427920510865,
    "avg_feat_bytes": 19714185.386138614,
    "sampler_avg_db_exec_time_ms": 0,
    "sampler_avg_network_transfer_ms": 3.5445544554455446,
    "sampler_avg_driver_overhead_ms": 7.0736427920510865,
    "sampler_avg_result_consumed_after_ms": 3.5445544554455446,
    "sampler_avg_result_available_after_ms": 0.4975247524752475,
    "sampler_avg_client_wall_time_ms": 7.0736427920510865,
    "sampler_avg_query_startup_ms": 0.4975247524752475,
    "sampler_avg_exec_serialize_ms": 3.0470297029702973,
    "sampler_avg_client_recv_ms": 3.529088336605542,
    "feat_x_avg_db_exec_time_ms": 0,
    "feat_x_avg_network_transfer_ms": 44.524752475247524,
    "feat_x_avg_driver_overhead_ms": 105.55915249797451,
    "feat_x_avg_result_consumed_after_ms": 44.524752475247524,
    "feat_x_avg_result_available_after_ms": 0.5297029702970297,
    "feat_x_avg_client_wall_time_ms": 105.55915249797451,
    "feat_x_avg_query_startup_ms": 0.5297029702970297,
    "feat_x_avg_exec_serialize_ms": 43.995049504950494,
    "feat_x_avg_client_recv_ms": 61.034400022726985,
    "topo_fetch_ms": 7.0736427920510865
  }
}