{
  "run": {
    "csv": "/var/lib/neo4j/data/projects/neo4j-mpgnn-thesis/experiment_results/results/run_34_2026-06-01/measurements.csv",
    "runtime_s": 1264.8593322047964,
    "training_time_s": 1178.7885626628995,
    "epochs_completed": 1,
    "batches_seen": 9431,
    "nbr_training_datapoints": 1207179.0
  },
  "metrics": {
    "throughput_samples_per_s": 1024.084418729824,
    "epoch_time_s": {
      "count": 1,
      "total_s": 1178.991595890373,
      "mean_s": 1178.991595890373,
      "p50_s": 1178.991595890373,
      "p90_s": 1178.991595890373,
      "p99_s": 1178.991595890373,
      "min_s": 1178.991595890373,
      "max_s": 1178.991595890373
    },
    "sampling_phase_time_s": {
      "count": 9431,
      "total_s": 750.0217316215858,
      "mean_s": 0.07952727511627461,
      "p50_s": 0.07816495094448328,
      "p90_s": 0.08653357904404402,
      "p99_s": 0.09661452714353802,
      "min_s": 0.057737222872674465,
      "max_s": 0.49304940178990364
    },
    "training_phase_time_s": {
      "count": 9431,
      "total_s": 382.1445784177631,
      "mean_s": 0.04052004860754566,
      "p50_s": 0.04466768354177475,
      "p90_s": 0.056942494586110115,
      "p99_s": 0.06397603591904046,
      "min_s": 0.010798136703670025,
      "max_s": 0.4603646509349346
    },
    "convergence_time_s": null,
    "converged_epoch": null,
    "avg_cpu_utilization": null,
    "final_validation_accuracy": 0.0,
    "best_validation_accuracy": 0.0,
    "time_to_first_validation_accuracy_s": 1264.859203638509,
    "time_to_best_accuracy_s": 1264.859203638509,
    "final_validation_loss": 0.0,
    "best_validation_loss": 0.0,
    "time_to_best_loss_s": 1264.859217632562,
    "final_test_accuracy": 0.0,
    "best_test_accuracy": 0.0,
    "time_to_best_test_accuracy_s": 1298.9760600822046,
    "remote_feature_latency_s": {
      "count": 9431,
      "total_s": 472.13362926617265,
      "mean_s": 0.05006188413383232,
      "p50_s": 0.04981508757919073,
      "p90_s": 0.05569262616336346,
      "p99_s": 0.06130125038325788,
      "min_s": 0.034920952282845974,
      "max_s": 0.2773621929809451
    },
    "remote_feature_total_s": 472.13362926617265,
    "cache_hits": 9431,
    "cache_misses": 9431,
    "cache_hit_rate": 0.5,
    "validation_time_s": {
      "count": 1,
      "total_s": 32.41968526970595,
      "mean_s": 32.41968526970595,
      "p50_s": 32.41968526970595,
      "p90_s": 32.41968526970595,
      "p99_s": 32.41968526970595,
      "min_s": 32.41968526970595,
      "max_s": 32.41968526970595
    },
    "saving_weights_time_s": {
      "count": 1,
      "total_s": 1.4117918908596039e-05,
      "mean_s": 1.4117918908596039e-05,
      "p50_s": 1.4117918908596039e-05,
      "p90_s": 1.4117918908596039e-05,
      "p99_s": 1.4117918908596039e-05,
      "min_s": 1.4117918908596039e-05,
      "max_s": 1.4117918908596039e-05
    },
    "batch_train_loss_mean": 1.7408807504443802,
    "avg_batch_nodes": 2764.8932244724842,
    "avg_batch_edges": 2862.0010603329447,
    "avg_seed_node_ratio": 0.0465633022940352,
    "topo_query_sent_ms": null,
    "topo_first_record_ms": null,
    "topo_transfer_ms": null,
    "topo_etl_ms": 1.8633886645993907,
    "feat_x_query_sent_ms": null,
    "feat_x_first_record_ms": null,
    "feat_x_transfer_ms": null,
    "feat_x_etl_ms": 3.6473739410338477,
    "feat_x_etl_parse_ms": null,
    "feat_y_query_sent_ms": null,
    "feat_y_first_record_ms": null,
    "feat_y_transfer_ms": null,
    "feat_y_etl_ms": null,
    "network_baseline_ms": 15.834847371442619,
    "avg_feat_bytes": 757255.0032870321,
    "sampler_avg_db_exec_time_ms": 0,
    "sampler_avg_network_transfer_ms": 11.749655391793024,
    "sampler_avg_driver_overhead_ms": 15.834847371442619,
    "sampler_avg_result_consumed_after_ms": 11.749655391793024,
    "sampler_avg_result_available_after_ms": 0.6352454670766621,
    "sampler_avg_client_wall_time_ms": 15.834847371442619,
    "sampler_avg_query_startup_ms": 0.6352454670766621,
    "sampler_avg_exec_serialize_ms": 11.114409924716362,
    "sampler_avg_client_recv_ms": 4.085191979649595,
    "feat_x_avg_db_exec_time_ms": 0.0,
    "feat_x_avg_network_transfer_ms": 40.479270490934155,
    "feat_x_avg_driver_overhead_ms": 49.315036341643555,
    "feat_x_avg_result_consumed_after_ms": 40.479270490934155,
    "feat_x_avg_result_available_after_ms": 3.498992683702683,
    "feat_x_avg_client_wall_time_ms": 49.315036341643555,
    "feat_x_avg_query_startup_ms": 3.498992683702683,
    "feat_x_avg_exec_serialize_ms": 36.980277807231474,
    "feat_x_avg_client_recv_ms": 8.8357658507094,
    "topo_fetch_ms": 15.834847371442619
  },
  "notes": [
    "GPU/CPU utilization and explicit DB write/query timings are not in the Measurer CSV (unless you log them); this parser will report None for those.",
    "throughput_samples_per_s assumes nbr_training_datapoints is per-epoch; if it's total across training, remove the * epochs_completed multiplier.",
    "remote_feature_total_s is a proxy for time spent waiting on remote feature reads (DB reads)."
  ]
}