{
  "sampler": {
    "plan_meta": {},
    "global": {
      "sample_count": 718,
      "avg_client_wall_time_ms": 7.269410562408377,
      "avg_result_available_after_ms": 0.5626740947075209,
      "avg_result_consumed_after_ms": 3.9317548746518107,
      "avg_profile_total_time_ms": 0.0,
      "avg_global_memory_bytes": 0.0,
      "avg_root_rows": 0.0,
      "avg_root_db_hits": 0.0,
      "avg_page_cache_hits": 0.0,
      "avg_page_cache_misses": 0.0,
      "avg_db_exec_time_ms": 0,
      "avg_network_transfer_ms": 3.9317548746518107,
      "avg_driver_overhead_ms": 7.269410562408377,
      "avg_query_startup_ms": 0.5626740947075209,
      "avg_exec_serialize_ms": 3.36908077994429,
      "avg_client_recv_ms": 3.3376556877565666
    },
    "operators": [],
    "top_by_time_ms": [],
    "top_by_db_hits": [],
    "top_by_memory_bytes": []
  },
  "feat_x": {
    "plan_meta": {},
    "global": {
      "sample_count": 718,
      "avg_client_wall_time_ms": 16.031724677102066,
      "avg_result_available_after_ms": 1.383008356545961,
      "avg_result_consumed_after_ms": 12.005571030640668,
      "avg_profile_total_time_ms": 0.0,
      "avg_global_memory_bytes": 0.0,
      "avg_root_rows": 0.0,
      "avg_root_db_hits": 0.0,
      "avg_page_cache_hits": 0.0,
      "avg_page_cache_misses": 0.0,
      "avg_db_exec_time_ms": 0,
      "avg_network_transfer_ms": 12.005571030640668,
      "avg_driver_overhead_ms": 16.031724677102066,
      "avg_query_startup_ms": 1.383008356545961,
      "avg_exec_serialize_ms": 10.622562674094707,
      "avg_client_recv_ms": 4.026153646461397
    },
    "operators": [],
    "top_by_time_ms": [],
    "top_by_db_hits": [],
    "top_by_memory_bytes": []
  },
  "subphase_metrics": {
    "throughput_samples_per_s": 2703.462970623338,
    "epoch_time_s": {
      "count": 1,
      "total_s": 33.692617311608046,
      "mean_s": 33.692617311608046,
      "p50_s": 33.692617311608046,
      "p90_s": 33.692617311608046,
      "p99_s": 33.692617311608046,
      "min_s": 33.692617311608046,
      "max_s": 33.692617311608046
    },
    "sampling_phase_time_s": {
      "count": 710,
      "total_s": 22.75975132966414,
      "mean_s": 0.032055987788259355,
      "p50_s": 0.03127281670458615,
      "p90_s": 0.034608140727505086,
      "p99_s": 0.03831491266842931,
      "min_s": 0.025322407949715853,
      "max_s": 0.36104621132835746
    },
    "training_phase_time_s": {
      "count": 710,
      "total_s": 9.39419389422983,
      "mean_s": 0.013231259005957506,
      "p50_s": 0.013036121847108006,
      "p90_s": 0.01481512300670147,
      "p99_s": 0.017397318463772533,
      "min_s": 0.010778097901493311,
      "max_s": 0.02415578719228506
    },
    "convergence_time_s": null,
    "converged_epoch": null,
    "avg_cpu_utilization": null,
    "final_validation_accuracy": 0.4650000138489272,
    "best_validation_accuracy": 0.4650000138489272,
    "time_to_first_validation_accuracy_s": 35.50962729426101,
    "time_to_best_accuracy_s": 35.50962729426101,
    "final_validation_loss": 1.9966866970062256,
    "best_validation_loss": 1.9966866970062256,
    "time_to_best_loss_s": 35.50964232441038,
    "final_test_accuracy": 0.4550000136790412,
    "best_test_accuracy": 0.4550000136790412,
    "time_to_best_test_accuracy_s": 35.68899484630674,
    "remote_feature_latency_s": {
      "count": 718,
      "total_s": 11.919201980810612,
      "mean_s": 0.01660055986185322,
      "p50_s": 0.016605455428361893,
      "p90_s": 0.018564742896705868,
      "p99_s": 0.021689014253206577,
      "min_s": 0.007493281736969948,
      "max_s": 0.022763351909816265
    },
    "remote_feature_total_s": 11.919201980810612,
    "cache_hits": 718,
    "cache_misses": 718,
    "cache_hit_rate": 0.5,
    "validation_time_s": {
      "count": 1,
      "total_s": 0.31613070890307426,
      "mean_s": 0.31613070890307426,
      "p50_s": 0.31613070890307426,
      "p90_s": 0.31613070890307426,
      "p99_s": 0.31613070890307426,
      "min_s": 0.31613070890307426,
      "max_s": 0.31613070890307426
    },
    "saving_weights_time_s": {
      "count": 1,
      "total_s": 1.3626180589199066e-05,
      "mean_s": 1.3626180589199066e-05,
      "p50_s": 1.3626180589199066e-05,
      "p90_s": 1.3626180589199066e-05,
      "p99_s": 1.3626180589199066e-05,
      "min_s": 1.3626180589199066e-05,
      "max_s": 1.3626180589199066e-05
    },
    "batch_train_loss_mean": 2.565861135973057,
    "avg_batch_nodes": 1395.6211267605634,
    "avg_batch_edges": 1463.056338028169,
    "avg_seed_node_ratio": 0.09258799460044174,
    "topo_query_sent_ms": null,
    "topo_first_record_ms": null,
    "topo_transfer_ms": null,
    "topo_etl_ms": 1.0147987719635612,
    "feat_x_query_sent_ms": null,
    "feat_x_first_record_ms": null,
    "feat_x_transfer_ms": null,
    "feat_x_etl_ms": 1.8855771614098533,
    "feat_x_etl_parse_ms": null,
    "feat_y_query_sent_ms": null,
    "feat_y_first_record_ms": null,
    "feat_y_transfer_ms": null,
    "feat_y_etl_ms": null,
    "network_baseline_ms": 7.269410562408377,
    "avg_feat_bytes": 533501.147632312,
    "sampler_avg_db_exec_time_ms": 0,
    "sampler_avg_network_transfer_ms": 3.9317548746518107,
    "sampler_avg_driver_overhead_ms": 7.269410562408377,
    "sampler_avg_result_consumed_after_ms": 3.9317548746518107,
    "sampler_avg_result_available_after_ms": 0.5626740947075209,
    "sampler_avg_client_wall_time_ms": 7.269410562408377,
    "sampler_avg_query_startup_ms": 0.5626740947075209,
    "sampler_avg_exec_serialize_ms": 3.36908077994429,
    "sampler_avg_client_recv_ms": 3.3376556877565666,
    "feat_x_avg_db_exec_time_ms": 0,
    "feat_x_avg_network_transfer_ms": 12.005571030640668,
    "feat_x_avg_driver_overhead_ms": 16.031724677102066,
    "feat_x_avg_result_consumed_after_ms": 12.005571030640668,
    "feat_x_avg_result_available_after_ms": 1.383008356545961,
    "feat_x_avg_client_wall_time_ms": 16.031724677102066,
    "feat_x_avg_query_startup_ms": 1.383008356545961,
    "feat_x_avg_exec_serialize_ms": 10.622562674094707,
    "feat_x_avg_client_recv_ms": 4.026153646461397,
    "topo_fetch_ms": 7.269410562408377
  }
}