{
  "sampler": {
    "plan_meta": {},
    "global": {
      "sample_count": 718,
      "avg_client_wall_time_ms": 11.08371783346249,
      "avg_result_available_after_ms": 0.5501392757660167,
      "avg_result_consumed_after_ms": 8.637883008356546,
      "avg_profile_total_time_ms": 0.0,
      "avg_global_memory_bytes": 0.0,
      "avg_root_rows": 0.0,
      "avg_root_db_hits": 0.0,
      "avg_page_cache_hits": 0.0,
      "avg_page_cache_misses": 0.0,
      "avg_db_exec_time_ms": 0,
      "avg_network_transfer_ms": 8.637883008356546,
      "avg_driver_overhead_ms": 11.08371783346249,
      "avg_query_startup_ms": 0.5501392757660167,
      "avg_exec_serialize_ms": 8.08774373259053,
      "avg_client_recv_ms": 2.445834825105944
    },
    "operators": [],
    "top_by_time_ms": [],
    "top_by_db_hits": [],
    "top_by_memory_bytes": []
  },
  "feat_x": {
    "plan_meta": {},
    "global": {
      "sample_count": 718,
      "avg_client_wall_time_ms": 13.638677539869438,
      "avg_result_available_after_ms": 0.7729805013927576,
      "avg_result_consumed_after_ms": 10.998607242339833,
      "avg_profile_total_time_ms": 0.0,
      "avg_global_memory_bytes": 0.0,
      "avg_root_rows": 0.0,
      "avg_root_db_hits": 0.0,
      "avg_page_cache_hits": 0.0,
      "avg_page_cache_misses": 0.0,
      "avg_db_exec_time_ms": 0,
      "avg_network_transfer_ms": 10.998607242339833,
      "avg_driver_overhead_ms": 13.638677539869438,
      "avg_query_startup_ms": 0.7729805013927576,
      "avg_exec_serialize_ms": 10.225626740947076,
      "avg_client_recv_ms": 2.640070297529604
    },
    "operators": [],
    "top_by_time_ms": [],
    "top_by_db_hits": [],
    "top_by_memory_bytes": []
  },
  "subphase_metrics": {
    "throughput_samples_per_s": 2979.8125963711104,
    "epoch_time_s": {
      "count": 1,
      "total_s": 30.568736894987524,
      "mean_s": 30.568736894987524,
      "p50_s": 30.568736894987524,
      "p90_s": 30.568736894987524,
      "p99_s": 30.568736894987524,
      "min_s": 30.568736894987524,
      "max_s": 30.568736894987524
    },
    "sampling_phase_time_s": {
      "count": 710,
      "total_s": 25.18641213560477,
      "mean_s": 0.03547381990930249,
      "p50_s": 0.03410670696757734,
      "p90_s": 0.03910160916857421,
      "p99_s": 0.04746696403250092,
      "min_s": 0.025244554970413446,
      "max_s": 0.23954668221995234
    },
    "training_phase_time_s": {
      "count": 710,
      "total_s": 4.058435063809156,
      "mean_s": 0.005716105723674868,
      "p50_s": 0.005703282076865435,
      "p90_s": 0.006369334133341909,
      "p99_s": 0.00731900103855878,
      "min_s": 0.004712210968136787,
      "max_s": 0.012838989961892366
    },
    "convergence_time_s": null,
    "converged_epoch": null,
    "avg_cpu_utilization": null,
    "final_validation_accuracy": 0.4780000145426662,
    "best_validation_accuracy": 0.4780000145426662,
    "time_to_first_validation_accuracy_s": 32.0184568031691,
    "time_to_best_accuracy_s": 32.0184568031691,
    "final_validation_loss": 1.9480020999908447,
    "best_validation_loss": 1.9480020999908447,
    "time_to_best_loss_s": 32.018465475179255,
    "final_test_accuracy": 0.4460000130227478,
    "best_test_accuracy": 0.4460000130227478,
    "time_to_best_test_accuracy_s": 32.30821594921872,
    "remote_feature_latency_s": {
      "count": 718,
      "total_s": 10.020534112118185,
      "mean_s": 0.013956175643618642,
      "p50_s": 0.013713710941374302,
      "p90_s": 0.01634624125435949,
      "p99_s": 0.01891228068154305,
      "min_s": 0.006045518908649683,
      "max_s": 0.020092135295271873
    },
    "remote_feature_total_s": 10.020534112118185,
    "cache_hits": 718,
    "cache_misses": 718,
    "cache_hit_rate": 0.5,
    "validation_time_s": {
      "count": 1,
      "total_s": 0.28376084472984076,
      "mean_s": 0.28376084472984076,
      "p50_s": 0.28376084472984076,
      "p90_s": 0.28376084472984076,
      "p99_s": 0.28376084472984076,
      "min_s": 0.28376084472984076,
      "max_s": 0.28376084472984076
    },
    "saving_weights_time_s": {
      "count": 1,
      "total_s": 7.638707756996155e-06,
      "mean_s": 7.638707756996155e-06,
      "p50_s": 7.638707756996155e-06,
      "p90_s": 7.638707756996155e-06,
      "p99_s": 7.638707756996155e-06,
      "min_s": 7.638707756996155e-06,
      "max_s": 7.638707756996155e-06
    },
    "batch_train_loss_mean": 2.4305033742542,
    "avg_batch_nodes": 1395.0,
    "avg_batch_edges": 1463.0521126760564,
    "avg_seed_node_ratio": 0.09258841218474358,
    "topo_query_sent_ms": null,
    "topo_first_record_ms": null,
    "topo_transfer_ms": null,
    "topo_etl_ms": 0.7238936270677944,
    "feat_x_query_sent_ms": null,
    "feat_x_first_record_ms": null,
    "feat_x_transfer_ms": null,
    "feat_x_etl_ms": 1.53148406467979,
    "feat_x_etl_parse_ms": null,
    "feat_y_query_sent_ms": null,
    "feat_y_first_record_ms": null,
    "feat_y_transfer_ms": null,
    "feat_y_etl_ms": null,
    "network_baseline_ms": 11.08371783346249,
    "avg_feat_bytes": 713808.5793871867,
    "sampler_avg_db_exec_time_ms": 0,
    "sampler_avg_network_transfer_ms": 8.637883008356546,
    "sampler_avg_driver_overhead_ms": 11.08371783346249,
    "sampler_avg_result_consumed_after_ms": 8.637883008356546,
    "sampler_avg_result_available_after_ms": 0.5501392757660167,
    "sampler_avg_client_wall_time_ms": 11.08371783346249,
    "sampler_avg_query_startup_ms": 0.5501392757660167,
    "sampler_avg_exec_serialize_ms": 8.08774373259053,
    "sampler_avg_client_recv_ms": 2.445834825105944,
    "feat_x_avg_db_exec_time_ms": 0,
    "feat_x_avg_network_transfer_ms": 10.998607242339833,
    "feat_x_avg_driver_overhead_ms": 13.638677539869438,
    "feat_x_avg_result_consumed_after_ms": 10.998607242339833,
    "feat_x_avg_result_available_after_ms": 0.7729805013927576,
    "feat_x_avg_client_wall_time_ms": 13.638677539869438,
    "feat_x_avg_query_startup_ms": 0.7729805013927576,
    "feat_x_avg_exec_serialize_ms": 10.225626740947076,
    "feat_x_avg_client_recv_ms": 2.640070297529604,
    "topo_fetch_ms": 11.08371783346249
  }
}