{
  "sampler": {
    "plan_meta": {},
    "global": {
      "sample_count": 1538,
      "avg_client_wall_time_ms": 58.18229320402147,
      "avg_result_available_after_ms": 0.5110533159947984,
      "avg_result_consumed_after_ms": 52.33224967490247,
      "avg_profile_total_time_ms": 0.0,
      "avg_global_memory_bytes": 0.0,
      "avg_root_rows": 0.0,
      "avg_root_db_hits": 0.0,
      "avg_page_cache_hits": 0.0,
      "avg_page_cache_misses": 0.0,
      "avg_db_exec_time_ms": 0,
      "avg_network_transfer_ms": 52.33224967490247,
      "avg_driver_overhead_ms": 58.18229320402147,
      "avg_query_startup_ms": 0.5110533159947984,
      "avg_exec_serialize_ms": 51.82119635890767,
      "avg_client_recv_ms": 5.850043529118999
    },
    "operators": [],
    "top_by_time_ms": [],
    "top_by_db_hits": [],
    "top_by_memory_bytes": []
  },
  "feat_x": {
    "plan_meta": {},
    "global": {
      "sample_count": 1538,
      "avg_client_wall_time_ms": 338.01682591280854,
      "avg_result_available_after_ms": 1.5162548764629389,
      "avg_result_consumed_after_ms": 66.14954486345904,
      "avg_profile_total_time_ms": 0.0,
      "avg_global_memory_bytes": 0.0,
      "avg_root_rows": 0.0,
      "avg_root_db_hits": 0.0,
      "avg_page_cache_hits": 0.0,
      "avg_page_cache_misses": 0.0,
      "avg_db_exec_time_ms": 0,
      "avg_network_transfer_ms": 66.14954486345904,
      "avg_driver_overhead_ms": 338.01682591280854,
      "avg_query_startup_ms": 1.5162548764629389,
      "avg_exec_serialize_ms": 64.6332899869961,
      "avg_client_recv_ms": 271.8672810493495
    },
    "operators": [],
    "top_by_time_ms": [],
    "top_by_db_hits": [],
    "top_by_memory_bytes": []
  },
  "subphase_metrics": {
    "throughput_samples_per_s": 237.2843269365242,
    "epoch_time_s": {
      "count": 1,
      "total_s": 829.132188630756,
      "mean_s": 829.132188630756,
      "p50_s": 829.132188630756,
      "p90_s": 829.132188630756,
      "p99_s": 829.132188630756,
      "min_s": 829.132188630756,
      "max_s": 829.132188630756
    },
    "sampling_phase_time_s": {
      "count": 1536,
      "total_s": 798.980761453975,
      "mean_s": 0.5201697665715983,
      "p50_s": 0.45939485915005207,
      "p90_s": 0.6797066833823919,
      "p99_s": 0.7513708944432441,
      "min_s": 0.4321203837171197,
      "max_s": 0.8002217747271061
    },
    "training_phase_time_s": {
      "count": 1536,
      "total_s": 11.803182838950306,
      "mean_s": 0.007684363827441605,
      "p50_s": 0.007629552856087685,
      "p90_s": 0.00803318154066801,
      "p99_s": 0.00985249851364643,
      "min_s": 0.006405533757060766,
      "max_s": 0.014519739896059036
    },
    "convergence_time_s": null,
    "converged_epoch": null,
    "avg_cpu_utilization": null,
    "final_validation_accuracy": 1.0,
    "best_validation_accuracy": 1.0,
    "time_to_first_validation_accuracy_s": 832.6127579337917,
    "time_to_best_accuracy_s": 832.6127579337917,
    "final_validation_loss": 0.4985998272895813,
    "best_validation_loss": 0.4985998272895813,
    "time_to_best_loss_s": 832.6127647301182,
    "final_test_accuracy": 0.69,
    "best_test_accuracy": 0.69,
    "time_to_best_test_accuracy_s": 833.6688835290261,
    "remote_feature_latency_s": {
      "count": 1538,
      "total_s": 520.1158223664388,
      "mean_s": 0.33817673755945304,
      "p50_s": 0.2990970965474844,
      "p90_s": 0.49815495880320665,
      "p99_s": 0.5787801469396797,
      "min_s": 0.004216962959617376,
      "max_s": 0.6280750841833651
    },
    "remote_feature_total_s": 520.1158223664388,
    "cache_hits": 1538,
    "cache_misses": 1538,
    "cache_hit_rate": 0.5,
    "validation_time_s": {
      "count": 1,
      "total_s": 0.6799273821525276,
      "mean_s": 0.6799273821525276,
      "p50_s": 0.6799273821525276,
      "p90_s": 0.6799273821525276,
      "p99_s": 0.6799273821525276,
      "min_s": 0.6799273821525276,
      "max_s": 0.6799273821525276
    },
    "saving_weights_time_s": {
      "count": 1,
      "total_s": 7.13299959897995e-06,
      "mean_s": 7.13299959897995e-06,
      "p50_s": 7.13299959897995e-06,
      "p90_s": 7.13299959897995e-06,
      "p99_s": 7.13299959897995e-06,
      "min_s": 7.13299959897995e-06,
      "max_s": 7.13299959897995e-06
    },
    "batch_train_loss_mean": 0.787121802898279,
    "avg_batch_nodes": 7179.407552083333,
    "avg_batch_edges": 7584.176432291667,
    "avg_seed_node_ratio": 0.017830114743371744,
    "topo_query_sent_ms": null,
    "topo_first_record_ms": null,
    "topo_transfer_ms": null,
    "topo_etl_ms": 3.45757546663885,
    "feat_x_query_sent_ms": null,
    "feat_x_first_record_ms": null,
    "feat_x_transfer_ms": null,
    "feat_x_etl_ms": 8.093082573402901,
    "feat_x_etl_parse_ms": 102.76906558534104,
    "feat_y_query_sent_ms": null,
    "feat_y_first_record_ms": null,
    "feat_y_transfer_ms": null,
    "feat_y_etl_ms": null,
    "network_baseline_ms": 58.18229320402147,
    "avg_feat_bytes": 2869157.6072821845,
    "sampler_avg_db_exec_time_ms": 0,
    "sampler_avg_network_transfer_ms": 52.33224967490247,
    "sampler_avg_driver_overhead_ms": 58.18229320402147,
    "sampler_avg_result_consumed_after_ms": 52.33224967490247,
    "sampler_avg_result_available_after_ms": 0.5110533159947984,
    "sampler_avg_client_wall_time_ms": 58.18229320402147,
    "sampler_avg_query_startup_ms": 0.5110533159947984,
    "sampler_avg_exec_serialize_ms": 51.82119635890767,
    "sampler_avg_client_recv_ms": 5.850043529118999,
    "feat_x_avg_db_exec_time_ms": 0,
    "feat_x_avg_network_transfer_ms": 66.14954486345904,
    "feat_x_avg_driver_overhead_ms": 338.01682591280854,
    "feat_x_avg_result_consumed_after_ms": 66.14954486345904,
    "feat_x_avg_result_available_after_ms": 1.5162548764629389,
    "feat_x_avg_client_wall_time_ms": 338.01682591280854,
    "feat_x_avg_query_startup_ms": 1.5162548764629389,
    "feat_x_avg_exec_serialize_ms": 64.6332899869961,
    "feat_x_avg_client_recv_ms": 271.8672810493495,
    "topo_fetch_ms": 58.18229320402147
  }
}