{
  "run": {
    "csv": "/Users/victorpekkari/Desktop/neo4j-mpgnn-thesis/experiment_results/results/run_0_2026-03-30/baseline_neo4j/run_0/measurements.csv",
    "runtime_s": 16.15200595802162,
    "training_time_s": 14.781768042012118,
    "epochs_completed": 90,
    "batches_seen": 360,
    "nbr_training_datapoints": 140.0
  },
  "metrics": {
    "throughput_samples_per_s": 852.4014153238511,
    "epoch_time_s": {
      "count": 90,
      "total_s": 12.79137875372544,
      "mean_s": 0.14212643059694932,
      "p50_s": 0.064959937997628,
      "p90_s": 0.07115144148701802,
      "p99_s": 3.2690715371037364,
      "min_s": 0.05818341695703566,
      "max_s": 3.6897262920392677
    },
    "sampling_phase_time_s": {
      "count": 360,
      "total_s": 11.288362543447874,
      "mean_s": 0.03135656262068854,
      "p50_s": 0.014488791464827955,
      "p90_s": 0.017534038110170513,
      "p99_s": 0.6907705063023608,
      "min_s": 0.011419416987337172,
      "max_s": 1.236619499977678
    },
    "training_phase_time_s": {
      "count": 360,
      "total_s": 1.3301090860040858,
      "mean_s": 0.0036947474611224605,
      "p50_s": 0.001386813004501164,
      "p90_s": 0.001545271172653884,
      "p99_s": 0.10429741574684163,
      "min_s": 0.0011069579049944878,
      "max_s": 0.12696404207963496
    },
    "convergence_time_s": null,
    "converged_epoch": null,
    "avg_cpu_utilization": null,
    "final_validation_accuracy": 0.82,
    "best_validation_accuracy": 0.85,
    "time_to_first_validation_accuracy_s": 3.80790725001134,
    "time_to_best_accuracy_s": 13.139541832963005,
    "final_validation_loss": 0.6634755730628967,
    "best_validation_loss": 0.6634755730628967,
    "time_to_best_loss_s": 16.151995333028026,
    "final_test_accuracy": 0.7760000233578592,
    "best_test_accuracy": 0.7760000233578592,
    "time_to_best_test_accuracy_s": 16.466393957962282,
    "remote_feature_latency_s": {
      "count": 454,
      "total_s": 10.135734496987425,
      "mean_s": 0.02232540638102957,
      "p50_s": 0.009302249527536333,
      "p90_s": 0.019097587338183074,
      "p99_s": 0.6293206550204195,
      "min_s": 0.007090916973538697,
      "max_s": 0.7492085000267252
    },
    "remote_feature_total_s": 10.135734496987425,
    "cache_hits": 454,
    "cache_misses": 454,
    "cache_hit_rate": 0.5,
    "validation_time_s": {
      "count": 90,
      "total_s": 3.2951007421361282,
      "mean_s": 0.0366122304681792,
      "p50_s": 0.03538102051243186,
      "p90_s": 0.04082282914314419,
      "p99_s": 0.052029420520411804,
      "min_s": 0.03295570891350508,
      "max_s": 0.053450083010829985
    },
    "saving_weights_time_s": {
      "count": 58,
      "total_s": 0.00013541604857891798,
      "mean_s": 2.3347594582572064e-06,
      "p50_s": 2.2085150703787804e-06,
      "p90_s": 2.7748639695346357e-06,
      "p99_s": 6.365182343870401e-06,
      "min_s": 1.4579854905605316e-06,
      "max_s": 7.1249669417738914e-06
    },
    "batch_train_loss_mean": 0.6674252881565028,
    "avg_batch_nodes": 356.3666666666667,
    "avg_batch_edges": 569.0,
    "avg_seed_node_ratio": 0.08493965800147556,
    "topo_query_sent_ms": null,
    "topo_first_record_ms": null,
    "topo_transfer_ms": null,
    "topo_etl_ms": 0.17996207889916155,
    "feat_x_query_sent_ms": null,
    "feat_x_first_record_ms": null,
    "feat_x_transfer_ms": null,
    "feat_x_etl_ms": 0.4364157217095241,
    "feat_x_etl_parse_ms": 2.143630059179542,
    "feat_y_query_sent_ms": null,
    "feat_y_first_record_ms": null,
    "feat_y_transfer_ms": null,
    "feat_y_etl_ms": null,
    "network_baseline_ms": 5.932433358373096,
    "sampler_avg_db_exec_time_ms": 0,
    "sampler_avg_network_transfer_ms": 3.5066079295154187,
    "sampler_avg_driver_overhead_ms": 5.932433358373096,
    "sampler_avg_result_consumed_after_ms": 3.5066079295154187,
    "sampler_avg_result_available_after_ms": 1.5726872246696035,
    "sampler_avg_client_wall_time_ms": 5.932433358373096,
    "sampler_avg_query_startup_ms": 1.5726872246696035,
    "sampler_avg_exec_serialize_ms": 1.9339207048458151,
    "sampler_avg_client_recv_ms": 2.4258254288576775,
    "feat_x_avg_db_exec_time_ms": 0,
    "feat_x_avg_network_transfer_ms": 1.3392070484581498,
    "feat_x_avg_driver_overhead_ms": 22.277233998049134,
    "feat_x_avg_result_consumed_after_ms": 1.3392070484581498,
    "feat_x_avg_result_available_after_ms": 0.15859030837004406,
    "feat_x_avg_client_wall_time_ms": 22.277233998049134,
    "feat_x_avg_query_startup_ms": 0.15859030837004406,
    "feat_x_avg_exec_serialize_ms": 1.1806167400881056,
    "feat_x_avg_client_recv_ms": 20.938026949590984,
    "topo_fetch_ms": 5.932433358373096
  },
  "notes": [
    "GPU/CPU utilization and explicit DB write/query timings are not in the Measurer CSV (unless you log them); this parser will report None for those.",
    "throughput_samples_per_s assumes nbr_training_datapoints is per-epoch; if it's total across training, remove the * epochs_completed multiplier.",
    "remote_feature_total_s is a proxy for time spent waiting on remote feature reads (DB reads)."
  ]
}