{
  "run": {
    "csv": "/Users/victorpekkari/Desktop/neo4j-mpgnn-thesis/experiment_results/sampler_comparison/comparison_6/OldNeighborSampler/run_1/measurements.csv",
    "runtime_s": 54.85952525000903,
    "training_time_s": 54.430174625013024,
    "epochs_completed": 100,
    "batches_seen": 400,
    "nbr_training_datapoints": 140.0
  },
  "metrics": {
    "throughput_samples_per_s": 257.21027162691473,
    "epoch_time_s": {
      "count": 100,
      "total_s": 17.955104869091883,
      "mean_s": 0.17955104869091884,
      "p50_s": 0.17798043751099613,
      "p90_s": 0.18811783718992955,
      "p99_s": 0.20285102324996854,
      "min_s": 0.16316858399659395,
      "max_s": 0.223230791016249
    },
    "sampling_phase_time_s": {
      "count": 400,
      "total_s": 17.374108610791154,
      "mean_s": 0.04343527152697788,
      "p50_s": 0.04441147900070064,
      "p90_s": 0.04779001279675867,
      "p99_s": 0.0517992624946055,
      "min_s": 0.02964475000044331,
      "max_s": 0.09015124998404644
    },
    "training_phase_time_s": {
      "count": 400,
      "total_s": 0.5692726351262536,
      "mean_s": 0.001423181587815634,
      "p50_s": 0.0014210000081220642,
      "p90_s": 0.0017057244142051787,
      "p99_s": 0.001858872835873626,
      "min_s": 0.0010121669911313802,
      "max_s": 0.0022765410249121487
    },
    "convergence_time_s": null,
    "converged_epoch": null,
    "avg_cpu_utilization": 14.623636363636365,
    "final_validation_accuracy": 0.7640000232342692,
    "best_validation_accuracy": 0.784000023531529,
    "time_to_first_validation_accuracy_s": 0.5621285420202184,
    "time_to_best_accuracy_s": 43.632319541997276,
    "final_validation_loss": 0.874851405620575,
    "best_validation_loss": 0.8621764183044434,
    "time_to_best_loss_s": 50.31971537499339,
    "final_test_accuracy": 0.7840000235090225,
    "best_test_accuracy": 0.7840000235090225,
    "time_to_best_test_accuracy_s": 55.51728212501621,
    "remote_feature_latency_s": {
      "count": 1208,
      "total_s": 22.472309889213648,
      "mean_s": 0.018602905537428518,
      "p50_s": 0.010262103998684324,
      "p90_s": 0.03688331680605188,
      "p99_s": 0.03968564019014595,
      "min_s": 0.0065999159996863455,
      "max_s": 0.10865812498377636
    },
    "remote_feature_total_s": 22.472309889213648,
    "cache_hits": 1208,
    "cache_misses": 1208,
    "cache_hit_rate": 0.5,
    "validation_time_s": {
      "count": 100,
      "total_s": 36.894923372077756,
      "mean_s": 0.36894923372077754,
      "p50_s": 0.36371843749657273,
      "p90_s": 0.3800009208032861,
      "p99_s": 0.43186824717500727,
      "min_s": 0.3511671249871142,
      "max_s": 0.4562756250088569
    },
    "saving_weights_time_s": {
      "count": 68,
      "total_s": 0.00016628901357762516,
      "mean_s": 2.4454266702591937e-06,
      "p50_s": 2.3955071810632944e-06,
      "p90_s": 2.7912959922105073e-06,
      "p99_s": 5.465111753437665e-06,
      "min_s": 1.6660196706652641e-06,
      "max_s": 6.916990969330072e-06
    },
    "batch_train_loss_mean": 0.5489842999447138,
    "avg_batch_nodes": 354.81,
    "avg_batch_edges": 567.775,
    "avg_seed_node_ratio": 0.08554882329311159,
    "topo_query_sent_ms": 0.9423581392208226,
    "topo_first_record_ms": 8.498936951787224,
    "topo_transfer_ms": 34.873128978790724,
    "topo_etl_ms": 0.2892265558980609,
    "feat_x_query_sent_ms": null,
    "feat_x_first_record_ms": null,
    "feat_x_transfer_ms": null,
    "feat_x_etl_ms": 2.4253226291339702,
    "feat_y_query_sent_ms": null,
    "feat_y_first_record_ms": null,
    "feat_y_transfer_ms": null,
    "feat_y_etl_ms": 1.568379093405624,
    "network_baseline_ms": null
  },
  "notes": [
    "GPU/CPU utilization and explicit DB write/query timings are not in the Measurer CSV (unless you log them); this parser will report None for those.",
    "throughput_samples_per_s assumes nbr_training_datapoints is per-epoch; if it's total across training, remove the * epochs_completed multiplier.",
    "remote_feature_total_s is a proxy for time spent waiting on remote feature reads (DB reads)."
  ]
}