{
  "sampler": {
    "plan_meta": {},
    "global": {
      "sample_count": 9431,
      "avg_client_wall_time_ms": 16.674620091564368,
      "avg_result_available_after_ms": 0.5950588484784223,
      "avg_result_consumed_after_ms": 12.055349379705227,
      "avg_profile_total_time_ms": 0.0,
      "avg_global_memory_bytes": 0.0,
      "avg_root_rows": 0.0,
      "avg_root_db_hits": 0.0,
      "avg_page_cache_hits": 0.0,
      "avg_page_cache_misses": 0.0,
      "avg_db_exec_time_ms": 0,
      "avg_network_transfer_ms": 12.055349379705227,
      "avg_driver_overhead_ms": 16.674620091564368,
      "avg_query_startup_ms": 0.5950588484784223,
      "avg_exec_serialize_ms": 11.460290531226805,
      "avg_client_recv_ms": 4.619270711859141
    },
    "operators": [],
    "top_by_time_ms": [],
    "top_by_db_hits": [],
    "top_by_memory_bytes": []
  },
  "feat_x": {
    "plan_meta": {},
    "global": {
      "sample_count": 9431,
      "avg_client_wall_time_ms": 41.58679356374097,
      "avg_result_available_after_ms": 1.2351818470999893,
      "avg_result_consumed_after_ms": 37.91729403032552,
      "avg_profile_total_time_ms": 0.0,
      "avg_global_memory_bytes": 0.0,
      "avg_root_rows": 0.0,
      "avg_root_db_hits": 0.0,
      "avg_page_cache_hits": 0.0,
      "avg_page_cache_misses": 0.0,
      "avg_db_exec_time_ms": 0,
      "avg_network_transfer_ms": 37.91729403032552,
      "avg_driver_overhead_ms": 41.58679356374097,
      "avg_query_startup_ms": 1.2351818470999893,
      "avg_exec_serialize_ms": 36.682112183225534,
      "avg_client_recv_ms": 3.669499533415447
    },
    "operators": [],
    "top_by_time_ms": [],
    "top_by_db_hits": [],
    "top_by_memory_bytes": []
  },
  "subphase_metrics": {
    "throughput_samples_per_s": 1175.8273898025395,
    "epoch_time_s": {
      "count": 1,
      "total_s": 1026.9112798273563,
      "mean_s": 1026.9112798273563,
      "p50_s": 1026.9112798273563,
      "p90_s": 1026.9112798273563,
      "p99_s": 1026.9112798273563,
      "min_s": 1026.9112798273563,
      "max_s": 1026.9112798273563
    },
    "sampling_phase_time_s": {
      "count": 9431,
      "total_s": 646.5320046367124,
      "mean_s": 0.06855391842187598,
      "p50_s": 0.06658824067562819,
      "p90_s": 0.07388970535248518,
      "p99_s": 0.09173469655215746,
      "min_s": 0.04794705845415592,
      "max_s": 0.49448038544505835
    },
    "training_phase_time_s": {
      "count": 9431,
      "total_s": 334.96802352461964,
      "mean_s": 0.03551776307121404,
      "p50_s": 0.03968612849712372,
      "p90_s": 0.05156088341027498,
      "p99_s": 0.059007067698985345,
      "min_s": 0.00840086117386818,
      "max_s": 0.06466459203511477
    },
    "convergence_time_s": null,
    "converged_epoch": null,
    "avg_cpu_utilization": null,
    "final_validation_accuracy": 0.0,
    "best_validation_accuracy": 0.0,
    "time_to_first_validation_accuracy_s": 1113.7155553279445,
    "time_to_best_accuracy_s": 1113.7155553279445,
    "final_validation_loss": 0.0,
    "best_validation_loss": 0.0,
    "time_to_best_loss_s": 1113.715566528961,
    "final_test_accuracy": 0.0,
    "best_test_accuracy": 0.0,
    "time_to_best_test_accuracy_s": 1144.6240087570623,
    "remote_feature_latency_s": {
      "count": 9431,
      "total_s": 393.4974501924589,
      "mean_s": 0.041723831003335696,
      "p50_s": 0.04129399824887514,
      "p90_s": 0.04631233308464289,
      "p99_s": 0.05756235765293241,
      "min_s": 0.02864365093410015,
      "max_s": 0.1456938786432147
    },
    "remote_feature_total_s": 393.4974501924589,
    "cache_hits": 9431,
    "cache_misses": 9431,
    "cache_hit_rate": 0.5,
    "validation_time_s": {
      "count": 1,
      "total_s": 36.48155280761421,
      "mean_s": 36.48155280761421,
      "p50_s": 36.48155280761421,
      "p90_s": 36.48155280761421,
      "p99_s": 36.48155280761421,
      "min_s": 36.48155280761421,
      "max_s": 36.48155280761421
    },
    "saving_weights_time_s": {
      "count": 1,
      "total_s": 1.9935891032218933e-05,
      "mean_s": 1.9935891032218933e-05,
      "p50_s": 1.9935891032218933e-05,
      "p90_s": 1.9935891032218933e-05,
      "p99_s": 1.9935891032218933e-05,
      "min_s": 1.9935891032218933e-05,
      "max_s": 1.9935891032218933e-05
    },
    "batch_train_loss_mean": 1.7393962364284752,
    "avg_batch_nodes": 2765.287244194677,
    "avg_batch_edges": 2862.4277383098292,
    "avg_seed_node_ratio": 0.04655580485802883,
    "topo_query_sent_ms": null,
    "topo_first_record_ms": null,
    "topo_transfer_ms": null,
    "topo_etl_ms": 1.798050419738817,
    "feat_x_query_sent_ms": null,
    "feat_x_first_record_ms": null,
    "feat_x_transfer_ms": null,
    "feat_x_etl_ms": 3.624019115355864,
    "feat_x_etl_parse_ms": null,
    "feat_y_query_sent_ms": null,
    "feat_y_first_record_ms": null,
    "feat_y_transfer_ms": null,
    "feat_y_etl_ms": null,
    "network_baseline_ms": 16.674620091564368,
    "avg_feat_bytes": 1415827.0690276746,
    "sampler_avg_db_exec_time_ms": 0,
    "sampler_avg_network_transfer_ms": 12.055349379705227,
    "sampler_avg_driver_overhead_ms": 16.674620091564368,
    "sampler_avg_result_consumed_after_ms": 12.055349379705227,
    "sampler_avg_result_available_after_ms": 0.5950588484784223,
    "sampler_avg_client_wall_time_ms": 16.674620091564368,
    "sampler_avg_query_startup_ms": 0.5950588484784223,
    "sampler_avg_exec_serialize_ms": 11.460290531226805,
    "sampler_avg_client_recv_ms": 4.619270711859141,
    "feat_x_avg_db_exec_time_ms": 0,
    "feat_x_avg_network_transfer_ms": 37.91729403032552,
    "feat_x_avg_driver_overhead_ms": 41.58679356374097,
    "feat_x_avg_result_consumed_after_ms": 37.91729403032552,
    "feat_x_avg_result_available_after_ms": 1.2351818470999893,
    "feat_x_avg_client_wall_time_ms": 41.58679356374097,
    "feat_x_avg_query_startup_ms": 1.2351818470999893,
    "feat_x_avg_exec_serialize_ms": 36.682112183225534,
    "feat_x_avg_client_recv_ms": 3.669499533415447,
    "topo_fetch_ms": 16.674620091564368
  }
}