{
  "sampler": {
    "plan_meta": {},
    "global": {
      "sample_count": 403,
      "avg_client_wall_time_ms": 33.94322257105344,
      "avg_result_available_after_ms": 1.3647642679900744,
      "avg_result_consumed_after_ms": 23.364764267990076,
      "avg_profile_total_time_ms": 0.0,
      "avg_global_memory_bytes": 0.0,
      "avg_root_rows": 0.0,
      "avg_root_db_hits": 0.0,
      "avg_page_cache_hits": 0.0,
      "avg_page_cache_misses": 0.0,
      "avg_db_exec_time_ms": 0,
      "avg_network_transfer_ms": 23.364764267990076,
      "avg_driver_overhead_ms": 33.94322257105344,
      "avg_query_startup_ms": 1.3647642679900744,
      "avg_exec_serialize_ms": 22.0,
      "avg_client_recv_ms": 10.578458303063364
    },
    "operators": [],
    "top_by_time_ms": [],
    "top_by_db_hits": [],
    "top_by_memory_bytes": []
  },
  "feat_x": {
    "plan_meta": {},
    "global": {
      "sample_count": 403,
      "avg_client_wall_time_ms": 9032.258718126632,
      "avg_result_available_after_ms": 2.2903225806451615,
      "avg_result_consumed_after_ms": 931.9503722084368,
      "avg_profile_total_time_ms": 0.0,
      "avg_global_memory_bytes": 0.0,
      "avg_root_rows": 0.0,
      "avg_root_db_hits": 0.0,
      "avg_page_cache_hits": 0.0,
      "avg_page_cache_misses": 0.0,
      "avg_db_exec_time_ms": 0,
      "avg_network_transfer_ms": 931.9503722084368,
      "avg_driver_overhead_ms": 9032.258718126632,
      "avg_query_startup_ms": 2.2903225806451615,
      "avg_exec_serialize_ms": 929.6600496277916,
      "avg_client_recv_ms": 8100.308345918195
    },
    "operators": [],
    "top_by_time_ms": [],
    "top_by_db_hits": [],
    "top_by_memory_bytes": []
  },
  "subphase_metrics": {
    "throughput_samples_per_s": 14.910176209604732,
    "epoch_time_s": {
      "count": 2,
      "total_s": 2315.5545722432435,
      "mean_s": 1157.7772861216217,
      "p50_s": 1157.7772861216217,
      "p90_s": 1158.4407006338238,
      "p99_s": 1158.5899688990694,
      "min_s": 1156.948017981369,
      "max_s": 1158.6065542618744
    },
    "sampling_phase_time_s": {
      "count": 322,
      "total_s": 2303.551681768615,
      "mean_s": 7.153887210461536,
      "p50_s": 7.123389689717442,
      "p90_s": 7.811516627669334,
      "p99_s": 8.271489658919165,
      "min_s": 5.490401021204889,
      "max_s": 8.82522861706093
    },
    "training_phase_time_s": {
      "count": 322,
      "total_s": 7.9677450633607805,
      "mean_s": 0.024744549886213604,
      "p50_s": 0.024656215216964483,
      "p90_s": 0.02653426076285541,
      "p99_s": 0.028601359645836065,
      "min_s": 0.021129418164491653,
      "max_s": 0.03872588975355029
    },
    "convergence_time_s": null,
    "converged_epoch": null,
    "avg_cpu_utilization": null,
    "final_validation_accuracy": 0.9582487606118272,
    "best_validation_accuracy": 0.9582487606118272,
    "time_to_first_validation_accuracy_s": 1627.0538327470422,
    "time_to_best_accuracy_s": 3251.7483130460605,
    "final_validation_loss": 0.1478460729122162,
    "best_validation_loss": 0.1478460729122162,
    "time_to_best_loss_s": 3251.748326025903,
    "final_test_accuracy": 0.9501448850582552,
    "best_test_accuracy": 0.9501448850582552,
    "time_to_best_test_accuracy_s": 3722.720293663908,
    "remote_feature_latency_s": {
      "count": 403,
      "total_s": 3640.058735256549,
      "mean_s": 9.032403809569601,
      "p50_s": 7.1555206989869475,
      "p90_s": 17.03967610662803,
      "p99_s": 18.63441347034648,
      "min_s": 5.360191585030407,
      "max_s": 18.853211345616728
    },
    "remote_feature_total_s": 3640.058735256549,
    "cache_hits": 403,
    "cache_misses": 403,
    "cache_hit_rate": 0.5,
    "validation_time_s": {
      "count": 2,
      "total_s": 935.7661948087625,
      "mean_s": 467.88309740438126,
      "p50_s": 467.88309740438126,
      "p90_s": 467.9924445479643,
      "p99_s": 468.01704765527046,
      "min_s": 467.7464134749025,
      "max_s": 468.01978133386
    },
    "saving_weights_time_s": {
      "count": 2,
      "total_s": 2.306979149580002e-05,
      "mean_s": 1.153489574790001e-05,
      "p50_s": 1.153489574790001e-05,
      "p90_s": 1.4207791537046432e-05,
      "p99_s": 1.4809193089604378e-05,
      "min_s": 8.19377601146698e-06,
      "max_s": 1.4876015484333038e-05
    },
    "batch_train_loss_mean": 0.23938330047711823,
    "avg_batch_nodes": 7542.357142857143,
    "avg_batch_edges": 13948.490683229813,
    "avg_seed_node_ratio": 0.016999383185181537,
    "topo_query_sent_ms": null,
    "topo_first_record_ms": null,
    "topo_transfer_ms": null,
    "topo_etl_ms": 6.747845165135695,
    "feat_x_query_sent_ms": null,
    "feat_x_first_record_ms": null,
    "feat_x_transfer_ms": null,
    "feat_x_etl_ms": 102.74458750181141,
    "feat_x_etl_parse_ms": null,
    "feat_y_query_sent_ms": null,
    "feat_y_first_record_ms": null,
    "feat_y_transfer_ms": null,
    "feat_y_etl_ms": null,
    "network_baseline_ms": 33.94322257105344,
    "avg_feat_bytes": 285770727.24565756,
    "sampler_avg_db_exec_time_ms": 0,
    "sampler_avg_network_transfer_ms": 23.364764267990076,
    "sampler_avg_driver_overhead_ms": 33.94322257105344,
    "sampler_avg_result_consumed_after_ms": 23.364764267990076,
    "sampler_avg_result_available_after_ms": 1.3647642679900744,
    "sampler_avg_client_wall_time_ms": 33.94322257105344,
    "sampler_avg_query_startup_ms": 1.3647642679900744,
    "sampler_avg_exec_serialize_ms": 22.0,
    "sampler_avg_client_recv_ms": 10.578458303063364,
    "feat_x_avg_db_exec_time_ms": 0,
    "feat_x_avg_network_transfer_ms": 931.9503722084368,
    "feat_x_avg_driver_overhead_ms": 9032.258718126632,
    "feat_x_avg_result_consumed_after_ms": 931.9503722084368,
    "feat_x_avg_result_available_after_ms": 2.2903225806451615,
    "feat_x_avg_client_wall_time_ms": 9032.258718126632,
    "feat_x_avg_query_startup_ms": 2.2903225806451615,
    "feat_x_avg_exec_serialize_ms": 929.6600496277916,
    "feat_x_avg_client_recv_ms": 8100.308345918195,
    "topo_fetch_ms": 33.94322257105344
  }
}