{
  "sampler": {
    "plan_meta": {},
    "global": {
      "sample_count": 6146,
      "avg_client_wall_time_ms": 41.37180184913945,
      "avg_result_available_after_ms": 0.5346566872762772,
      "avg_result_consumed_after_ms": 33.23055645948585,
      "avg_profile_total_time_ms": 0.0,
      "avg_global_memory_bytes": 0.0,
      "avg_root_rows": 0.0,
      "avg_root_db_hits": 0.0,
      "avg_page_cache_hits": 0.0,
      "avg_page_cache_misses": 0.0,
      "avg_db_exec_time_ms": 0,
      "avg_network_transfer_ms": 33.23055645948585,
      "avg_driver_overhead_ms": 41.37180184913945,
      "avg_query_startup_ms": 0.5346566872762772,
      "avg_exec_serialize_ms": 32.69589977220957,
      "avg_client_recv_ms": 8.141245389653605
    },
    "operators": [],
    "top_by_time_ms": [],
    "top_by_db_hits": [],
    "top_by_memory_bytes": []
  },
  "feat_x": {
    "plan_meta": {},
    "global": {
      "sample_count": 6146,
      "avg_client_wall_time_ms": 58.33986423787832,
      "avg_result_available_after_ms": 1.5263586072242108,
      "avg_result_consumed_after_ms": 51.58037748128864,
      "avg_profile_total_time_ms": 0.0,
      "avg_global_memory_bytes": 0.0,
      "avg_root_rows": 0.0,
      "avg_root_db_hits": 0.0,
      "avg_page_cache_hits": 0.0,
      "avg_page_cache_misses": 0.0,
      "avg_db_exec_time_ms": 0,
      "avg_network_transfer_ms": 51.58037748128864,
      "avg_driver_overhead_ms": 58.33986423787832,
      "avg_query_startup_ms": 1.5263586072242108,
      "avg_exec_serialize_ms": 50.05401887406443,
      "avg_client_recv_ms": 6.7594867565896735
    },
    "operators": [],
    "top_by_time_ms": [],
    "top_by_db_hits": [],
    "top_by_memory_bytes": []
  },
  "subphase_metrics": {
    "throughput_samples_per_s": 224.4685708879201,
    "epoch_time_s": {
      "count": 1,
      "total_s": 876.1213299562223,
      "mean_s": 876.1213299562223,
      "p50_s": 876.1213299562223,
      "p90_s": 876.1213299562223,
      "p99_s": 876.1213299562223,
      "min_s": 876.1213299562223,
      "max_s": 876.1213299562223
    },
    "sampling_phase_time_s": {
      "count": 6144,
      "total_s": 748.435464147944,
      "mean_s": 0.12181566799282943,
      "p50_s": 0.11724419798702002,
      "p90_s": 0.13269994370639324,
      "p99_s": 0.17085748737677928,
      "min_s": 0.0991959497332573,
      "max_s": 0.5620349892415106
    },
    "training_phase_time_s": {
      "count": 6144,
      "total_s": 45.45665411744267,
      "mean_s": 0.0073985439644275175,
      "p50_s": 0.007418374763801694,
      "p90_s": 0.008023334480822087,
      "p99_s": 0.00943244154099375,
      "min_s": 0.006165511906147003,
      "max_s": 0.021822467911988497
    },
    "convergence_time_s": null,
    "converged_epoch": null,
    "avg_cpu_utilization": null,
    "final_validation_accuracy": 0.0,
    "best_validation_accuracy": 0.0,
    "time_to_first_validation_accuracy_s": 880.5439370162785,
    "time_to_best_accuracy_s": 880.5439370162785,
    "final_validation_loss": 1.272017240524292,
    "best_validation_loss": 1.272017240524292,
    "time_to_best_loss_s": 880.5439449171536,
    "final_test_accuracy": 0.72,
    "best_test_accuracy": 0.72,
    "time_to_best_test_accuracy_s": 881.6542508541606,
    "remote_feature_latency_s": {
      "count": 6146,
      "total_s": 359.5079983691685,
      "mean_s": 0.058494630388735515,
      "p50_s": 0.056485239416360855,
      "p90_s": 0.06654093088582158,
      "p99_s": 0.081021958612837,
      "min_s": 0.03850534278899431,
      "max_s": 0.13164902478456497
    },
    "remote_feature_total_s": 359.5079983691685,
    "cache_hits": 6146,
    "cache_misses": 6146,
    "cache_hit_rate": 0.5,
    "validation_time_s": {
      "count": 1,
      "total_s": 0.7383577399887145,
      "mean_s": 0.7383577399887145,
      "p50_s": 0.7383577399887145,
      "p90_s": 0.7383577399887145,
      "p99_s": 0.7383577399887145,
      "min_s": 0.7383577399887145,
      "max_s": 0.7383577399887145
    },
    "saving_weights_time_s": {
      "count": 1,
      "total_s": 7.578171789646149e-06,
      "mean_s": 7.578171789646149e-06,
      "p50_s": 7.578171789646149e-06,
      "p90_s": 7.578171789646149e-06,
      "p99_s": 7.578171789646149e-06,
      "min_s": 7.578171789646149e-06,
      "max_s": 7.578171789646149e-06
    },
    "batch_train_loss_mean": 0.5587144640564171,
    "avg_batch_nodes": 5822.13916015625,
    "avg_batch_edges": 6818.20361328125,
    "avg_seed_node_ratio": 0.00550087321811189,
    "topo_query_sent_ms": null,
    "topo_first_record_ms": null,
    "topo_transfer_ms": null,
    "topo_etl_ms": 4.348200401824648,
    "feat_x_query_sent_ms": null,
    "feat_x_first_record_ms": null,
    "feat_x_transfer_ms": null,
    "feat_x_etl_ms": 7.942948797084282,
    "feat_x_etl_parse_ms": null,
    "feat_y_query_sent_ms": null,
    "feat_y_first_record_ms": null,
    "feat_y_transfer_ms": null,
    "feat_y_etl_ms": null,
    "network_baseline_ms": 41.37180184913945,
    "avg_feat_bytes": 2328848.551903677,
    "sampler_avg_db_exec_time_ms": 0,
    "sampler_avg_network_transfer_ms": 33.23055645948585,
    "sampler_avg_driver_overhead_ms": 41.37180184913945,
    "sampler_avg_result_consumed_after_ms": 33.23055645948585,
    "sampler_avg_result_available_after_ms": 0.5346566872762772,
    "sampler_avg_client_wall_time_ms": 41.37180184913945,
    "sampler_avg_query_startup_ms": 0.5346566872762772,
    "sampler_avg_exec_serialize_ms": 32.69589977220957,
    "sampler_avg_client_recv_ms": 8.141245389653605,
    "feat_x_avg_db_exec_time_ms": 0,
    "feat_x_avg_network_transfer_ms": 51.58037748128864,
    "feat_x_avg_driver_overhead_ms": 58.33986423787832,
    "feat_x_avg_result_consumed_after_ms": 51.58037748128864,
    "feat_x_avg_result_available_after_ms": 1.5263586072242108,
    "feat_x_avg_client_wall_time_ms": 58.33986423787832,
    "feat_x_avg_query_startup_ms": 1.5263586072242108,
    "feat_x_avg_exec_serialize_ms": 50.05401887406443,
    "feat_x_avg_client_recv_ms": 6.7594867565896735,
    "topo_fetch_ms": 41.37180184913945
  }
}