{
  "run": {
    "csv": "/home/victor.pekkari/thesis-folder/neo4j-mpgnn-thesis/experiment_results/results/run_23_2026-05-06/measurements.csv",
    "runtime_s": 76.60575401736423,
    "training_time_s": 73.9564345991239,
    "epochs_completed": 1,
    "batches_seen": 710,
    "nbr_training_datapoints": 90941.0
  },
  "metrics": {
    "throughput_samples_per_s": 1229.6563577319519,
    "epoch_time_s": {
      "count": 1,
      "total_s": 74.78447415912524,
      "mean_s": 74.78447415912524,
      "p50_s": 74.78447415912524,
      "p90_s": 74.78447415912524,
      "p99_s": 74.78447415912524,
      "min_s": 74.78447415912524,
      "max_s": 74.78447415912524
    },
    "sampling_phase_time_s": {
      "count": 710,
      "total_s": 70.1224030056037,
      "mean_s": 0.09876394789521648,
      "p50_s": 0.09274987410753965,
      "p90_s": 0.10604005120694639,
      "p99_s": 0.277278320677578,
      "min_s": 0.06923133507370949,
      "max_s": 0.8259661570191383
    },
    "training_phase_time_s": {
      "count": 710,
      "total_s": 3.4734982303343713,
      "mean_s": 0.0048922510286399596,
      "p50_s": 0.00482961512170732,
      "p90_s": 0.005119504500180483,
      "p99_s": 0.006688820347189901,
      "min_s": 0.004196627996861935,
      "max_s": 0.010799990966916084
    },
    "convergence_time_s": null,
    "converged_epoch": null,
    "avg_cpu_utilization": null,
    "final_validation_accuracy": 0.5190000158036128,
    "best_validation_accuracy": 0.5190000158036128,
    "time_to_first_validation_accuracy_s": 76.60571476537734,
    "time_to_best_accuracy_s": 76.60571476537734,
    "final_validation_loss": 1.719889998435974,
    "best_validation_loss": 1.719889998435974,
    "time_to_best_loss_s": 76.60572413727641,
    "final_test_accuracy": 0.4610000141928422,
    "best_test_accuracy": 0.4610000141928422,
    "time_to_best_test_accuracy_s": 76.78236539429054,
    "remote_feature_latency_s": {
      "count": 718,
      "total_s": 45.01775028416887,
      "mean_s": 0.06269881655176723,
      "p50_s": 0.05938211875036359,
      "p90_s": 0.06770279910415411,
      "p99_s": 0.22072827592492159,
      "min_s": 0.009193630423396826,
      "max_s": 0.39691005321219563
    },
    "remote_feature_total_s": 45.01775028416887,
    "cache_hits": 718,
    "cache_misses": 718,
    "cache_hit_rate": 0.5,
    "validation_time_s": {
      "count": 1,
      "total_s": 0.6046933266334236,
      "mean_s": 0.6046933266334236,
      "p50_s": 0.6046933266334236,
      "p90_s": 0.6046933266334236,
      "p99_s": 0.6046933266334236,
      "min_s": 0.6046933266334236,
      "max_s": 0.6046933266334236
    },
    "saving_weights_time_s": {
      "count": 1,
      "total_s": 6.9998204708099365e-06,
      "mean_s": 6.9998204708099365e-06,
      "p50_s": 6.9998204708099365e-06,
      "p90_s": 6.9998204708099365e-06,
      "p99_s": 6.9998204708099365e-06,
      "min_s": 6.9998204708099365e-06,
      "max_s": 6.9998204708099365e-06
    },
    "batch_train_loss_mean": 2.182707071136421,
    "avg_batch_nodes": 1395.2859154929577,
    "avg_batch_edges": 1462.7661971830985,
    "avg_seed_node_ratio": 0.09260320070851999,
    "topo_query_sent_ms": null,
    "topo_first_record_ms": null,
    "topo_transfer_ms": null,
    "topo_etl_ms": 0.722746710451242,
    "feat_x_query_sent_ms": null,
    "feat_x_first_record_ms": null,
    "feat_x_transfer_ms": null,
    "feat_x_etl_ms": 1.6129217648873506,
    "feat_x_etl_parse_ms": 16.332495363538147,
    "feat_y_query_sent_ms": null,
    "feat_y_first_record_ms": null,
    "feat_y_transfer_ms": null,
    "feat_y_etl_ms": null,
    "network_baseline_ms": 14.667508649590495,
    "avg_feat_bytes": 713887.0194986073,
    "sampler_avg_db_exec_time_ms": 0,
    "sampler_avg_network_transfer_ms": 11.272980501392757,
    "sampler_avg_driver_overhead_ms": 14.667508649590495,
    "sampler_avg_result_consumed_after_ms": 11.272980501392757,
    "sampler_avg_result_available_after_ms": 1.0891364902506964,
    "sampler_avg_client_wall_time_ms": 14.667508649590495,
    "sampler_avg_query_startup_ms": 1.0891364902506964,
    "sampler_avg_exec_serialize_ms": 10.18384401114206,
    "sampler_avg_client_recv_ms": 3.394528148197738,
    "feat_x_avg_db_exec_time_ms": 0,
    "feat_x_avg_network_transfer_ms": 14.782729805013927,
    "feat_x_avg_driver_overhead_ms": 62.571789908500435,
    "feat_x_avg_result_consumed_after_ms": 14.782729805013927,
    "feat_x_avg_result_available_after_ms": 0.7646239554317549,
    "feat_x_avg_client_wall_time_ms": 62.571789908500435,
    "feat_x_avg_query_startup_ms": 0.7646239554317549,
    "feat_x_avg_exec_serialize_ms": 14.018105849582172,
    "feat_x_avg_client_recv_ms": 47.789060103486506,
    "topo_fetch_ms": 14.667508649590495
  },
  "notes": [
    "GPU/CPU utilization and explicit DB write/query timings are not in the Measurer CSV (unless you log them); this parser will report None for those.",
    "throughput_samples_per_s assumes nbr_training_datapoints is per-epoch; if it's total across training, remove the * epochs_completed multiplier.",
    "remote_feature_total_s is a proxy for time spent waiting on remote feature reads (DB reads)."
  ]
}