{
  "run": {
    "csv": "/Users/victorpekkari/Desktop/neo4j-mpgnn-thesis/experiment_results/sampler_comparison/comparison_5/PyGNeighborLoader/run_0/measurements.csv",
    "runtime_s": 1.1410788749926724,
    "training_time_s": 1.1330190419976134,
    "epochs_completed": 100,
    "batches_seen": 400,
    "nbr_training_datapoints": 140.0
  },
  "metrics": {
    "throughput_samples_per_s": 12356.36779353395,
    "epoch_time_s": {
      "count": 100,
      "total_s": 0.6321927520039026,
      "mean_s": 0.0063219275200390255,
      "p50_s": 0.006341813001199625,
      "p90_s": 0.006801608015666716,
      "p99_s": 0.007632572603761221,
      "min_s": 0.005085165990749374,
      "max_s": 0.008225541998399422
    },
    "sampling_phase_time_s": {
      "count": 400,
      "total_s": 0.1323651258717291,
      "mean_s": 0.00033091281467932275,
      "p50_s": 0.00032137500238604844,
      "p90_s": 0.000408957977197133,
      "p99_s": 0.0005010450011468491,
      "min_s": 0.00022845898638479412,
      "max_s": 0.0006521670147776604
    },
    "training_phase_time_s": {
      "count": 400,
      "total_s": 0.48835296372999437,
      "mean_s": 0.001220882409324986,
      "p50_s": 0.001202478990308009,
      "p90_s": 0.0014512707915855572,
      "p99_s": 0.0016524807456880807,
      "min_s": 0.0009004170133266598,
      "max_s": 0.002798917004838586
    },
    "convergence_time_s": null,
    "converged_epoch": null,
    "avg_cpu_utilization": 22.15,
    "final_validation_accuracy": 0.7720000233241646,
    "best_validation_accuracy": 0.7900000238890347,
    "time_to_first_validation_accuracy_s": 0.014344374998472631,
    "time_to_best_accuracy_s": 1.0162621669878718,
    "final_validation_loss": 0.8546974658966064,
    "best_validation_loss": 0.8307905197143555,
    "time_to_best_loss_s": 1.1295425829885062,
    "final_test_accuracy": 0.7880000236227402,
    "best_test_accuracy": 0.7880000236227402,
    "time_to_best_test_accuracy_s": 2.035133166995365,
    "remote_feature_latency_s": {
      "count": 0,
      "total_s": 0.0,
      "mean_s": null,
      "p50_s": null,
      "p90_s": null,
      "p99_s": null,
      "min_s": null,
      "max_s": null
    },
    "remote_feature_total_s": 0.0,
    "cache_hits": 0,
    "cache_misses": 0,
    "cache_hit_rate": null,
    "validation_time_s": {
      "count": 100,
      "total_s": 0.5056067516270559,
      "mean_s": 0.005056067516270559,
      "p50_s": 0.004990937493857928,
      "p90_s": 0.005306896194815636,
      "p99_s": 0.006147913335880751,
      "min_s": 0.0043752919882535934,
      "max_s": 0.010173584014410153
    },
    "saving_weights_time_s": {
      "count": 70,
      "total_s": 0.00023416776093654335,
      "mean_s": 3.345253727664905e-06,
      "p50_s": 2.271015546284616e-06,
      "p90_s": 5.237184814177454e-06,
      "p99_s": 2.1246269752737237e-05,
      "min_s": 1.6659905668348074e-06,
      "max_s": 5.2584015065804124e-05
    },
    "batch_train_loss_mean": 0.5850323374476284,
    "avg_batch_nodes": 353.705,
    "avg_batch_edges": 569.4825,
    "avg_seed_node_ratio": 0.08588753160287067,
    "topo_query_sent_ms": null,
    "topo_first_record_ms": null,
    "topo_transfer_ms": null,
    "topo_etl_ms": null,
    "feat_x_query_sent_ms": null,
    "feat_x_first_record_ms": null,
    "feat_x_transfer_ms": null,
    "feat_x_etl_ms": null,
    "feat_y_query_sent_ms": null,
    "feat_y_first_record_ms": null,
    "feat_y_transfer_ms": null,
    "feat_y_etl_ms": null,
    "network_baseline_ms": null
  },
  "notes": [
    "GPU/CPU utilization and explicit DB write/query timings are not in the Measurer CSV (unless you log them); this parser will report None for those.",
    "throughput_samples_per_s assumes nbr_training_datapoints is per-epoch; if it's total across training, remove the * epochs_completed multiplier.",
    "remote_feature_total_s is a proxy for time spent waiting on remote feature reads (DB reads)."
  ]
}