{
  "sampler": {
    "plan_meta": {},
    "global": {
      "sample_count": 161,
      "avg_client_wall_time_ms": 41.188948776179586,
      "avg_result_available_after_ms": 1.5527950310559007,
      "avg_result_consumed_after_ms": 29.850931677018632,
      "avg_profile_total_time_ms": 0.0,
      "avg_global_memory_bytes": 0.0,
      "avg_root_rows": 0.0,
      "avg_root_db_hits": 0.0,
      "avg_page_cache_hits": 0.0,
      "avg_page_cache_misses": 0.0,
      "avg_db_exec_time_ms": 0,
      "avg_network_transfer_ms": 29.850931677018632,
      "avg_driver_overhead_ms": 41.188948776179586,
      "avg_query_startup_ms": 1.5527950310559007,
      "avg_exec_serialize_ms": 28.29813664596273,
      "avg_client_recv_ms": 11.338017099160954
    },
    "operators": [],
    "top_by_time_ms": [],
    "top_by_db_hits": [],
    "top_by_memory_bytes": []
  },
  "feat_x": {
    "plan_meta": {},
    "global": {
      "sample_count": 161,
      "avg_client_wall_time_ms": 12266.531239364944,
      "avg_result_available_after_ms": 3.0869565217391304,
      "avg_result_consumed_after_ms": 1111.888198757764,
      "avg_profile_total_time_ms": 0.0,
      "avg_global_memory_bytes": 0.0,
      "avg_root_rows": 0.0,
      "avg_root_db_hits": 0.0,
      "avg_page_cache_hits": 0.0,
      "avg_page_cache_misses": 0.0,
      "avg_db_exec_time_ms": 0,
      "avg_network_transfer_ms": 1111.888198757764,
      "avg_driver_overhead_ms": 12266.531239364944,
      "avg_query_startup_ms": 3.0869565217391304,
      "avg_exec_serialize_ms": 1108.8012422360248,
      "avg_client_recv_ms": 11154.64304060718
    },
    "operators": [],
    "top_by_time_ms": [],
    "top_by_db_hits": [],
    "top_by_memory_bytes": []
  },
  "subphase_metrics": {
    "throughput_samples_per_s": 25.470932172716637,
    "epoch_time_s": {
      "count": 2,
      "total_s": 1456.3132562176324,
      "mean_s": 728.1566281088162,
      "p50_s": 728.1566281088162,
      "p90_s": 732.0348843550776,
      "p99_s": 732.9074920104863,
      "min_s": 723.3088078009896,
      "max_s": 733.0044484166428
    },
    "sampling_phase_time_s": {
      "count": 80,
      "total_s": 1451.527417127043,
      "mean_s": 18.14409271408804,
      "p50_s": 18.17266904655844,
      "p90_s": 18.718834058614448,
      "p99_s": 18.89592890162952,
      "min_s": 17.10255581373349,
      "max_s": 18.95725689828396
    },
    "training_phase_time_s": {
      "count": 80,
      "total_s": 3.030045255087316,
      "mean_s": 0.03787556568859145,
      "p50_s": 0.036990801338106394,
      "p90_s": 0.041682383976876736,
      "p99_s": 0.0468527043238282,
      "min_s": 0.03422841802239418,
      "max_s": 0.049415391869843006
    },
    "convergence_time_s": null,
    "converged_epoch": null,
    "avg_cpu_utilization": null,
    "final_validation_accuracy": 0.9530298566322558,
    "best_validation_accuracy": 0.9530298566322558,
    "time_to_first_validation_accuracy_s": 920.9604515014216,
    "time_to_best_accuracy_s": 1829.4342916943133,
    "final_validation_loss": 0.1679765582084655,
    "best_validation_loss": 0.1679765582084655,
    "time_to_best_loss_s": 1829.4343046601862,
    "final_test_accuracy": 0.9436231462407064,
    "best_test_accuracy": 0.9436231462407064,
    "time_to_best_test_accuracy_s": 2014.0867957952432,
    "remote_feature_latency_s": {
      "count": 161,
      "total_s": 1974.9375712582842,
      "mean_s": 12.26669298918189,
      "p50_s": 7.3861513417214155,
      "p90_s": 18.28351222164929,
      "p99_s": 18.61922009438276,
      "min_s": 5.824783828109503,
      "max_s": 18.70154410460964
    },
    "remote_feature_total_s": 1974.9375712582842,
    "cache_hits": 161,
    "cache_misses": 161,
    "cache_hit_rate": 0.5,
    "validation_time_s": {
      "count": 2,
      "total_s": 372.69072856614366,
      "mean_s": 186.34536428307183,
      "p50_s": 186.34536428307183,
      "p90_s": 187.28968172729947,
      "p99_s": 187.50215315225068,
      "min_s": 185.1649674777873,
      "max_s": 187.52576108835638
    },
    "saving_weights_time_s": {
      "count": 2,
      "total_s": 3.56379896402359e-05,
      "mean_s": 1.781899482011795e-05,
      "p50_s": 1.781899482011795e-05,
      "p90_s": 2.0383857190608978e-05,
      "p99_s": 2.096095122396946e-05,
      "min_s": 1.4612916857004166e-05,
      "max_s": 2.1025072783231735e-05
    },
    "batch_train_loss_mean": 0.4589809900149703,
    "avg_batch_nodes": 12060.1,
    "avg_batch_edges": 21425.975,
    "avg_seed_node_ratio": 0.04246012296457728,
    "topo_query_sent_ms": null,
    "topo_first_record_ms": null,
    "topo_transfer_ms": null,
    "topo_etl_ms": 7.168117954008142,
    "feat_x_query_sent_ms": null,
    "feat_x_first_record_ms": null,
    "feat_x_transfer_ms": null,
    "feat_x_etl_ms": 116.74818564322054,
    "feat_x_etl_parse_ms": null,
    "feat_y_query_sent_ms": null,
    "feat_y_first_record_ms": null,
    "feat_y_transfer_ms": null,
    "feat_y_etl_ms": null,
    "network_baseline_ms": 41.188948776179586,
    "avg_feat_bytes": 322138325.9627329,
    "sampler_avg_db_exec_time_ms": 0,
    "sampler_avg_network_transfer_ms": 29.850931677018632,
    "sampler_avg_driver_overhead_ms": 41.188948776179586,
    "sampler_avg_result_consumed_after_ms": 29.850931677018632,
    "sampler_avg_result_available_after_ms": 1.5527950310559007,
    "sampler_avg_client_wall_time_ms": 41.188948776179586,
    "sampler_avg_query_startup_ms": 1.5527950310559007,
    "sampler_avg_exec_serialize_ms": 28.29813664596273,
    "sampler_avg_client_recv_ms": 11.338017099160954,
    "feat_x_avg_db_exec_time_ms": 0,
    "feat_x_avg_network_transfer_ms": 1111.888198757764,
    "feat_x_avg_driver_overhead_ms": 12266.531239364944,
    "feat_x_avg_result_consumed_after_ms": 1111.888198757764,
    "feat_x_avg_result_available_after_ms": 3.0869565217391304,
    "feat_x_avg_client_wall_time_ms": 12266.531239364944,
    "feat_x_avg_query_startup_ms": 3.0869565217391304,
    "feat_x_avg_exec_serialize_ms": 1108.8012422360248,
    "feat_x_avg_client_recv_ms": 11154.64304060718,
    "topo_fetch_ms": 41.188948776179586
  }
}