{
  "run": {
    "csv": "/Users/victorpekkari/Desktop/neo4j-mpgnn-thesis/experiments/results/run_8/measurements.csv",
    "runtime_s": 1.5413489159982419,
    "training_time_s": 0.5048862910043681,
    "epochs_completed": 50,
    "batches_seen": 50,
    "nbr_training_datapoints": 140.0
  },
  "metrics": {
    "throughput_samples_per_s": 13864.507958960285,
    "epoch_time_s": {
      "count": 50,
      "total_s": 0.23830545594682917,
      "mean_s": 0.004766109118936584,
      "p50_s": 0.003992124504293315,
      "p90_s": 0.004394079202029388,
      "p99_s": 0.02421323391754406,
      "min_s": 0.003474416007520631,
      "max_s": 0.04153291699185502
    },
    "sampling_phase_time_s": {
      "count": 50,
      "total_s": 0.027625003960565664,
      "mean_s": 0.0005525000792113133,
      "p50_s": 0.0004982914979336783,
      "p90_s": 0.0005664627940859646,
      "p99_s": 0.0018948552566871466,
      "min_s": 0.0004072500014444813,
      "max_s": 0.0030525420006597415
    },
    "training_phase_time_s": {
      "count": 50,
      "total_s": 0.19223737307765987,
      "mean_s": 0.0038447474615531975,
      "p50_s": 0.0034325420056120493,
      "p90_s": 0.003758258702873718,
      "p99_s": 0.014561420913960284,
      "min_s": 0.0029738750017713755,
      "max_s": 0.0232172910036752
    },
    "convergence_time_s": null,
    "converged_epoch": null,
    "avg_cpu_utilization": 101.3,
    "final_validation_accuracy": 0.7620000233568374,
    "best_validation_accuracy": 0.7660000235468272,
    "time_to_first_validation_accuracy_s": 1.0643634999869391,
    "time_to_best_accuracy_s": 1.4765402079938212,
    "final_validation_loss": 0.8280428051948547,
    "best_validation_loss": 0.8280428051948547,
    "time_to_best_loss_s": 1.5413386659929529,
    "final_test_accuracy": 0.7860000227650242,
    "best_test_accuracy": 0.7860000227650242,
    "time_to_best_test_accuracy_s": 2.06388745798904,
    "remote_feature_latency_s": {
      "count": 0,
      "total_s": 0.0,
      "mean_s": null,
      "p50_s": null,
      "p90_s": null,
      "p99_s": null,
      "min_s": null,
      "max_s": null
    },
    "remote_feature_total_s": 0.0,
    "cache_hits": 0,
    "cache_misses": 0,
    "cache_hit_rate": null,
    "validation_time_s": {
      "count": 50,
      "total_s": 0.2891638329747366,
      "mean_s": 0.005783276659494732,
      "p50_s": 0.005486146001203451,
      "p90_s": 0.006643433292629198,
      "p99_s": 0.008620652180688918,
      "min_s": 0.004772625004989095,
      "max_s": 0.009442709007998928
    },
    "saving_weights_time_s": {
      "count": 49,
      "total_s": 0.00010416599980089813,
      "mean_s": 2.125836730630574e-06,
      "p50_s": 1.9169965526089072e-06,
      "p90_s": 2.8086011298000813e-06,
      "p99_s": 4.641513223759822e-06,
      "min_s": 1.3749959180131555e-06,
      "max_s": 5.541995051316917e-06
    },
    "batch_train_loss_mean": 1.2383801519870759,
    "avg_batch_nodes": 1140.7,
    "avg_batch_edges": 2284.14,
    "avg_seed_node_ratio": 0.12273770195766046
  },
  "notes": [
    "GPU/CPU utilization and explicit DB write/query timings are not in the Measurer CSV (unless you log them); this parser will report None for those.",
    "throughput_samples_per_s assumes nbr_training_datapoints is per-epoch; if it's total across training, remove the * epochs_completed multiplier.",
    "remote_feature_total_s is a proxy for time spent waiting on remote feature reads (DB reads)."
  ]
}