{
  "run": {
    "csv": "/var/lib/neo4j/data/projects/neo4j-mpgnn-thesis/experiment_results/results/run_11_2026-05-13/baseline_pyg/run_6/measurements.csv",
    "runtime_s": 3.064401769079268,
    "training_time_s": 2.997924746014178,
    "epochs_completed": 90,
    "batches_seen": 360,
    "nbr_training_datapoints": 140.0
  },
  "metrics": {
    "throughput_samples_per_s": 4202.9073667549665,
    "epoch_time_s": {
      "count": 90,
      "total_s": 2.0690460079349577,
      "mean_s": 0.022989400088166197,
      "p50_s": 0.022543947445228696,
      "p90_s": 0.023950280994176867,
      "p99_s": 0.03200242307502776,
      "min_s": 0.020998184103518724,
      "max_s": 0.0468466067686677
    },
    "sampling_phase_time_s": {
      "count": 360,
      "total_s": 0.3443605056963861,
      "mean_s": 0.0009565569602677391,
      "p50_s": 0.0009335600771009922,
      "p90_s": 0.001014591520652175,
      "p99_s": 0.001571596385911112,
      "min_s": 0.0008184690959751606,
      "max_s": 0.0028302851133048534
    },
    "training_phase_time_s": {
      "count": 360,
      "total_s": 1.4823400625027716,
      "mean_s": 0.004117611284729921,
      "p50_s": 0.004011623561382294,
      "p90_s": 0.004312729742377996,
      "p99_s": 0.00647865005768839,
      "min_s": 0.003591798711568117,
      "max_s": 0.009467931929975748
    },
    "convergence_time_s": null,
    "converged_epoch": null,
    "avg_cpu_utilization": null,
    "final_validation_accuracy": 0.7680000230616538,
    "best_validation_accuracy": 0.7900000240340768,
    "time_to_first_validation_accuracy_s": 0.11070145200937986,
    "time_to_best_accuracy_s": 1.7486960059031844,
    "final_validation_loss": 0.8282226920127869,
    "best_validation_loss": 0.8147363662719727,
    "time_to_best_loss_s": 2.9669585111550987,
    "final_test_accuracy": 0.7850000234802478,
    "best_test_accuracy": 0.7850000234802478,
    "time_to_best_test_accuracy_s": 3.0956163108348846,
    "remote_feature_latency_s": {
      "count": 0,
      "total_s": 0.0,
      "mean_s": null,
      "p50_s": null,
      "p90_s": null,
      "p99_s": null,
      "min_s": null,
      "max_s": null
    },
    "remote_feature_total_s": 0.0,
    "cache_hits": 0,
    "cache_misses": 0,
    "cache_hit_rate": null,
    "validation_time_s": {
      "count": 90,
      "total_s": 0.9419046621769667,
      "mean_s": 0.010465607357521852,
      "p50_s": 0.010349069023504853,
      "p90_s": 0.011001764331012964,
      "p99_s": 0.012594479047693312,
      "min_s": 0.009773062076419592,
      "max_s": 0.012765547260642052
    },
    "saving_weights_time_s": {
      "count": 62,
      "total_s": 0.0004511820152401924,
      "mean_s": 7.277129278067619e-06,
      "p50_s": 5.537411198019981e-06,
      "p90_s": 6.7946035414934155e-06,
      "p99_s": 4.563922993838791e-05,
      "min_s": 4.838220775127411e-06,
      "max_s": 9.047705680131912e-05
    },
    "batch_train_loss_mean": 0.6359097665693197,
    "avg_batch_nodes": 355.64722222222224,
    "avg_batch_edges": 569.7861111111112,
    "avg_seed_node_ratio": 0.08508425895975896,
    "topo_query_sent_ms": null,
    "topo_first_record_ms": null,
    "topo_transfer_ms": null,
    "topo_etl_ms": null,
    "feat_x_query_sent_ms": null,
    "feat_x_first_record_ms": null,
    "feat_x_transfer_ms": null,
    "feat_x_etl_ms": null,
    "feat_x_etl_parse_ms": null,
    "feat_y_query_sent_ms": null,
    "feat_y_first_record_ms": null,
    "feat_y_transfer_ms": null,
    "feat_y_etl_ms": null,
    "network_baseline_ms": null,
    "avg_feat_bytes": null
  },
  "notes": [
    "GPU/CPU utilization and explicit DB write/query timings are not in the Measurer CSV (unless you log them); this parser will report None for those.",
    "throughput_samples_per_s assumes nbr_training_datapoints is per-epoch; if it's total across training, remove the * epochs_completed multiplier.",
    "remote_feature_total_s is a proxy for time spent waiting on remote feature reads (DB reads)."
  ]
}