{
  "run": {
    "csv": "/var/lib/neo4j/data/projects/neo4j-mpgnn-thesis/experiment_results/results/run_33_2026-05-12/measurements.csv",
    "runtime_s": 956.4024961269461,
    "training_time_s": 797.4638359979726,
    "epochs_completed": 2,
    "batches_seen": 646,
    "nbr_training_datapoints": 20695.0
  },
  "metrics": {
    "throughput_samples_per_s": 51.90204010718954,
    "epoch_time_s": {
      "count": 2,
      "total_s": 640.6455408642069,
      "mean_s": 320.3227704321034,
      "p50_s": 320.3227704321034,
      "p90_s": 337.2647982400842,
      "p99_s": 341.07675449687986,
      "min_s": 299.14523567212746,
      "max_s": 341.5003051920794
    },
    "sampling_phase_time_s": {
      "count": 646,
      "total_s": 581.589091737289,
      "mean_s": 0.90029271166763,
      "p50_s": 0.8706279899924994,
      "p90_s": 1.0565047564450651,
      "p99_s": 1.8688504397869103,
      "min_s": 0.5465277330949903,
      "max_s": 2.0438380828127265
    },
    "training_phase_time_s": {
      "count": 646,
      "total_s": 54.58332786615938,
      "mean_s": 0.08449431558229006,
      "p50_s": 0.08145306096412241,
      "p90_s": 0.09408473549410701,
      "p99_s": 0.10809892907273017,
      "min_s": 0.0631970982067287,
      "max_s": 0.4254780258052051
    },
    "convergence_time_s": null,
    "converged_epoch": null,
    "avg_cpu_utilization": null,
    "final_validation_accuracy": 0.9530298566322558,
    "best_validation_accuracy": 0.9530298566322558,
    "time_to_first_validation_accuracy_s": 499.7818779749796,
    "time_to_best_accuracy_s": 956.4024485000409,
    "final_validation_loss": 0.1662281453609466,
    "best_validation_loss": 0.1662281453609466,
    "time_to_best_loss_s": 956.4024601820856,
    "final_test_accuracy": 0.9436231462216218,
    "best_test_accuracy": 0.9436231462216218,
    "time_to_best_test_accuracy_s": 1116.3542435839772,
    "remote_feature_latency_s": {
      "count": 727,
      "total_s": 930.2802153895609,
      "mean_s": 1.2796151518425871,
      "p50_s": 0.7667342768982053,
      "p90_s": 4.791186941508204,
      "p99_s": 5.7987448077555745,
      "min_s": 0.44169845897704363,
      "max_s": 6.1361000570468605
    },
    "remote_feature_total_s": 930.2802153895609,
    "cache_hits": 727,
    "cache_misses": 727,
    "cache_hit_rate": 0.5,
    "validation_time_s": {
      "count": 2,
      "total_s": 315.31963659869507,
      "mean_s": 157.65981829934753,
      "p50_s": 157.65981829934753,
      "p90_s": 157.80744612854906,
      "p99_s": 157.8406623901194,
      "min_s": 157.47528351284564,
      "max_s": 157.84435308584943
    },
    "saving_weights_time_s": {
      "count": 2,
      "total_s": 1.7298851162195206e-05,
      "mean_s": 8.649425581097603e-06,
      "p50_s": 8.649425581097603e-06,
      "p90_s": 9.797001257538796e-06,
      "p99_s": 1.0055205784738064e-05,
      "min_s": 7.214955985546112e-06,
      "max_s": 1.0083895176649094e-05
    },
    "batch_train_loss_mean": 0.22274431834233804,
    "avg_batch_nodes": 4224.492260061919,
    "avg_batch_edges": 7102.990712074304,
    "avg_seed_node_ratio": 0.015219016361843347,
    "topo_query_sent_ms": null,
    "topo_first_record_ms": null,
    "topo_transfer_ms": null,
    "topo_etl_ms": 4.0029267424351165,
    "feat_x_query_sent_ms": null,
    "feat_x_first_record_ms": null,
    "feat_x_transfer_ms": null,
    "feat_x_etl_ms": 62.057822663465096,
    "feat_x_etl_parse_ms": null,
    "feat_y_query_sent_ms": null,
    "feat_y_first_record_ms": null,
    "feat_y_transfer_ms": null,
    "feat_y_etl_ms": null,
    "network_baseline_ms": 19.13573536535077,
    "avg_feat_bytes": 63701573.14993122,
    "sampler_avg_db_exec_time_ms": 0,
    "sampler_avg_network_transfer_ms": 13.77716643741403,
    "sampler_avg_driver_overhead_ms": 19.13573536535077,
    "sampler_avg_result_consumed_after_ms": 13.77716643741403,
    "sampler_avg_result_available_after_ms": 0.5955983493810179,
    "sampler_avg_client_wall_time_ms": 19.13573536535077,
    "sampler_avg_query_startup_ms": 0.5955983493810179,
    "sampler_avg_exec_serialize_ms": 13.181568088033012,
    "sampler_avg_client_recv_ms": 5.358568927936739,
    "feat_x_avg_db_exec_time_ms": 0,
    "feat_x_avg_network_transfer_ms": 701.7441540577717,
    "feat_x_avg_driver_overhead_ms": 1278.2139442399903,
    "feat_x_avg_result_consumed_after_ms": 701.7441540577717,
    "feat_x_avg_result_available_after_ms": 7.081155433287483,
    "feat_x_avg_client_wall_time_ms": 1278.2139442399903,
    "feat_x_avg_query_startup_ms": 7.081155433287483,
    "feat_x_avg_exec_serialize_ms": 694.6629986244842,
    "feat_x_avg_client_recv_ms": 576.4697901822186,
    "topo_fetch_ms": 19.13573536535077
  },
  "notes": [
    "GPU/CPU utilization and explicit DB write/query timings are not in the Measurer CSV (unless you log them); this parser will report None for those.",
    "throughput_samples_per_s assumes nbr_training_datapoints is per-epoch; if it's total across training, remove the * epochs_completed multiplier.",
    "remote_feature_total_s is a proxy for time spent waiting on remote feature reads (DB reads)."
  ]
}