{
  "run": {
    "csv": "/Users/victorpekkari/Desktop/neo4j-mpgnn-thesis/experiment_results/results/run_0_2026-03-30/neo4j_udp_hybrid_last_hop/run_0/measurements.csv",
    "runtime_s": 11.882354583009146,
    "training_time_s": 8.47024595795665,
    "epochs_completed": 90,
    "batches_seen": 360,
    "nbr_training_datapoints": 140.0
  },
  "metrics": {
    "throughput_samples_per_s": 1487.5601089439447,
    "epoch_time_s": {
      "count": 90,
      "total_s": 6.893292455584742,
      "mean_s": 0.07659213839538602,
      "p50_s": 0.04232127103023231,
      "p90_s": 0.054970629862509696,
      "p99_s": 1.3231259279593357,
      "min_s": 0.03617133304942399,
      "max_s": 1.6247342079877853
    },
    "sampling_phase_time_s": {
      "count": 360,
      "total_s": 4.234720971784554,
      "mean_s": 0.01176311381051265,
      "p50_s": 0.007829021022189409,
      "p90_s": 0.01102640418102965,
      "p99_s": 0.12303113804664476,
      "min_s": 0.005257874960079789,
      "max_s": 0.3367480000015348
    },
    "training_phase_time_s": {
      "count": 360,
      "total_s": 2.499477313598618,
      "mean_s": 0.0069429925377739385,
      "p50_s": 0.0025395629345439374,
      "p90_s": 0.0028440749621950093,
      "p99_s": 0.19427168625174102,
      "min_s": 0.0021494580432772636,
      "max_s": 0.2394187500467524
    },
    "convergence_time_s": null,
    "converged_epoch": null,
    "avg_cpu_utilization": null,
    "final_validation_accuracy": 0.79,
    "best_validation_accuracy": 0.82,
    "time_to_first_validation_accuracy_s": 4.7352645409991965,
    "time_to_best_accuracy_s": 10.491207999992184,
    "final_validation_loss": 0.7175357341766357,
    "best_validation_loss": 0.7175357341766357,
    "time_to_best_loss_s": 11.882346000056714,
    "final_test_accuracy": 0.7690000231779213,
    "best_test_accuracy": 0.7690000231779213,
    "time_to_best_test_accuracy_s": 12.097960332990624,
    "remote_feature_latency_s": {
      "count": 454,
      "total_s": 2.9976008301600814,
      "mean_s": 0.006602645000352602,
      "p50_s": 0.00438560446491465,
      "p90_s": 0.00838189993519336,
      "p99_s": 0.05122547274338995,
      "min_s": 0.0028593329479917884,
      "max_s": 0.1543240409810096
    },
    "remote_feature_total_s": 2.9976008301600814,
    "cache_hits": 454,
    "cache_misses": 454,
    "cache_hit_rate": 0.5,
    "validation_time_s": {
      "count": 90,
      "total_s": 1.9557952077593654,
      "mean_s": 0.021731057863992948,
      "p50_s": 0.0200565624400042,
      "p90_s": 0.02447184519842267,
      "p99_s": 0.04920046308427116,
      "min_s": 0.0179300419986248,
      "max_s": 0.07816933293361217
    },
    "saving_weights_time_s": {
      "count": 88,
      "total_s": 0.0002140419092029333,
      "mean_s": 2.432294422760606e-06,
      "p50_s": 2.125045284628868e-06,
      "p90_s": 3.2161129638552662e-06,
      "p99_s": 5.714233266189694e-06,
      "min_s": 1.625041477382183e-06,
      "max_s": 5.749985575675964e-06
    },
    "batch_train_loss_mean": 0.6645090953964327,
    "avg_batch_nodes": 353.65277777777777,
    "avg_batch_edges": 568.625,
    "avg_seed_node_ratio": 0.08559180505799548,
    "topo_query_sent_ms": null,
    "topo_first_record_ms": null,
    "topo_transfer_ms": null,
    "topo_etl_ms": 0.1777995386497335,
    "feat_x_query_sent_ms": null,
    "feat_x_first_record_ms": null,
    "feat_x_transfer_ms": null,
    "feat_x_etl_ms": 0.4337797423984675,
    "feat_x_etl_parse_ms": null,
    "feat_y_query_sent_ms": null,
    "feat_y_first_record_ms": null,
    "feat_y_transfer_ms": null,
    "feat_y_etl_ms": null,
    "network_baseline_ms": 2.8331200012707436,
    "sampler_avg_db_exec_time_ms": 0,
    "sampler_avg_network_transfer_ms": 0.9405286343612335,
    "sampler_avg_driver_overhead_ms": 2.8331200012707436,
    "sampler_avg_result_consumed_after_ms": 0.9405286343612335,
    "sampler_avg_result_available_after_ms": 0.8656387665198237,
    "sampler_avg_client_wall_time_ms": 2.8331200012707436,
    "sampler_avg_query_startup_ms": 0.8656387665198237,
    "sampler_avg_exec_serialize_ms": 0.07488986784140972,
    "sampler_avg_client_recv_ms": 1.8925913669095102,
    "feat_x_avg_db_exec_time_ms": 0,
    "feat_x_avg_network_transfer_ms": 3.1519823788546257,
    "feat_x_avg_driver_overhead_ms": 6.322368777906809,
    "feat_x_avg_result_consumed_after_ms": 3.1519823788546257,
    "feat_x_avg_result_available_after_ms": 0.960352422907489,
    "feat_x_avg_client_wall_time_ms": 6.322368777906809,
    "feat_x_avg_query_startup_ms": 0.960352422907489,
    "feat_x_avg_exec_serialize_ms": 2.191629955947137,
    "feat_x_avg_client_recv_ms": 3.1703863990521834,
    "topo_fetch_ms": 2.8331200012707436
  },
  "notes": [
    "GPU/CPU utilization and explicit DB write/query timings are not in the Measurer CSV (unless you log them); this parser will report None for those.",
    "throughput_samples_per_s assumes nbr_training_datapoints is per-epoch; if it's total across training, remove the * epochs_completed multiplier.",
    "remote_feature_total_s is a proxy for time spent waiting on remote feature reads (DB reads)."
  ]
}