{
  "run": {
    "csv": "/var/lib/neo4j/data/projects/neo4j-mpgnn-thesis/experiment_results/results/run_11_2026-05-13/baseline_pyg/run_2/measurements.csv",
    "runtime_s": 3.017895132768899,
    "training_time_s": 2.9492994640022516,
    "epochs_completed": 90,
    "batches_seen": 360,
    "nbr_training_datapoints": 140.0
  },
  "metrics": {
    "throughput_samples_per_s": 4272.200959512459,
    "epoch_time_s": {
      "count": 90,
      "total_s": 2.041634645778686,
      "mean_s": 0.022684829397540955,
      "p50_s": 0.021865444956347346,
      "p90_s": 0.02388860359787941,
      "p99_s": 0.037434664233587676,
      "min_s": 0.019904296845197678,
      "max_s": 0.042407603934407234
    },
    "sampling_phase_time_s": {
      "count": 360,
      "total_s": 0.334140766877681,
      "mean_s": 0.0009281687968824472,
      "p50_s": 0.0008968510664999485,
      "p90_s": 0.0010035931132733823,
      "p99_s": 0.0014909242233261467,
      "min_s": 0.0007593259215354919,
      "max_s": 0.002738234121352434
    },
    "training_phase_time_s": {
      "count": 360,
      "total_s": 1.454024505801499,
      "mean_s": 0.004038956960559719,
      "p50_s": 0.0038889041170477867,
      "p90_s": 0.004322654521092773,
      "p99_s": 0.006794218127615758,
      "min_s": 0.003351283259689808,
      "max_s": 0.009013372007757425
    },
    "convergence_time_s": null,
    "converged_epoch": null,
    "avg_cpu_utilization": null,
    "final_validation_accuracy": 0.7620000230667533,
    "best_validation_accuracy": 0.786000023771566,
    "time_to_first_validation_accuracy_s": 0.10826114285737276,
    "time_to_best_accuracy_s": 1.6762414877302945,
    "final_validation_loss": 0.8577557802200317,
    "best_validation_loss": 0.8433791399002075,
    "time_to_best_loss_s": 2.899046844802797,
    "final_test_accuracy": 0.7780000229952214,
    "best_test_accuracy": 0.7780000229952214,
    "time_to_best_test_accuracy_s": 3.047311109956354,
    "remote_feature_latency_s": {
      "count": 0,
      "total_s": 0.0,
      "mean_s": null,
      "p50_s": null,
      "p90_s": null,
      "p99_s": null,
      "min_s": null,
      "max_s": null
    },
    "remote_feature_total_s": 0.0,
    "cache_hits": 0,
    "cache_misses": 0,
    "cache_hit_rate": null,
    "validation_time_s": {
      "count": 90,
      "total_s": 0.9186778217554092,
      "mean_s": 0.010207531352837881,
      "p50_s": 0.009935409529134631,
      "p90_s": 0.010866348771378398,
      "p99_s": 0.01567982296459377,
      "min_s": 0.009087758138775826,
      "max_s": 0.016109231859445572
    },
    "saving_weights_time_s": {
      "count": 67,
      "total_s": 0.0004187570884823799,
      "mean_s": 6.250105798244476e-06,
      "p50_s": 6.178859621286392e-06,
      "p90_s": 6.955396384000778e-06,
      "p99_s": 1.1407472193241152e-05,
      "min_s": 4.577916115522385e-06,
      "max_s": 1.761689782142639e-05
    },
    "batch_train_loss_mean": 0.6397604882975834,
    "avg_batch_nodes": 356.475,
    "avg_batch_edges": 571.5527777777778,
    "avg_seed_node_ratio": 0.08484928467411167,
    "topo_query_sent_ms": null,
    "topo_first_record_ms": null,
    "topo_transfer_ms": null,
    "topo_etl_ms": null,
    "feat_x_query_sent_ms": null,
    "feat_x_first_record_ms": null,
    "feat_x_transfer_ms": null,
    "feat_x_etl_ms": null,
    "feat_x_etl_parse_ms": null,
    "feat_y_query_sent_ms": null,
    "feat_y_first_record_ms": null,
    "feat_y_transfer_ms": null,
    "feat_y_etl_ms": null,
    "network_baseline_ms": null,
    "avg_feat_bytes": null
  },
  "notes": [
    "GPU/CPU utilization and explicit DB write/query timings are not in the Measurer CSV (unless you log them); this parser will report None for those.",
    "throughput_samples_per_s assumes nbr_training_datapoints is per-epoch; if it's total across training, remove the * epochs_completed multiplier.",
    "remote_feature_total_s is a proxy for time spent waiting on remote feature reads (DB reads)."
  ]
}