{
  "run": {
    "csv": "/home/victor.pekkari/thesis-folder/neo4j-mpgnn-thesis/experiment_results/results/run_12_2026-05-12/measurements.csv",
    "runtime_s": 6.8101636483334005,
    "training_time_s": 6.403579803183675,
    "epochs_completed": 20,
    "batches_seen": 60,
    "nbr_training_datapoints": 120.0
  },
  "metrics": {
    "throughput_samples_per_s": 374.7903631663635,
    "epoch_time_s": {
      "count": 20,
      "total_s": 1.7054807371459901,
      "mean_s": 0.0852740368572995,
      "p50_s": 0.08020239719189703,
      "p90_s": 0.08682979214936497,
      "p99_s": 0.14302964682690794,
      "min_s": 0.07679987512528896,
      "max_s": 0.15264692762866616
    },
    "sampling_phase_time_s": {
      "count": 60,
      "total_s": 1.4024261739104986,
      "mean_s": 0.023373769565174975,
      "p50_s": 0.021822971059009433,
      "p90_s": 0.028720743767917157,
      "p99_s": 0.04702729539014388,
      "min_s": 0.015235927887260914,
      "max_s": 0.06663625501096249
    },
    "training_phase_time_s": {
      "count": 60,
      "total_s": 0.2695723264478147,
      "mean_s": 0.004492872107463578,
      "p50_s": 0.004359510727226734,
      "p90_s": 0.0046557440422475335,
      "p99_s": 0.0069334194576367615,
      "min_s": 0.004020323045551777,
      "max_s": 0.00895703211426735
    },
    "convergence_time_s": null,
    "converged_epoch": null,
    "avg_cpu_utilization": null,
    "final_validation_accuracy": 0.5200000142556478,
    "best_validation_accuracy": 0.5200000142556478,
    "time_to_first_validation_accuracy_s": 0.5995253822766244,
    "time_to_best_accuracy_s": 6.810120066162199,
    "final_validation_loss": 1.4001317024230957,
    "best_validation_loss": 1.4001317024230957,
    "time_to_best_loss_s": 6.810136436019093,
    "final_test_accuracy": 0.5070000153099155,
    "best_test_accuracy": 0.5070000153099155,
    "time_to_best_test_accuracy_s": 7.185221255291253,
    "remote_feature_latency_s": {
      "count": 104,
      "total_s": 4.902139379642904,
      "mean_s": 0.04713595557348946,
      "p50_s": 0.02237171004526317,
      "p90_s": 0.0895423517562449,
      "p99_s": 0.12872251576278357,
      "min_s": 0.010244674980640411,
      "max_s": 0.13450660603120923
    },
    "remote_feature_total_s": 4.902139379642904,
    "cache_hits": 104,
    "cache_misses": 104,
    "cache_hit_rate": 0.5,
    "validation_time_s": {
      "count": 20,
      "total_s": 5.006017761304975,
      "mean_s": 0.25030088806524875,
      "p50_s": 0.24246276100166142,
      "p90_s": 0.2555038346443326,
      "p99_s": 0.3384313520928844,
      "min_s": 0.23383963480591774,
      "max_s": 0.34875015495344996
    },
    "saving_weights_time_s": {
      "count": 20,
      "total_s": 0.00012564752250909805,
      "mean_s": 6.282376125454902e-06,
      "p50_s": 5.444744601845741e-06,
      "p90_s": 6.975932046771051e-06,
      "p99_s": 1.4840168878436077e-05,
      "min_s": 5.089212208986282e-06,
      "max_s": 1.6569159924983978e-05
    },
    "batch_train_loss_mean": 1.3383111655712128,
    "avg_batch_nodes": 262.78333333333336,
    "avg_batch_edges": 386.3,
    "avg_seed_node_ratio": 0.12406111690263337,
    "topo_query_sent_ms": null,
    "topo_first_record_ms": null,
    "topo_transfer_ms": null,
    "topo_etl_ms": 0.6092083326970729,
    "feat_x_query_sent_ms": null,
    "feat_x_first_record_ms": null,
    "feat_x_transfer_ms": null,
    "feat_x_etl_ms": 3.4001015950567446,
    "feat_x_etl_parse_ms": null,
    "feat_y_query_sent_ms": null,
    "feat_y_first_record_ms": null,
    "feat_y_transfer_ms": null,
    "feat_y_etl_ms": null,
    "network_baseline_ms": 4.221159481228544,
    "avg_feat_bytes": 10481626.346153846,
    "sampler_avg_db_exec_time_ms": 0,
    "sampler_avg_network_transfer_ms": 2.230769230769231,
    "sampler_avg_driver_overhead_ms": 4.221159481228544,
    "sampler_avg_result_consumed_after_ms": 2.230769230769231,
    "sampler_avg_result_available_after_ms": 0.6346153846153846,
    "sampler_avg_client_wall_time_ms": 4.221159481228544,
    "sampler_avg_query_startup_ms": 0.6346153846153846,
    "sampler_avg_exec_serialize_ms": 1.5961538461538463,
    "sampler_avg_client_recv_ms": 1.9903902504593134,
    "feat_x_avg_db_exec_time_ms": 0,
    "feat_x_avg_network_transfer_ms": 22.721153846153847,
    "feat_x_avg_driver_overhead_ms": 47.012628400877404,
    "feat_x_avg_result_consumed_after_ms": 22.721153846153847,
    "feat_x_avg_result_available_after_ms": 1.2211538461538463,
    "feat_x_avg_client_wall_time_ms": 47.012628400877404,
    "feat_x_avg_query_startup_ms": 1.2211538461538463,
    "feat_x_avg_exec_serialize_ms": 21.5,
    "feat_x_avg_client_recv_ms": 24.291474554723557,
    "topo_fetch_ms": 4.221159481228544
  },
  "notes": [
    "GPU/CPU utilization and explicit DB write/query timings are not in the Measurer CSV (unless you log them); this parser will report None for those.",
    "throughput_samples_per_s assumes nbr_training_datapoints is per-epoch; if it's total across training, remove the * epochs_completed multiplier.",
    "remote_feature_total_s is a proxy for time spent waiting on remote feature reads (DB reads)."
  ]
}