{
  "sampler": {
    "plan_meta": {},
    "global": {
      "sample_count": 1004,
      "avg_client_wall_time_ms": 4.315896765366048,
      "avg_result_available_after_ms": 0.45219123505976094,
      "avg_result_consumed_after_ms": 2.0766932270916336,
      "avg_profile_total_time_ms": 0.0,
      "avg_global_memory_bytes": 0.0,
      "avg_root_rows": 0.0,
      "avg_root_db_hits": 0.0,
      "avg_page_cache_hits": 0.0,
      "avg_page_cache_misses": 0.0,
      "avg_db_exec_time_ms": 0,
      "avg_network_transfer_ms": 2.0766932270916336,
      "avg_driver_overhead_ms": 4.315896765366048,
      "avg_query_startup_ms": 0.45219123505976094,
      "avg_exec_serialize_ms": 1.6245019920318726,
      "avg_client_recv_ms": 2.2392035382744147
    },
    "operators": [],
    "top_by_time_ms": [],
    "top_by_db_hits": [],
    "top_by_memory_bytes": []
  },
  "feat_x": {
    "plan_meta": {},
    "global": {
      "sample_count": 1004,
      "avg_client_wall_time_ms": 46.305005865791195,
      "avg_result_available_after_ms": 0.3784860557768924,
      "avg_result_consumed_after_ms": 22.778884462151396,
      "avg_profile_total_time_ms": 0.0,
      "avg_global_memory_bytes": 0.0,
      "avg_root_rows": 0.0,
      "avg_root_db_hits": 0.0,
      "avg_page_cache_hits": 0.0,
      "avg_page_cache_misses": 0.0,
      "avg_db_exec_time_ms": 0,
      "avg_network_transfer_ms": 22.778884462151396,
      "avg_driver_overhead_ms": 46.305005865791195,
      "avg_query_startup_ms": 0.3784860557768924,
      "avg_exec_serialize_ms": 22.400398406374503,
      "avg_client_recv_ms": 23.5261214036398
    },
    "operators": [],
    "top_by_time_ms": [],
    "top_by_db_hits": [],
    "top_by_memory_bytes": []
  },
  "subphase_metrics": {
    "throughput_samples_per_s": 356.3042258705825,
    "epoch_time_s": {
      "count": 200,
      "total_s": 17.27241743914783,
      "mean_s": 0.08636208719573915,
      "p50_s": 0.08460501534864306,
      "p90_s": 0.09349816534668207,
      "p99_s": 0.11310886119026689,
      "min_s": 0.07332201674580574,
      "max_s": 0.14605488907545805
    },
    "sampling_phase_time_s": {
      "count": 600,
      "total_s": 14.008580784779042,
      "mean_s": 0.023347634641298402,
      "p50_s": 0.02282914682291448,
      "p90_s": 0.02854163208976388,
      "p99_s": 0.036050806795246894,
      "min_s": 0.015087284613400698,
      "max_s": 0.04261815268546343
    },
    "training_phase_time_s": {
      "count": 600,
      "total_s": 2.9353749067522585,
      "mean_s": 0.004892291511253764,
      "p50_s": 0.0048095902893692255,
      "p90_s": 0.005286901397630573,
      "p99_s": 0.006142021296545861,
      "min_s": 0.004179839044809341,
      "max_s": 0.010950813069939613
    },
    "convergence_time_s": null,
    "converged_epoch": null,
    "avg_cpu_utilization": null,
    "final_validation_accuracy": 0.6580000192873546,
    "best_validation_accuracy": 0.6660000195222923,
    "time_to_first_validation_accuracy_s": 0.5679584071040154,
    "time_to_best_accuracy_s": 65.1550241401419,
    "final_validation_loss": 1.12031888961792,
    "best_validation_loss": 1.0823960304260254,
    "time_to_best_loss_s": 17.497195997275412,
    "final_test_accuracy": 0.6600000190685086,
    "best_test_accuracy": 0.6600000190685086,
    "time_to_best_test_accuracy_s": 68.10274536395445,
    "remote_feature_latency_s": {
      "count": 1004,
      "total_s": 46.623750207945704,
      "mean_s": 0.04643799821508536,
      "p50_s": 0.021315007470548153,
      "p90_s": 0.09732079664245248,
      "p99_s": 0.10384637414012104,
      "min_s": 0.010002285242080688,
      "max_s": 0.1552347200922668
    },
    "remote_feature_total_s": 46.623750207945704,
    "cache_hits": 1004,
    "cache_misses": 1004,
    "cache_hit_rate": 0.5,
    "validation_time_s": {
      "count": 200,
      "total_s": 50.35762250190601,
      "mean_s": 0.25178811250953004,
      "p50_s": 0.24295917293056846,
      "p90_s": 0.2745285219978541,
      "p99_s": 0.3288508254289622,
      "min_s": 0.2319701137021184,
      "max_s": 0.4660307662561536
    },
    "saving_weights_time_s": {
      "count": 45,
      "total_s": 0.0002801883965730667,
      "mean_s": 6.226408812734816e-06,
      "p50_s": 5.8086588978767395e-06,
      "p90_s": 7.539801299571991e-06,
      "p99_s": 1.0900143533945086e-05,
      "min_s": 4.568137228488922e-06,
      "max_s": 1.1381227523088455e-05
    },
    "batch_train_loss_mean": 0.14617734381851427,
    "avg_batch_nodes": 265.60333333333335,
    "avg_batch_edges": 389.83166666666665,
    "avg_seed_node_ratio": 0.12225247357026947,
    "topo_query_sent_ms": null,
    "topo_first_record_ms": null,
    "topo_transfer_ms": null,
    "topo_etl_ms": 0.6249952816452639,
    "feat_x_query_sent_ms": null,
    "feat_x_first_record_ms": null,
    "feat_x_transfer_ms": null,
    "feat_x_etl_ms": 3.0760130440571394,
    "feat_x_etl_parse_ms": null,
    "feat_y_query_sent_ms": null,
    "feat_y_first_record_ms": null,
    "feat_y_transfer_ms": null,
    "feat_y_etl_ms": null,
    "network_baseline_ms": 4.315896765366048,
    "avg_feat_bytes": 10283865.378486056,
    "sampler_avg_db_exec_time_ms": 0,
    "sampler_avg_network_transfer_ms": 2.0766932270916336,
    "sampler_avg_driver_overhead_ms": 4.315896765366048,
    "sampler_avg_result_consumed_after_ms": 2.0766932270916336,
    "sampler_avg_result_available_after_ms": 0.45219123505976094,
    "sampler_avg_client_wall_time_ms": 4.315896765366048,
    "sampler_avg_query_startup_ms": 0.45219123505976094,
    "sampler_avg_exec_serialize_ms": 1.6245019920318726,
    "sampler_avg_client_recv_ms": 2.2392035382744147,
    "feat_x_avg_db_exec_time_ms": 0,
    "feat_x_avg_network_transfer_ms": 22.778884462151396,
    "feat_x_avg_driver_overhead_ms": 46.305005865791195,
    "feat_x_avg_result_consumed_after_ms": 22.778884462151396,
    "feat_x_avg_result_available_after_ms": 0.3784860557768924,
    "feat_x_avg_client_wall_time_ms": 46.305005865791195,
    "feat_x_avg_query_startup_ms": 0.3784860557768924,
    "feat_x_avg_exec_serialize_ms": 22.400398406374503,
    "feat_x_avg_client_recv_ms": 23.5261214036398,
    "topo_fetch_ms": 4.315896765366048
  }
}