{
  "sampler": {
    "plan_meta": {},
    "global": {
      "sample_count": 161,
      "avg_client_wall_time_ms": 69.05649810369988,
      "avg_result_available_after_ms": 2.347826086956522,
      "avg_result_consumed_after_ms": 51.62732919254658,
      "avg_profile_total_time_ms": 0.0,
      "avg_global_memory_bytes": 0.0,
      "avg_root_rows": 0.0,
      "avg_root_db_hits": 0.0,
      "avg_page_cache_hits": 0.0,
      "avg_page_cache_misses": 0.0,
      "avg_db_exec_time_ms": 0,
      "avg_network_transfer_ms": 51.62732919254658,
      "avg_driver_overhead_ms": 69.05649810369988,
      "avg_query_startup_ms": 2.347826086956522,
      "avg_exec_serialize_ms": 49.27950310559006,
      "avg_client_recv_ms": 17.429168911153297
    },
    "operators": [],
    "top_by_time_ms": [],
    "top_by_db_hits": [],
    "top_by_memory_bytes": []
  },
  "feat_x": {
    "plan_meta": {},
    "global": {
      "sample_count": 161,
      "avg_client_wall_time_ms": 27840.10547282093,
      "avg_result_available_after_ms": 3.8633540372670807,
      "avg_result_consumed_after_ms": 1866.7142857142858,
      "avg_profile_total_time_ms": 0.0,
      "avg_global_memory_bytes": 0.0,
      "avg_root_rows": 0.0,
      "avg_root_db_hits": 0.0,
      "avg_page_cache_hits": 0.0,
      "avg_page_cache_misses": 0.0,
      "avg_db_exec_time_ms": 0,
      "avg_network_transfer_ms": 1866.7142857142858,
      "avg_driver_overhead_ms": 27840.10547282093,
      "avg_query_startup_ms": 3.8633540372670807,
      "avg_exec_serialize_ms": 1862.8509316770187,
      "avg_client_recv_ms": 25973.391187106645
    },
    "operators": [],
    "top_by_time_ms": [],
    "top_by_db_hits": [],
    "top_by_memory_bytes": []
  },
  "subphase_metrics": {
    "throughput_samples_per_s": 11.656512392685558,
    "epoch_time_s": {
      "count": 2,
      "total_s": 3120.2467387258075,
      "mean_s": 1560.1233693629038,
      "p50_s": 1560.1233693629038,
      "p90_s": 1565.0645858173725,
      "p99_s": 1566.1763595196278,
      "min_s": 1553.946848794818,
      "max_s": 1566.2998899309896
    },
    "sampling_phase_time_s": {
      "count": 80,
      "total_s": 3112.9629029673524,
      "mean_s": 38.91203628709191,
      "p50_s": 38.896249365992844,
      "p90_s": 40.23403307655826,
      "p99_s": 41.10098867446649,
      "min_s": 35.48456053202972,
      "max_s": 42.126282174140215
    },
    "training_phase_time_s": {
      "count": 80,
      "total_s": 4.471553546376526,
      "mean_s": 0.05589441932970658,
      "p50_s": 0.05526570323854685,
      "p90_s": 0.06056262804195285,
      "p99_s": 0.06559724737890064,
      "min_s": 0.04966111481189728,
      "max_s": 0.06573678506538272
    },
    "convergence_time_s": null,
    "converged_epoch": null,
    "avg_cpu_utilization": null,
    "final_validation_accuracy": 0.955349369521045,
    "best_validation_accuracy": 0.955349369521045,
    "time_to_first_validation_accuracy_s": 2035.3288484229706,
    "time_to_best_accuracy_s": 4057.9592072549276,
    "final_validation_loss": 0.1624719798564911,
    "best_validation_loss": 0.1624719798564911,
    "time_to_best_loss_s": 4057.959220279008,
    "final_test_accuracy": 0.9442028563439112,
    "best_test_accuracy": 0.9442028563439112,
    "time_to_best_test_accuracy_s": 4544.620326356031,
    "remote_feature_latency_s": {
      "count": 161,
      "total_s": 4482.280479895417,
      "mean_s": 27.840251427921842,
      "p50_s": 19.405679581686854,
      "p90_s": 39.44328129896894,
      "p99_s": 40.35736883692444,
      "min_s": 15.062148086261004,
      "max_s": 41.514392520766705
    },
    "remote_feature_total_s": 4482.280479895417,
    "cache_hits": 161,
    "cache_misses": 161,
    "cache_hit_rate": 0.5,
    "validation_time_s": {
      "count": 2,
      "total_s": 937.2692931140773,
      "mean_s": 468.63464655703865,
      "p50_s": 468.63464655703865,
      "p90_s": 468.6736787490081,
      "p99_s": 468.68246099220124,
      "min_s": 468.58585631707683,
      "max_s": 468.68343679700047
    },
    "saving_weights_time_s": {
      "count": 2,
      "total_s": 3.057345747947693e-05,
      "mean_s": 1.5286728739738464e-05,
      "p50_s": 1.5286728739738464e-05,
      "p90_s": 1.7302483320236207e-05,
      "p99_s": 1.7756028100848197e-05,
      "min_s": 1.2767035514116287e-05,
      "max_s": 1.780642196536064e-05
    },
    "batch_train_loss_mean": 0.4749151343479753,
    "avg_batch_nodes": 18684.5875,
    "avg_batch_edges": 50391.0,
    "avg_seed_node_ratio": 0.027406404998647226,
    "topo_query_sent_ms": null,
    "topo_first_record_ms": null,
    "topo_transfer_ms": null,
    "topo_etl_ms": 14.010451702250641,
    "feat_x_query_sent_ms": null,
    "feat_x_first_record_ms": null,
    "feat_x_transfer_ms": null,
    "feat_x_etl_ms": 195.0545263829531,
    "feat_x_etl_parse_ms": null,
    "feat_y_query_sent_ms": null,
    "feat_y_first_record_ms": null,
    "feat_y_transfer_ms": null,
    "feat_y_etl_ms": null,
    "network_baseline_ms": 69.05649810369988,
    "avg_feat_bytes": 520071251.9254658,
    "sampler_avg_db_exec_time_ms": 0,
    "sampler_avg_network_transfer_ms": 51.62732919254658,
    "sampler_avg_driver_overhead_ms": 69.05649810369988,
    "sampler_avg_result_consumed_after_ms": 51.62732919254658,
    "sampler_avg_result_available_after_ms": 2.347826086956522,
    "sampler_avg_client_wall_time_ms": 69.05649810369988,
    "sampler_avg_query_startup_ms": 2.347826086956522,
    "sampler_avg_exec_serialize_ms": 49.27950310559006,
    "sampler_avg_client_recv_ms": 17.429168911153297,
    "feat_x_avg_db_exec_time_ms": 0,
    "feat_x_avg_network_transfer_ms": 1866.7142857142858,
    "feat_x_avg_driver_overhead_ms": 27840.10547282093,
    "feat_x_avg_result_consumed_after_ms": 1866.7142857142858,
    "feat_x_avg_result_available_after_ms": 3.8633540372670807,
    "feat_x_avg_client_wall_time_ms": 27840.10547282093,
    "feat_x_avg_query_startup_ms": 3.8633540372670807,
    "feat_x_avg_exec_serialize_ms": 1862.8509316770187,
    "feat_x_avg_client_recv_ms": 25973.391187106645,
    "topo_fetch_ms": 69.05649810369988
  }
}