{
  "sampler": {
    "plan_meta": {},
    "global": {
      "sample_count": 403,
      "avg_client_wall_time_ms": 20.58721763236684,
      "avg_result_available_after_ms": 1.0074441687344913,
      "avg_result_consumed_after_ms": 13.325062034739455,
      "avg_profile_total_time_ms": 0.0,
      "avg_global_memory_bytes": 0.0,
      "avg_root_rows": 0.0,
      "avg_root_db_hits": 0.0,
      "avg_page_cache_hits": 0.0,
      "avg_page_cache_misses": 0.0,
      "avg_db_exec_time_ms": 0,
      "avg_network_transfer_ms": 13.325062034739455,
      "avg_driver_overhead_ms": 20.58721763236684,
      "avg_query_startup_ms": 1.0074441687344913,
      "avg_exec_serialize_ms": 12.317617866004964,
      "avg_client_recv_ms": 7.262155597627386
    },
    "operators": [],
    "top_by_time_ms": [],
    "top_by_db_hits": [],
    "top_by_memory_bytes": []
  },
  "feat_x": {
    "plan_meta": {},
    "global": {
      "sample_count": 403,
      "avg_client_wall_time_ms": 3292.0682787763476,
      "avg_result_available_after_ms": 1.4838709677419355,
      "avg_result_consumed_after_ms": 530.5409429280397,
      "avg_profile_total_time_ms": 0.0,
      "avg_global_memory_bytes": 0.0,
      "avg_root_rows": 0.0,
      "avg_root_db_hits": 0.0,
      "avg_page_cache_hits": 0.0,
      "avg_page_cache_misses": 0.0,
      "avg_db_exec_time_ms": 0,
      "avg_network_transfer_ms": 530.5409429280397,
      "avg_driver_overhead_ms": 3292.0682787763476,
      "avg_query_startup_ms": 1.4838709677419355,
      "avg_exec_serialize_ms": 529.0570719602978,
      "avg_client_recv_ms": 2761.5273358483078
    },
    "operators": [],
    "top_by_time_ms": [],
    "top_by_db_hits": [],
    "top_by_memory_bytes": []
  },
  "subphase_metrics": {
    "throughput_samples_per_s": 41.370411717528675,
    "epoch_time_s": {
      "count": 2,
      "total_s": 816.3243130552582,
      "mean_s": 408.1621565276291,
      "p50_s": 408.1621565276291,
      "p90_s": 408.75074530090205,
      "p99_s": 408.88317777488845,
      "min_s": 407.42642056103796,
      "max_s": 408.8978924942203
    },
    "sampling_phase_time_s": {
      "count": 322,
      "total_s": 809.4785401728004,
      "mean_s": 2.5139085098534175,
      "p50_s": 2.5182720238808542,
      "p90_s": 2.7939351171255113,
      "p99_s": 2.9360427348595115,
      "min_s": 2.0784387290477753,
      "max_s": 3.0330152167007327
    },
    "training_phase_time_s": {
      "count": 322,
      "total_s": 4.798267268575728,
      "mean_s": 0.014901451144645118,
      "p50_s": 0.01466033118776977,
      "p90_s": 0.015709641482681037,
      "p99_s": 0.018744943393394355,
      "min_s": 0.013495644088834524,
      "max_s": 0.024209977127611637
    },
    "convergence_time_s": null,
    "converged_epoch": null,
    "avg_cpu_utilization": null,
    "final_validation_accuracy": 0.9559292477365076,
    "best_validation_accuracy": 0.9559292477365076,
    "time_to_first_validation_accuracy_s": 594.5622795349918,
    "time_to_best_accuracy_s": 1188.9507420002483,
    "final_validation_loss": 0.1487873941659927,
    "best_validation_loss": 0.1487873941659927,
    "time_to_best_loss_s": 1188.950754742138,
    "final_test_accuracy": 0.9484057547181052,
    "best_test_accuracy": 0.9484057547181052,
    "time_to_best_test_accuracy_s": 1374.607958104927,
    "remote_feature_latency_s": {
      "count": 403,
      "total_s": 1326.7604449135251,
      "mean_s": 3.2922095407283503,
      "p50_s": 2.46064466284588,
      "p90_s": 6.769479457568377,
      "p99_s": 7.22278944994323,
      "min_s": 2.0045910091139376,
      "max_s": 7.39530777791515
    },
    "remote_feature_total_s": 1326.7604449135251,
    "cache_hits": 403,
    "cache_misses": 403,
    "cache_hit_rate": 0.5,
    "validation_time_s": {
      "count": 2,
      "total_s": 372.1965557830408,
      "mean_s": 186.0982778915204,
      "p50_s": 186.0982778915204,
      "p90_s": 186.58448477284983,
      "p99_s": 186.69388132114895,
      "min_s": 185.49051928985864,
      "max_s": 186.70603649318218
    },
    "saving_weights_time_s": {
      "count": 2,
      "total_s": 1.736357808113098e-05,
      "mean_s": 8.68178904056549e-06,
      "p50_s": 8.68178904056549e-06,
      "p90_s": 1.0060518980026245e-05,
      "p99_s": 1.0370733216404915e-05,
      "min_s": 6.958376616239548e-06,
      "max_s": 1.0405201464891434e-05
    },
    "batch_train_loss_mean": 0.23840283590906897,
    "avg_batch_nodes": 3985.9627329192544,
    "avg_batch_edges": 5706.798136645963,
    "avg_seed_node_ratio": 0.032145709020604867,
    "topo_query_sent_ms": null,
    "topo_first_record_ms": null,
    "topo_transfer_ms": null,
    "topo_etl_ms": 3.279055005387766,
    "feat_x_query_sent_ms": null,
    "feat_x_first_record_ms": null,
    "feat_x_transfer_ms": null,
    "feat_x_etl_ms": 56.84966714035895,
    "feat_x_etl_parse_ms": null,
    "feat_y_query_sent_ms": null,
    "feat_y_first_record_ms": null,
    "feat_y_transfer_ms": null,
    "feat_y_etl_ms": null,
    "network_baseline_ms": 20.58721763236684,
    "avg_feat_bytes": 155312084.36724564,
    "sampler_avg_db_exec_time_ms": 0,
    "sampler_avg_network_transfer_ms": 13.325062034739455,
    "sampler_avg_driver_overhead_ms": 20.58721763236684,
    "sampler_avg_result_consumed_after_ms": 13.325062034739455,
    "sampler_avg_result_available_after_ms": 1.0074441687344913,
    "sampler_avg_client_wall_time_ms": 20.58721763236684,
    "sampler_avg_query_startup_ms": 1.0074441687344913,
    "sampler_avg_exec_serialize_ms": 12.317617866004964,
    "sampler_avg_client_recv_ms": 7.262155597627386,
    "feat_x_avg_db_exec_time_ms": 0,
    "feat_x_avg_network_transfer_ms": 530.5409429280397,
    "feat_x_avg_driver_overhead_ms": 3292.0682787763476,
    "feat_x_avg_result_consumed_after_ms": 530.5409429280397,
    "feat_x_avg_result_available_after_ms": 1.4838709677419355,
    "feat_x_avg_client_wall_time_ms": 3292.0682787763476,
    "feat_x_avg_query_startup_ms": 1.4838709677419355,
    "feat_x_avg_exec_serialize_ms": 529.0570719602978,
    "feat_x_avg_client_recv_ms": 2761.5273358483078,
    "topo_fetch_ms": 20.58721763236684
  }
}