{
  "run": {
    "csv": "/Users/victorpekkari/Desktop/neo4j-mpgnn-thesis/experiment_results/sampler_comparison/comparison_15/PyGNeighborLoader/run_8/measurements.csv",
    "runtime_s": 2.669850457983557,
    "training_time_s": 1.1419457079900894,
    "epochs_completed": 100,
    "batches_seen": 400,
    "nbr_training_datapoints": 140.0
  },
  "metrics": {
    "throughput_samples_per_s": 12259.777239883895,
    "epoch_time_s": {
      "count": 100,
      "total_s": 0.6696507839078549,
      "mean_s": 0.00669650783907855,
      "p50_s": 0.006361312509397976,
      "p90_s": 0.006768133293371647,
      "p99_s": 0.01747015124594334,
      "min_s": 0.0052722500113304704,
      "max_s": 0.030293249990791082
    },
    "sampling_phase_time_s": {
      "count": 400,
      "total_s": 0.13357442198321223,
      "mean_s": 0.0003339360549580306,
      "p50_s": 0.0003232710005249828,
      "p90_s": 0.0004060539096826688,
      "p99_s": 0.0007123428082559258,
      "min_s": 0.00023016700288280845,
      "max_s": 0.0013024590152781457
    },
    "training_phase_time_s": {
      "count": 400,
      "total_s": 0.5060171958757564,
      "mean_s": 0.001265042989689391,
      "p50_s": 0.0012193125003250316,
      "p90_s": 0.0014326457894640046,
      "p99_s": 0.002284597164543811,
      "min_s": 0.0009030829824041575,
      "max_s": 0.012217375013278797
    },
    "convergence_time_s": null,
    "converged_epoch": null,
    "avg_cpu_utilization": 139.10000000000002,
    "final_validation_accuracy": 0.7760000235141544,
    "best_validation_accuracy": 0.784000023821613,
    "time_to_first_validation_accuracy_s": 1.5447499169968069,
    "time_to_best_accuracy_s": 2.2477916670031846,
    "final_validation_loss": 0.8414058685302734,
    "best_validation_loss": 0.8258976340293884,
    "time_to_best_loss_s": 2.578642291977303,
    "final_test_accuracy": 0.7920000235839136,
    "best_test_accuracy": 0.7920000235839136,
    "time_to_best_test_accuracy_s": 3.5693171249877196,
    "remote_feature_latency_s": {
      "count": 0,
      "total_s": 0.0,
      "mean_s": null,
      "p50_s": null,
      "p90_s": null,
      "p99_s": null,
      "min_s": null,
      "max_s": null
    },
    "remote_feature_total_s": 0.0,
    "cache_hits": 0,
    "cache_misses": 0,
    "cache_hit_rate": null,
    "validation_time_s": {
      "count": 100,
      "total_s": 0.4940870809077751,
      "mean_s": 0.004940870809077751,
      "p50_s": 0.004875687998719513,
      "p90_s": 0.005104100596508942,
      "p99_s": 0.007466139667376419,
      "min_s": 0.004225750017212704,
      "max_s": 0.009204250003676862
    },
    "saving_weights_time_s": {
      "count": 71,
      "total_s": 0.00015417180838994682,
      "mean_s": 2.1714339209851665e-06,
      "p50_s": 1.9579892978072166e-06,
      "p90_s": 2.542015863582492e-06,
      "p99_s": 6.824795855209229e-06,
      "min_s": 1.4579854905605316e-06,
      "max_s": 7.291004294529557e-06
    },
    "batch_train_loss_mean": 0.5864173321425915,
    "avg_batch_nodes": 353.295,
    "avg_batch_edges": 569.5375,
    "avg_seed_node_ratio": 0.08595311695354518
  },
  "notes": [
    "GPU/CPU utilization and explicit DB write/query timings are not in the Measurer CSV (unless you log them); this parser will report None for those.",
    "throughput_samples_per_s assumes nbr_training_datapoints is per-epoch; if it's total across training, remove the * epochs_completed multiplier.",
    "remote_feature_total_s is a proxy for time spent waiting on remote feature reads (DB reads)."
  ]
}