{
  "run": {
    "csv": "/var/lib/neo4j/data/projects/neo4j-mpgnn-thesis/experiment_results/results/run_11_2026-05-13/baseline_pyg/run_8/measurements.csv",
    "runtime_s": 2.781015027780086,
    "training_time_s": 2.7158182938583195,
    "epochs_completed": 90,
    "batches_seen": 360,
    "nbr_training_datapoints": 140.0
  },
  "metrics": {
    "throughput_samples_per_s": 4639.485649129855,
    "epoch_time_s": {
      "count": 90,
      "total_s": 1.8777271076105535,
      "mean_s": 0.02086363452900615,
      "p50_s": 0.020597244380041957,
      "p90_s": 0.02126671322621405,
      "p99_s": 0.02528044481761753,
      "min_s": 0.01979907788336277,
      "max_s": 0.03654087521135807
    },
    "sampling_phase_time_s": {
      "count": 360,
      "total_s": 0.3106699911877513,
      "mean_s": 0.0008629721977437536,
      "p50_s": 0.0008375453762710094,
      "p90_s": 0.0009366549085825682,
      "p99_s": 0.0011086640693247322,
      "min_s": 0.0007697599940001965,
      "max_s": 0.0025092982687056065
    },
    "training_phase_time_s": {
      "count": 360,
      "total_s": 1.3344238405115902,
      "mean_s": 0.003706732890309973,
      "p50_s": 0.003659939393401146,
      "p90_s": 0.0038655415177345277,
      "p99_s": 0.005263705560937564,
      "min_s": 0.0034028980880975723,
      "max_s": 0.007405478972941637
    },
    "convergence_time_s": null,
    "converged_epoch": null,
    "avg_cpu_utilization": null,
    "final_validation_accuracy": 0.7620000228491901,
    "best_validation_accuracy": 0.7800000234865813,
    "time_to_first_validation_accuracy_s": 0.1010434478521347,
    "time_to_best_accuracy_s": 2.205479623749852,
    "final_validation_loss": 0.8583225011825562,
    "best_validation_loss": 0.8378585577011108,
    "time_to_best_loss_s": 2.598713329061866,
    "final_test_accuracy": 0.7820000234902997,
    "best_test_accuracy": 0.7820000234902997,
    "time_to_best_test_accuracy_s": 2.8131959307938814,
    "remote_feature_latency_s": {
      "count": 0,
      "total_s": 0.0,
      "mean_s": null,
      "p50_s": null,
      "p90_s": null,
      "p99_s": null,
      "min_s": null,
      "max_s": null
    },
    "remote_feature_total_s": 0.0,
    "cache_hits": 0,
    "cache_misses": 0,
    "cache_hit_rate": null,
    "validation_time_s": {
      "count": 90,
      "total_s": 0.8495672554709017,
      "mean_s": 0.009439636171898908,
      "p50_s": 0.009341764030978084,
      "p90_s": 0.00973811922594905,
      "p99_s": 0.010815961477346717,
      "min_s": 0.009005717933177948,
      "max_s": 0.012859156355261803
    },
    "saving_weights_time_s": {
      "count": 59,
      "total_s": 0.00034293951466679573,
      "mean_s": 5.812534146894843e-06,
      "p50_s": 5.184672772884369e-06,
      "p90_s": 7.324479520320896e-06,
      "p99_s": 1.4204559847712528e-05,
      "min_s": 4.413072019815445e-06,
      "max_s": 1.7700251191854477e-05
    },
    "batch_train_loss_mean": 0.6248163229371938,
    "avg_batch_nodes": 356.8222222222222,
    "avg_batch_edges": 571.675,
    "avg_seed_node_ratio": 0.08479201533399884,
    "topo_query_sent_ms": null,
    "topo_first_record_ms": null,
    "topo_transfer_ms": null,
    "topo_etl_ms": null,
    "feat_x_query_sent_ms": null,
    "feat_x_first_record_ms": null,
    "feat_x_transfer_ms": null,
    "feat_x_etl_ms": null,
    "feat_x_etl_parse_ms": null,
    "feat_y_query_sent_ms": null,
    "feat_y_first_record_ms": null,
    "feat_y_transfer_ms": null,
    "feat_y_etl_ms": null,
    "network_baseline_ms": null,
    "avg_feat_bytes": null
  },
  "notes": [
    "GPU/CPU utilization and explicit DB write/query timings are not in the Measurer CSV (unless you log them); this parser will report None for those.",
    "throughput_samples_per_s assumes nbr_training_datapoints is per-epoch; if it's total across training, remove the * epochs_completed multiplier.",
    "remote_feature_total_s is a proxy for time spent waiting on remote feature reads (DB reads)."
  ]
}