{
  "sampler": {
    "plan_meta": {},
    "global": {
      "sample_count": 404,
      "avg_client_wall_time_ms": 7.129869195586531,
      "avg_result_available_after_ms": 0.4628712871287129,
      "avg_result_consumed_after_ms": 3.7004950495049505,
      "avg_profile_total_time_ms": 0.0,
      "avg_global_memory_bytes": 0.0,
      "avg_root_rows": 0.0,
      "avg_root_db_hits": 0.0,
      "avg_page_cache_hits": 0.0,
      "avg_page_cache_misses": 0.0,
      "avg_db_exec_time_ms": 0,
      "avg_network_transfer_ms": 3.7004950495049505,
      "avg_driver_overhead_ms": 7.129869195586531,
      "avg_query_startup_ms": 0.4628712871287129,
      "avg_exec_serialize_ms": 3.2376237623762374,
      "avg_client_recv_ms": 3.4293741460815808
    },
    "operators": [],
    "top_by_time_ms": [],
    "top_by_db_hits": [],
    "top_by_memory_bytes": []
  },
  "feat_x": {
    "plan_meta": {},
    "global": {
      "sample_count": 404,
      "avg_client_wall_time_ms": 93.25534663057084,
      "avg_result_available_after_ms": 1.6782178217821782,
      "avg_result_consumed_after_ms": 55.866336633663366,
      "avg_profile_total_time_ms": 0.0,
      "avg_global_memory_bytes": 0.0,
      "avg_root_rows": 0.0,
      "avg_root_db_hits": 0.0,
      "avg_page_cache_hits": 0.0,
      "avg_page_cache_misses": 0.0,
      "avg_db_exec_time_ms": 0,
      "avg_network_transfer_ms": 55.866336633663366,
      "avg_driver_overhead_ms": 93.25534663057084,
      "avg_query_startup_ms": 1.6782178217821782,
      "avg_exec_serialize_ms": 54.18811881188119,
      "avg_client_recv_ms": 37.389009996907475
    },
    "operators": [],
    "top_by_time_ms": [],
    "top_by_db_hits": [],
    "top_by_memory_bytes": []
  },
  "subphase_metrics": {
    "throughput_samples_per_s": 395.92368599163365,
    "epoch_time_s": {
      "count": 200,
      "total_s": 0.029519209638237953,
      "mean_s": 0.00014759604819118976,
      "p50_s": 0.00013105827383697033,
      "p90_s": 0.0001553029753267765,
      "p99_s": 0.00024051830172538052,
      "min_s": 0.00011706817895174026,
      "max_s": 0.0014865039847791195
    },
    "sampling_phase_time_s": {
      "count": 0,
      "total_s": 0.0,
      "mean_s": null,
      "p50_s": null,
      "p90_s": null,
      "p99_s": null,
      "min_s": null,
      "max_s": null
    },
    "training_phase_time_s": {
      "count": 0,
      "total_s": 0.0,
      "mean_s": null,
      "p50_s": null,
      "p90_s": null,
      "p99_s": null,
      "min_s": null,
      "max_s": null
    },
    "convergence_time_s": null,
    "converged_epoch": null,
    "avg_cpu_utilization": null,
    "final_validation_accuracy": 0.1260000033739221,
    "best_validation_accuracy": 0.1260000033739221,
    "time_to_first_validation_accuracy_s": 0.47990410728380084,
    "time_to_best_accuracy_s": 0.47990410728380084,
    "final_validation_loss": 1.8029417991638184,
    "best_validation_loss": 1.8029417991638184,
    "time_to_best_loss_s": 0.47991707315668464,
    "final_test_accuracy": 0.123000004087928,
    "best_test_accuracy": 0.123000004087928,
    "time_to_best_test_accuracy_s": 61.471555434167385,
    "remote_feature_latency_s": {
      "count": 404,
      "total_s": 37.904794671107084,
      "mean_s": 0.09382374918590862,
      "p50_s": 0.09222110291011631,
      "p90_s": 0.0994829417206347,
      "p99_s": 0.1408615920320153,
      "min_s": 0.05636505922302604,
      "max_s": 0.14841725723817945
    },
    "remote_feature_total_s": 37.904794671107084,
    "cache_hits": 404,
    "cache_misses": 404,
    "cache_hit_rate": 0.5,
    "validation_time_s": {
      "count": 200,
      "total_s": 60.87702481728047,
      "mean_s": 0.30438512408640234,
      "p50_s": 0.29521493101492524,
      "p90_s": 0.3120740142185241,
      "p99_s": 0.41630174966528943,
      "min_s": 0.2803818532265723,
      "max_s": 0.5347164156846702
    },
    "saving_weights_time_s": {
      "count": 1,
      "total_s": 7.404014468193054e-06,
      "mean_s": 7.404014468193054e-06,
      "p50_s": 7.404014468193054e-06,
      "p90_s": 7.404014468193054e-06,
      "p99_s": 7.404014468193054e-06,
      "min_s": 7.404014468193054e-06,
      "max_s": 7.404014468193054e-06
    },
    "batch_train_loss_mean": null,
    "avg_batch_nodes": null,
    "avg_batch_edges": null,
    "avg_seed_node_ratio": null,
    "topo_query_sent_ms": null,
    "topo_first_record_ms": null,
    "topo_transfer_ms": null,
    "topo_etl_ms": 1.1296918037080086,
    "feat_x_query_sent_ms": null,
    "feat_x_first_record_ms": null,
    "feat_x_transfer_ms": null,
    "feat_x_etl_ms": 6.829564863041338,
    "feat_x_etl_parse_ms": null,
    "feat_y_query_sent_ms": null,
    "feat_y_first_record_ms": null,
    "feat_y_transfer_ms": null,
    "feat_y_etl_ms": null,
    "network_baseline_ms": 7.129869195586531,
    "avg_feat_bytes": 18978791.584158417,
    "sampler_avg_db_exec_time_ms": 0,
    "sampler_avg_network_transfer_ms": 3.7004950495049505,
    "sampler_avg_driver_overhead_ms": 7.129869195586531,
    "sampler_avg_result_consumed_after_ms": 3.7004950495049505,
    "sampler_avg_result_available_after_ms": 0.4628712871287129,
    "sampler_avg_client_wall_time_ms": 7.129869195586531,
    "sampler_avg_query_startup_ms": 0.4628712871287129,
    "sampler_avg_exec_serialize_ms": 3.2376237623762374,
    "sampler_avg_client_recv_ms": 3.4293741460815808,
    "feat_x_avg_db_exec_time_ms": 0,
    "feat_x_avg_network_transfer_ms": 55.866336633663366,
    "feat_x_avg_driver_overhead_ms": 93.25534663057084,
    "feat_x_avg_result_consumed_after_ms": 55.866336633663366,
    "feat_x_avg_result_available_after_ms": 1.6782178217821782,
    "feat_x_avg_client_wall_time_ms": 93.25534663057084,
    "feat_x_avg_query_startup_ms": 1.6782178217821782,
    "feat_x_avg_exec_serialize_ms": 54.18811881188119,
    "feat_x_avg_client_recv_ms": 37.389009996907475,
    "topo_fetch_ms": 7.129869195586531
  }
}