{
  "config": {
    "dataset_name": "papers100M",
    "training_dataset_config": "papers100M",
    "training_implementation_config": "baseline_neo4j",
    "node_label": "Paper",
    "edge_type": "CITES",
    "feature_property": "feature_vector",
    "feature_property_type": "byte[]",
    "target_property": "subject",
    "nodeid_property": "id",
    "split_property_name": "split",
    "split_property_type": "str",
    "feature_dim": 128,
    "nbr_classes": 172,
    "node_counts": [
      1,
      2,
      4,
      8,
      16,
      32,
      64,
      128
    ],
    "nbr_runs": [
      3,
      3,
      3,
      3,
      3,
      3,
      3,
      3
    ],
    "inference_batch_size": 256,
    "num_neighbors": [
      10,
      5
    ],
    "num_hops": 2
  },
  "model": {
    "model_class": "GCN",
    "hidden_dim1": 256,
    "hidden_dim2": 128,
    "checkpoint_path": null,
    "model_name": "experiment_gcn_papers100M",
    "strategies": [
      "neighborhood_sampling",
      "in_db_java",
      "in_db_cypher_opt"
    ]
  },
  "results": {
    "1": {
      "neighborhood_sampling": {
        "accuracy": {
          "mean": 0.0,
          "ci95": 0.0
        },
        "total_time_s": {
          "mean": 0.510607335716486,
          "ci95": 0.9659960139466985
        },
        "ms_per_node": {
          "mean": 510.607335716486,
          "ci95": 965.9960139466987
        },
        "throughput_nodes_per_s": {
          "mean": 37.82798791452026,
          "ci95": 36.493098006520235
        },
        "peak_memory_mb": {
          "mean": 0.16660435994466147,
          "ci95": 0.17649946751774448
        },
        "p50_batch_ms": {
          "mean": 3.8830783839027085,
          "ci95": 2.2645026370283525
        },
        "p95_batch_ms": {
          "mean": 3.8830783839027085,
          "ci95": 2.2645026370283525
        },
        "n_batches": {
          "mean": 1.0,
          "ci95": 0.0
        }
      }
    },
    "2": {
      "neighborhood_sampling": {
        "accuracy": {
          "mean": 0.5,
          "ci95": 0.0
        },
        "total_time_s": {
          "mean": 0.18864390440285206,
          "ci95": 0.29451807990910694
        },
        "ms_per_node": {
          "mean": 94.32195220142603,
          "ci95": 147.2590399545535
        },
        "throughput_nodes_per_s": {
          "mean": 54.43100598090868,
          "ci95": 72.91355776275059
        },
        "peak_memory_mb": {
          "mean": 0.0746002197265625,
          "ci95": 0.009579737166415194
        },
        "p50_batch_ms": {
          "mean": 2.8929986680547395,
          "ci95": 0.7638672523772586
        },
        "p95_batch_ms": {
          "mean": 2.8929986680547395,
          "ci95": 0.7638672523772586
        },
        "n_batches": {
          "mean": 1.0,
          "ci95": 0.0
        }
      }
    },
    "4": {
      "neighborhood_sampling": {
        "accuracy": {
          "mean": 0.5,
          "ci95": 0.2829016319029166
        },
        "total_time_s": {
          "mean": 0.024822500223914783,
          "ci95": 0.0016150371506872415
        },
        "ms_per_node": {
          "mean": 6.205625055978696,
          "ci95": 0.40375928767181035
        },
        "throughput_nodes_per_s": {
          "mean": 161.48859953134675,
          "ci95": 10.169664390446103
        },
        "peak_memory_mb": {
          "mean": 0.08845138549804688,
          "ci95": 0.02390963790039811
        },
        "p50_batch_ms": {
          "mean": 2.4005010103185973,
          "ci95": 0.1544261519803872
        },
        "p95_batch_ms": {
          "mean": 2.4005010103185973,
          "ci95": 0.1544261519803872
        },
        "n_batches": {
          "mean": 1.0,
          "ci95": 0.0
        }
      }
    },
    "8": {
      "neighborhood_sampling": {
        "accuracy": {
          "mean": 0.25,
          "ci95": 0.1414508159514583
        },
        "total_time_s": {
          "mean": 0.026992166725297768,
          "ci95": 0.011305419025830325
        },
        "ms_per_node": {
          "mean": 3.374020840662221,
          "ci95": 1.4131773782287909
        },
        "throughput_nodes_per_s": {
          "mean": 323.2571613973023,
          "ci95": 125.54816605454351
        },
        "peak_memory_mb": {
          "mean": 0.09537537892659505,
          "ci95": 0.030621041349371513
        },
        "p50_batch_ms": {
          "mean": 2.47539005552729,
          "ci95": 0.09486187149085214
        },
        "p95_batch_ms": {
          "mean": 2.47539005552729,
          "ci95": 0.09486187149085214
        },
        "n_batches": {
          "mean": 1.0,
          "ci95": 0.0
        }
      }
    },
    "16": {
      "neighborhood_sampling": {
        "accuracy": {
          "mean": 0.14583333333333334,
          "ci95": 0.10803484520180412
        },
        "total_time_s": {
          "mean": 0.15903273969888687,
          "ci95": 0.25463036233684144
        },
        "ms_per_node": {
          "mean": 9.93954623118043,
          "ci95": 15.914397646052588
        },
        "throughput_nodes_per_s": {
          "mean": 379.0716400404945,
          "ci95": 334.10337406457
        },
        "peak_memory_mb": {
          "mean": 0.1655584971110026,
          "ci95": 0.007732435078030221
        },
        "p50_batch_ms": {
          "mean": 2.5357763903836408,
          "ci95": 0.0719781750838885
        },
        "p95_batch_ms": {
          "mean": 2.5357763903836408,
          "ci95": 0.0719781750838885
        },
        "n_batches": {
          "mean": 1.0,
          "ci95": 0.0
        }
      }
    },
    "32": {
      "neighborhood_sampling": {
        "accuracy": {
          "mean": 0.2604166666666667,
          "ci95": 0.08899418676395543
        },
        "total_time_s": {
          "mean": 0.049005827866494656,
          "ci95": 0.0253607357190239
        },
        "ms_per_node": {
          "mean": 1.531432120827958,
          "ci95": 0.7925229912194969
        },
        "throughput_nodes_per_s": {
          "mean": 735.301775271756,
          "ci95": 307.09034739265877
        },
        "peak_memory_mb": {
          "mean": 0.28824615478515625,
          "ci95": 0.055465932567806325
        },
        "p50_batch_ms": {
          "mean": 3.0917818658053875,
          "ci95": 0.42349398795307036
        },
        "p95_batch_ms": {
          "mean": 3.0917818658053875,
          "ci95": 0.42349398795307036
        },
        "n_batches": {
          "mean": 1.0,
          "ci95": 0.0
        }
      }
    },
    "64": {
      "neighborhood_sampling": {
        "accuracy": {
          "mean": 0.265625,
          "ci95": 0.09356092043868174
        },
        "total_time_s": {
          "mean": 0.04840947253008684,
          "ci95": 0.005695185111825444
        },
        "ms_per_node": {
          "mean": 0.7563980082826068,
          "ci95": 0.08898726737227257
        },
        "throughput_nodes_per_s": {
          "mean": 1331.7516034632706,
          "ci95": 158.58831360788741
        },
        "peak_memory_mb": {
          "mean": 0.5333395004272461,
          "ci95": 0.04199856201045154
        },
        "p50_batch_ms": {
          "mean": 3.2040060808261237,
          "ci95": 0.15111090111312775
        },
        "p95_batch_ms": {
          "mean": 3.2040060808261237,
          "ci95": 0.15111090111312775
        },
        "n_batches": {
          "mean": 1.0,
          "ci95": 0.0
        }
      }
    },
    "128": {
      "neighborhood_sampling": {
        "accuracy": {
          "mean": 0.3098958333333333,
          "ci95": 0.010208333333333335
        },
        "total_time_s": {
          "mean": 0.1640168644177417,
          "ci95": 0.19271774791186844
        },
        "ms_per_node": {
          "mean": 1.281381753263607,
          "ci95": 1.505607405561472
        },
        "throughput_nodes_per_s": {
          "mean": 1417.4416979947719,
          "ci95": 1041.575839031619
        },