{
  "sampler": {
    "plan_meta": {},
    "global": {
      "sample_count": 3074,
      "avg_client_wall_time_ms": 76.57888765227493,
      "avg_result_available_after_ms": 0.7013662979830839,
      "avg_result_consumed_after_ms": 64.17599219258295,
      "avg_profile_total_time_ms": 0.0,
      "avg_global_memory_bytes": 0.0,
      "avg_root_rows": 0.0,
      "avg_root_db_hits": 0.0,
      "avg_page_cache_hits": 0.0,
      "avg_page_cache_misses": 0.0,
      "avg_db_exec_time_ms": 0,
      "avg_network_transfer_ms": 64.17599219258295,
      "avg_driver_overhead_ms": 76.57888765227493,
      "avg_query_startup_ms": 0.7013662979830839,
      "avg_exec_serialize_ms": 63.47462589459987,
      "avg_client_recv_ms": 12.402895459691976
    },
    "operators": [],
    "top_by_time_ms": [],
    "top_by_db_hits": [],
    "top_by_memory_bytes": []
  },
  "feat_x": {
    "plan_meta": {},
    "global": {
      "sample_count": 3074,
      "avg_client_wall_time_ms": 128.48137169073547,
      "avg_result_available_after_ms": 9.487963565387117,
      "avg_result_consumed_after_ms": 103.37150292778139,
      "avg_profile_total_time_ms": 0.0,
      "avg_global_memory_bytes": 0.0,
      "avg_root_rows": 0.0,
      "avg_root_db_hits": 0.0,
      "avg_page_cache_hits": 0.0,
      "avg_page_cache_misses": 0.0,
      "avg_db_exec_time_ms": 0,
      "avg_network_transfer_ms": 103.37150292778139,
      "avg_driver_overhead_ms": 128.48137169073547,
      "avg_query_startup_ms": 9.487963565387117,
      "avg_exec_serialize_ms": 93.88353936239427,
      "avg_client_recv_ms": 25.10986876295408
    },
    "operators": [],
    "top_by_time_ms": [],
    "top_by_db_hits": [],
    "top_by_memory_bytes": []
  },
  "subphase_metrics": {
    "throughput_samples_per_s": 199.94344967099434,
    "epoch_time_s": {
      "count": 1,
      "total_s": 983.6261697919108,
      "mean_s": 983.6261697919108,
      "p50_s": 983.6261697919108,
      "p90_s": 983.6261697919108,
      "p99_s": 983.6261697919108,
      "min_s": 983.6261697919108,
      "max_s": 983.6261697919108
    },
    "sampling_phase_time_s": {
      "count": 3072,
      "total_s": 795.068988035433,
      "mean_s": 0.2588115195427842,
      "p50_s": 0.25163026829250157,
      "p90_s": 0.28397930404171345,
      "p99_s": 0.34371897442732,
      "min_s": 0.22240601107478142,
      "max_s": 0.7258490729145706
    },
    "training_phase_time_s": {
      "count": 3072,
      "total_s": 111.19312412152067,
      "mean_s": 0.036195678424974176,
      "p50_s": 0.0354517069645226,
      "p90_s": 0.038033705996349455,
      "p99_s": 0.04841685892082749,
      "min_s": 0.03274156292900443,
      "max_s": 0.07496438920497894
    },
    "convergence_time_s": null,
    "converged_epoch": null,
    "avg_cpu_utilization": null,
    "final_validation_accuracy": 0.0,
    "best_validation_accuracy": 0.0,
    "time_to_first_validation_accuracy_s": 987.9343619518913,
    "time_to_best_accuracy_s": 987.9343619518913,
    "final_validation_loss": 0.9167453646659852,
    "best_validation_loss": 0.9167453646659852,
    "time_to_best_loss_s": 987.9343704069033,
    "final_test_accuracy": 0.62,
    "best_test_accuracy": 0.62,
    "time_to_best_test_accuracy_s": 989.5322937481105,
    "remote_feature_latency_s": {
      "count": 3074,
      "total_s": 405.18164104083553,
      "mean_s": 0.13180925212779296,
      "p50_s": 0.12792185600847006,
      "p90_s": 0.151702885190025,
      "p99_s": 0.16826977116055786,
      "min_s": 0.004332761745899916,
      "max_s": 0.3646850227378309
    },
    "remote_feature_total_s": 405.18164104083553,
    "cache_hits": 3074,
    "cache_misses": 3074,
    "cache_hit_rate": 0.5,
    "validation_time_s": {
      "count": 1,
      "total_s": 0.581065216101706,
      "mean_s": 0.581065216101706,
      "p50_s": 0.581065216101706,
      "p90_s": 0.581065216101706,
      "p99_s": 0.581065216101706,
      "min_s": 0.581065216101706,
      "max_s": 0.581065216101706
    },
    "saving_weights_time_s": {
      "count": 1,
      "total_s": 9.816605597734451e-06,
      "mean_s": 9.816605597734451e-06,
      "p50_s": 9.816605597734451e-06,
      "p90_s": 9.816605597734451e-06,
      "p99_s": 9.816605597734451e-06,
      "min_s": 9.816605597734451e-06,
      "max_s": 9.816605597734451e-06
    },
    "batch_train_loss_mean": 0.987094160732037,
    "avg_batch_nodes": 11557.124674479166,
    "avg_batch_edges": 13623.5625,
    "avg_seed_node_ratio": 0.005540072524146476,
    "topo_query_sent_ms": null,
    "topo_first_record_ms": null,
    "topo_transfer_ms": null,
    "topo_etl_ms": 8.259021488933902,
    "feat_x_query_sent_ms": null,
    "feat_x_first_record_ms": null,
    "feat_x_transfer_ms": null,
    "feat_x_etl_ms": 14.199415459336983,
    "feat_x_etl_parse_ms": null,
    "feat_y_query_sent_ms": null,
    "feat_y_first_record_ms": null,
    "feat_y_transfer_ms": null,
    "feat_y_etl_ms": null,
    "network_baseline_ms": 76.57888765227493,
    "avg_feat_bytes": 1023455.6929082628,
    "sampler_avg_db_exec_time_ms": 0,
    "sampler_avg_network_transfer_ms": 64.17599219258295,
    "sampler_avg_driver_overhead_ms": 76.57888765227493,
    "sampler_avg_result_consumed_after_ms": 64.17599219258295,
    "sampler_avg_result_available_after_ms": 0.7013662979830839,
    "sampler_avg_client_wall_time_ms": 76.57888765227493,
    "sampler_avg_query_startup_ms": 0.7013662979830839,
    "sampler_avg_exec_serialize_ms": 63.47462589459987,
    "sampler_avg_client_recv_ms": 12.402895459691976,
    "feat_x_avg_db_exec_time_ms": 0,
    "feat_x_avg_network_transfer_ms": 103.37150292778139,
    "feat_x_avg_driver_overhead_ms": 128.48137169073547,
    "feat_x_avg_result_consumed_after_ms": 103.37150292778139,
    "feat_x_avg_result_available_after_ms": 9.487963565387117,
    "feat_x_avg_client_wall_time_ms": 128.48137169073547,
    "feat_x_avg_query_startup_ms": 9.487963565387117,
    "feat_x_avg_exec_serialize_ms": 93.88353936239427,
    "feat_x_avg_client_recv_ms": 25.10986876295408,
    "topo_fetch_ms": 76.57888765227493
  }
}