{
  "run": {
    "csv": "/Users/victorpekkari/Desktop/neo4j-mpgnn-thesis/experiment_results/results/run_0_2026-03-25/measurements.csv",
    "runtime_s": 16.660899957991205,
    "training_time_s": 15.574156125017907,
    "epochs_completed": 90,
    "batches_seen": 360,
    "nbr_training_datapoints": 140.0
  },
  "metrics": {
    "throughput_samples_per_s": 809.0325985470055,
    "epoch_time_s": {
      "count": 90,
      "total_s": 13.223360496049281,
      "mean_s": 0.1469262277338809,
      "p50_s": 0.07251985449693166,
      "p90_s": 0.07768644971074537,
      "p99_s": 3.290497591153253,
      "min_s": 0.06825083296280354,
      "max_s": 3.450168042036239
    },
    "sampling_phase_time_s": {
      "count": 360,
      "total_s": 11.650640168518294,
      "mean_s": 0.03236288935699526,
      "p50_s": 0.016656354040605947,
      "p90_s": 0.019076357962330804,
      "p99_s": 0.6653475758060813,
      "min_s": 0.013302750012371689,
      "max_s": 0.9445642079808749
    },
    "training_phase_time_s": {
      "count": 360,
      "total_s": 1.4087523052585311,
      "mean_s": 0.003913200847940364,
      "p50_s": 0.0013510624994523823,
      "p90_s": 0.0015322914230637254,
      "p99_s": 0.10541363052267175,
      "min_s": 0.0011139580165036023,
      "max_s": 0.17777370900148526
    },
    "convergence_time_s": null,
    "converged_epoch": null,
    "avg_cpu_utilization": null,
    "final_validation_accuracy": 0.87,
    "best_validation_accuracy": 0.9,
    "time_to_first_validation_accuracy_s": 3.567742708022706,
    "time_to_best_accuracy_s": 11.650544625008479,
    "final_validation_loss": 0.5495913624763489,
    "best_validation_loss": 0.5369570255279541,
    "time_to_best_loss_s": 16.21232854097616,
    "final_test_accuracy": 0.7730000229102785,
    "best_test_accuracy": 0.7730000229102785,
    "time_to_best_test_accuracy_s": 16.804638541012537,
    "remote_feature_latency_s": {
      "count": 454,
      "total_s": 10.060063941869885,
      "mean_s": 0.022158731149493138,
      "p50_s": 0.008945103967562318,
      "p90_s": 0.01872237510397099,
      "p99_s": 0.6051225592789704,
      "min_s": 0.006786999991163611,
      "max_s": 0.8577461670502089
    },
    "remote_feature_total_s": 10.060063941869885,
    "cache_hits": 454,
    "cache_misses": 454,
    "cache_hit_rate": 0.5,
    "validation_time_s": {
      "count": 90,
      "total_s": 3.3648822909453884,
      "mean_s": 0.037387581010504316,
      "p50_s": 0.03673291701124981,
      "p90_s": 0.03970875451923349,
      "p99_s": 0.04888223485322669,
      "min_s": 0.03361066698562354,
      "max_s": 0.05271787499077618
    },
    "saving_weights_time_s": {
      "count": 64,
      "total_s": 0.00013803900219500065,
      "mean_s": 2.156859409296885e-06,
      "p50_s": 1.9590079318732023e-06,
      "p90_s": 2.866168506443501e-06,
      "p99_s": 4.698745906352995e-06,
      "min_s": 1.333013642579317e-06,
      "max_s": 5.249981768429279e-06
    },
    "batch_train_loss_mean": 0.6653025209800236,
    "avg_batch_nodes": 355.525,
    "avg_batch_edges": 570.2388888888889,
    "avg_seed_node_ratio": 0.08516597276903505,
    "topo_query_sent_ms": null,
    "topo_first_record_ms": null,
    "topo_transfer_ms": null,
    "topo_etl_ms": 0.17169341039823344,
    "feat_x_query_sent_ms": null,
    "feat_x_first_record_ms": null,
    "feat_x_transfer_ms": null,
    "feat_x_etl_ms": 2.756961663268991,
    "feat_x_etl_parse_ms": 2.236876180313429,
    "feat_y_query_sent_ms": null,
    "feat_y_first_record_ms": null,
    "feat_y_transfer_ms": null,
    "feat_y_etl_ms": null,
    "network_baseline_ms": 3.9402535555717764,
    "sampler_avg_db_exec_time_ms": 2.5224321762114537,
    "sampler_avg_network_transfer_ms": 0.21325064317180642,
    "sampler_avg_driver_overhead_ms": 3.9402535555717764,
    "sampler_avg_result_consumed_after_ms": 2.73568281938326,
    "sampler_avg_result_available_after_ms": 0.19383259911894274,
    "sampler_avg_client_wall_time_ms": 6.46268573178323,
    "sampler_avg_query_startup_ms": 0.19383259911894274,
    "sampler_avg_exec_serialize_ms": 2.541850220264317,
    "sampler_avg_client_recv_ms": 3.72700291239997,
    "feat_x_avg_db_exec_time_ms": 1.2613763634361232,
    "feat_x_avg_network_transfer_ms": 0.13730205066079315,
    "feat_x_avg_driver_overhead_ms": 20.845581464855538,
    "feat_x_avg_result_consumed_after_ms": 1.3986784140969164,
    "feat_x_avg_result_available_after_ms": 0.15418502202643172,
    "feat_x_avg_client_wall_time_ms": 22.106957828291662,
    "feat_x_avg_query_startup_ms": 0.15418502202643172,
    "feat_x_avg_exec_serialize_ms": 1.2444933920704846,
    "feat_x_avg_client_recv_ms": 20.708279414194745,
    "topo_fetch_ms": 6.46268573178323
  },
  "notes": [
    "GPU/CPU utilization and explicit DB write/query timings are not in the Measurer CSV (unless you log them); this parser will report None for those.",
    "throughput_samples_per_s assumes nbr_training_datapoints is per-epoch; if it's total across training, remove the * epochs_completed multiplier.",
    "remote_feature_total_s is a proxy for time spent waiting on remote feature reads (DB reads)."
  ]
}