{
  "run": {
    "csv": "/Users/victorpekkari/Desktop/neo4j-mpgnn-thesis/experiments/results/run_3/measurements.csv",
    "runtime_s": 1.2587515420018462,
    "training_time_s": 0.22047862500767224,
    "epochs_completed": 20,
    "batches_seen": 20,
    "nbr_training_datapoints": 140.0
  },
  "metrics": {
    "throughput_samples_per_s": 12699.643785888838,
    "epoch_time_s": {
      "count": 20,
      "total_s": 0.1250808339973446,
      "mean_s": 0.00625404169986723,
      "p50_s": 0.004028854506032076,
      "p90_s": 0.00455780829070136,
      "p99_s": 0.03911072825736477,
      "min_s": 0.003764708002563566,
      "max_s": 0.047213499987265095
    },
    "sampling_phase_time_s": {
      "count": 20,
      "total_s": 0.013447667995933443,
      "mean_s": 0.0006723833997966721,
      "p50_s": 0.0004999165030312724,
      "p90_s": 0.0006270000041695312,
      "p99_s": 0.003080455974559296,
      "min_s": 0.0004418330063344911,
      "max_s": 0.0036488329933490604
    },
    "training_phase_time_s": {
      "count": 20,
      "total_s": 0.09433704003458843,
      "mean_s": 0.004716852001729421,
      "p50_s": 0.003454187492025085,
      "p90_s": 0.0038242911046836524,
      "p99_s": 0.02304291396867481,
      "min_s": 0.0032627500040689483,
      "max_s": 0.027533833010238595
    },
    "convergence_time_s": null,
    "converged_epoch": null,
    "avg_cpu_utilization": 101.2,
    "final_validation_accuracy": 0.5440000159757548,
    "best_validation_accuracy": 0.5440000159757548,
    "time_to_first_validation_accuracy_s": 1.0686502089956775,
    "time_to_best_accuracy_s": 1.2587394589936594,
    "final_validation_loss": 1.5455845594406128,
    "best_validation_loss": 1.5455845594406128,
    "time_to_best_loss_s": 1.258742624995648,
    "final_test_accuracy": 0.5320000161159912,
    "best_test_accuracy": 0.5320000161159912,
    "time_to_best_test_accuracy_s": 2.0523369169968646,
    "remote_feature_latency_s": {
      "count": 0,
      "total_s": 0.0,
      "mean_s": null,
      "p50_s": null,
      "p90_s": null,
      "p99_s": null,
      "min_s": null,
      "max_s": null
    },
    "remote_feature_total_s": 0.0,
    "cache_hits": 0,
    "cache_misses": 0,
    "cache_hit_rate": null,
    "validation_time_s": {
      "count": 20,
      "total_s": 0.12038420600583777,
      "mean_s": 0.006019210300291888,
      "p50_s": 0.005840687503223307,
      "p90_s": 0.006753586906415877,
      "p99_s": 0.008133554017549612,
      "min_s": 0.005326124999555759,
      "max_s": 0.008364791996427812
    },
    "saving_weights_time_s": {
      "count": 20,
      "total_s": 4.4788961531594396e-05,
      "mean_s": 2.23944807657972e-06,
      "p50_s": 1.8954960978589952e-06,
      "p90_s": 2.9577000532299285e-06,
      "p99_s": 5.6957731430884415e-06,
      "min_s": 1.4160032151266932e-06,
      "max_s": 6.250003934837878e-06
    },
    "batch_train_loss_mean": 1.7693803787231446,
    "avg_batch_nodes": 1141.0,
    "avg_batch_edges": 2284.65,
    "avg_seed_node_ratio": 0.12270910444078593
  },
  "notes": [
    "GPU/CPU utilization and explicit DB write/query timings are not in the Measurer CSV (unless you log them); this parser will report None for those.",
    "throughput_samples_per_s assumes nbr_training_datapoints is per-epoch; if it's total across training, remove the * epochs_completed multiplier.",
    "remote_feature_total_s is a proxy for time spent waiting on remote feature reads (DB reads)."
  ]
}