{
  "run": {
    "csv": "/home/victor.pekkari/thesis-folder/neo4j-mpgnn-thesis/experiment_results/results/run_13_2026-05-12/measurements.csv",
    "runtime_s": 6.621994407847524,
    "training_time_s": 6.186778432223946,
    "epochs_completed": 20,
    "batches_seen": 20,
    "nbr_training_datapoints": 120.0
  },
  "metrics": {
    "throughput_samples_per_s": 387.92402642052883,
    "epoch_time_s": {
      "count": 20,
      "total_s": 0.9378823321312666,
      "mean_s": 0.04689411660656333,
      "p50_s": 0.04295917158015072,
      "p90_s": 0.056480255722999584,
      "p99_s": 0.07316735126543789,
      "min_s": 0.03785488102585077,
      "max_s": 0.0749305346980691
    },
    "sampling_phase_time_s": {
      "count": 20,
      "total_s": 0.8012656448408961,
      "mean_s": 0.040063282242044806,
      "p50_s": 0.03625704953446984,
      "p90_s": 0.05017317952588202,
      "p99_s": 0.06150590916164219,
      "min_s": 0.03182297293096781,
      "max_s": 0.062015049159526825
    },
    "training_phase_time_s": {
      "count": 20,
      "total_s": 0.11665006773546338,
      "mean_s": 0.005832503386773169,
      "p50_s": 0.005401546601206064,
      "p90_s": 0.0063156848307698975,
      "p99_s": 0.009740353189408774,
      "min_s": 0.005243118852376938,
      "max_s": 0.010451124049723148
    },
    "convergence_time_s": null,
    "converged_epoch": null,
    "avg_cpu_utilization": null,
    "final_validation_accuracy": 0.3000000077223436,
    "best_validation_accuracy": 0.3000000077223436,
    "time_to_first_validation_accuracy_s": 0.45384803088381886,
    "time_to_best_accuracy_s": 6.6219467469491065,
    "final_validation_loss": 1.6465768814086914,
    "best_validation_loss": 1.6465768814086914,
    "time_to_best_loss_s": 6.6219621622003615,
    "final_test_accuracy": 0.2900000082826691,
    "best_test_accuracy": 0.2900000082826691,
    "time_to_best_test_accuracy_s": 7.051162751857191,
    "remote_feature_latency_s": {
      "count": 64,
      "total_s": 5.109218072611839,
      "mean_s": 0.07983153238455998,
      "p50_s": 0.08829076611436903,
      "p90_s": 0.12843994600698352,
      "p99_s": 0.15343053443357346,
      "min_s": 0.024558844976127148,
      "max_s": 0.15963768493384123
    },
    "remote_feature_total_s": 5.109218072611839,
    "cache_hits": 64,
    "cache_misses": 64,
    "cache_hit_rate": 0.5,
    "validation_time_s": {
      "count": 20,
      "total_s": 5.587736299261451,
      "mean_s": 0.27938681496307255,
      "p50_s": 0.26725886506028473,
      "p90_s": 0.34731982741504913,
      "p99_s": 0.37239971552044154,
      "min_s": 0.23830846277996898,
      "max_s": 0.37293003499507904
    },
    "saving_weights_time_s": {
      "count": 20,
      "total_s": 0.00013255001977086067,
      "mean_s": 6.627500988543034e-06,
      "p50_s": 6.4694322645664215e-06,
      "p90_s": 7.573748007416726e-06,
      "p99_s": 8.19241628050804e-06,
      "min_s": 6.002373993396759e-06,
      "max_s": 8.233822882175446e-06
    },
    "batch_train_loss_mean": 1.6348644137382506,
    "avg_batch_nodes": 493.3,
    "avg_batch_edges": 761.2,
    "avg_seed_node_ratio": 0.1303140740897079,
    "topo_query_sent_ms": null,
    "topo_first_record_ms": null,
    "topo_transfer_ms": null,
    "topo_etl_ms": 0.86258022201946,
    "feat_x_query_sent_ms": null,
    "feat_x_first_record_ms": null,
    "feat_x_transfer_ms": null,
    "feat_x_etl_ms": 4.664242813305464,
    "feat_x_etl_parse_ms": null,
    "feat_y_query_sent_ms": null,
    "feat_y_first_record_ms": null,
    "feat_y_transfer_ms": null,
    "feat_y_etl_ms": null,
    "network_baseline_ms": 5.196101075853221,
    "avg_feat_bytes": 15666930.125,
    "sampler_avg_db_exec_time_ms": 0,
    "sampler_avg_network_transfer_ms": 2.984375,
    "sampler_avg_driver_overhead_ms": 5.196101075853221,
    "sampler_avg_result_consumed_after_ms": 2.984375,
    "sampler_avg_result_available_after_ms": 0.5,
    "sampler_avg_client_wall_time_ms": 5.196101075853221,
    "sampler_avg_query_startup_ms": 0.5,
    "sampler_avg_exec_serialize_ms": 2.484375,
    "sampler_avg_client_recv_ms": 2.211726075853221,
    "feat_x_avg_db_exec_time_ms": 0,
    "feat_x_avg_network_transfer_ms": 43.5625,
    "feat_x_avg_driver_overhead_ms": 79.6997766228742,
    "feat_x_avg_result_consumed_after_ms": 43.5625,
    "feat_x_avg_result_available_after_ms": 0.484375,
    "feat_x_avg_client_wall_time_ms": 79.6997766228742,
    "feat_x_avg_query_startup_ms": 0.484375,
    "feat_x_avg_exec_serialize_ms": 43.078125,
    "feat_x_avg_client_recv_ms": 36.1372766228742,
    "topo_fetch_ms": 5.196101075853221
  },
  "notes": [
    "GPU/CPU utilization and explicit DB write/query timings are not in the Measurer CSV (unless you log them); this parser will report None for those.",
    "throughput_samples_per_s assumes nbr_training_datapoints is per-epoch; if it's total across training, remove the * epochs_completed multiplier.",
    "remote_feature_total_s is a proxy for time spent waiting on remote feature reads (DB reads)."
  ]
}