{
  "sampler": {
    "plan_meta": {},
    "global": {
      "sample_count": 604,
      "avg_client_wall_time_ms": 5.876407815939099,
      "avg_result_available_after_ms": 0.5016556291390728,
      "avg_result_consumed_after_ms": 2.9453642384105962,
      "avg_profile_total_time_ms": 0.0,
      "avg_global_memory_bytes": 0.0,
      "avg_root_rows": 0.0,
      "avg_root_db_hits": 0.0,
      "avg_page_cache_hits": 0.0,
      "avg_page_cache_misses": 0.0,
      "avg_db_exec_time_ms": 0,
      "avg_network_transfer_ms": 2.9453642384105962,
      "avg_driver_overhead_ms": 5.876407815939099,
      "avg_query_startup_ms": 0.5016556291390728,
      "avg_exec_serialize_ms": 2.4437086092715234,
      "avg_client_recv_ms": 2.9310435775285026
    },
    "operators": [],
    "top_by_time_ms": [],
    "top_by_db_hits": [],
    "top_by_memory_bytes": []
  },
  "feat_x": {
    "plan_meta": {},
    "global": {
      "sample_count": 604,
      "avg_client_wall_time_ms": 67.48413325392252,
      "avg_result_available_after_ms": 0.46357615894039733,
      "avg_result_consumed_after_ms": 31.236754966887418,
      "avg_profile_total_time_ms": 0.0,
      "avg_global_memory_bytes": 0.0,
      "avg_root_rows": 0.0,
      "avg_root_db_hits": 0.0,
      "avg_page_cache_hits": 0.0,
      "avg_page_cache_misses": 0.0,
      "avg_db_exec_time_ms": 0,
      "avg_network_transfer_ms": 31.236754966887418,
      "avg_driver_overhead_ms": 67.48413325392252,
      "avg_query_startup_ms": 0.46357615894039733,
      "avg_exec_serialize_ms": 30.77317880794702,
      "avg_client_recv_ms": 36.247378287035104
    },
    "operators": [],
    "top_by_time_ms": [],
    "top_by_db_hits": [],
    "top_by_memory_bytes": []
  },
  "subphase_metrics": {
    "throughput_samples_per_s": 416.1233176242364,
    "epoch_time_s": {
      "count": 200,
      "total_s": 9.631407283246517,
      "mean_s": 0.04815703641623258,
      "p50_s": 0.04669607896357775,
      "p90_s": 0.05418945462442934,
      "p99_s": 0.06294224738609046,
      "min_s": 0.03993407590314746,
      "max_s": 0.06797017622739077
    },
    "sampling_phase_time_s": {
      "count": 200,
      "total_s": 8.367458143737167,
      "mean_s": 0.04183729071868583,
      "p50_s": 0.04049010667949915,
      "p90_s": 0.04770543351769447,
      "p99_s": 0.055760359615087504,
      "min_s": 0.03377381106838584,
      "max_s": 0.0568810161203146
    },
    "training_phase_time_s": {
      "count": 200,
      "total_s": 1.0874434001743793,
      "mean_s": 0.005437217000871897,
      "p50_s": 0.005311287473887205,
      "p90_s": 0.005828494438901544,
      "p99_s": 0.006556200496852392,
      "min_s": 0.004905235953629017,
      "max_s": 0.010183971840888262
    },
    "convergence_time_s": null,
    "converged_epoch": null,
    "avg_cpu_utilization": null,
    "final_validation_accuracy": 0.6520000190023699,
    "best_validation_accuracy": 0.6540000190973648,
    "time_to_first_validation_accuracy_s": 0.44783296110108495,
    "time_to_best_accuracy_s": 20.580887126736343,
    "final_validation_loss": 1.1121829748153689,
    "best_validation_loss": 1.094334602355957,
    "time_to_best_loss_s": 28.107907806988806,
    "final_test_accuracy": 0.6530000187360264,
    "best_test_accuracy": 0.6530000187360264,
    "time_to_best_test_accuracy_s": 58.44645502977073,
    "remote_feature_latency_s": {
      "count": 604,
      "total_s": 40.842614020220935,
      "mean_s": 0.06762022188778301,
      "p50_s": 0.08136528707109392,
      "p90_s": 0.08731265193782747,
      "p99_s": 0.10284921188373122,
      "min_s": 0.025136991869658232,
      "max_s": 0.10689702397212386
    },
    "remote_feature_total_s": 40.842614020220935,
    "cache_hits": 604,
    "cache_misses": 604,
    "cache_hit_rate": 0.5,
    "validation_time_s": {
      "count": 200,
      "total_s": 48.33315009949729,
      "mean_s": 0.24166575049748645,
      "p50_s": 0.23542439960874617,
      "p90_s": 0.2674405264202505,
      "p99_s": 0.28202474656514687,
      "min_s": 0.2197724892757833,
      "max_s": 0.4604580677114427
    },
    "saving_weights_time_s": {
      "count": 97,
      "total_s": 0.00059157470241189,
      "mean_s": 6.098708272287526e-06,
      "p50_s": 5.9069134294986725e-06,
      "p90_s": 6.734486669301987e-06,
      "p99_s": 1.074992120265959e-05,
      "min_s": 5.1888637244701385e-06,
      "max_s": 1.2909993529319763e-05
    },
    "batch_train_loss_mean": 0.34934011187870057,
    "avg_batch_nodes": 493.05,
    "avg_batch_edges": 760.075,
    "avg_seed_node_ratio": 0.1303115972778423,
    "topo_query_sent_ms": null,
    "topo_first_record_ms": null,
    "topo_transfer_ms": null,
    "topo_etl_ms": 0.9037577809260183,
    "feat_x_query_sent_ms": null,
    "feat_x_first_record_ms": null,
    "feat_x_transfer_ms": null,
    "feat_x_etl_ms": 4.515061144168112,
    "feat_x_etl_parse_ms": null,
    "feat_y_query_sent_ms": null,
    "feat_y_first_record_ms": null,
    "feat_y_transfer_ms": null,
    "feat_y_etl_ms": null,
    "network_baseline_ms": 5.876407815939099,
    "avg_feat_bytes": 15604540.092715232,
    "sampler_avg_db_exec_time_ms": 0,
    "sampler_avg_network_transfer_ms": 2.9453642384105962,
    "sampler_avg_driver_overhead_ms": 5.876407815939099,
    "sampler_avg_result_consumed_after_ms": 2.9453642384105962,
    "sampler_avg_result_available_after_ms": 0.5016556291390728,
    "sampler_avg_client_wall_time_ms": 5.876407815939099,
    "sampler_avg_query_startup_ms": 0.5016556291390728,
    "sampler_avg_exec_serialize_ms": 2.4437086092715234,
    "sampler_avg_client_recv_ms": 2.9310435775285026,
    "feat_x_avg_db_exec_time_ms": 0,
    "feat_x_avg_network_transfer_ms": 31.236754966887418,
    "feat_x_avg_driver_overhead_ms": 67.48413325392252,
    "feat_x_avg_result_consumed_after_ms": 31.236754966887418,
    "feat_x_avg_result_available_after_ms": 0.46357615894039733,
    "feat_x_avg_client_wall_time_ms": 67.48413325392252,
    "feat_x_avg_query_startup_ms": 0.46357615894039733,
    "feat_x_avg_exec_serialize_ms": 30.77317880794702,
    "feat_x_avg_client_recv_ms": 36.247378287035104,
    "topo_fetch_ms": 5.876407815939099
  }
}