{
  "run": {
    "csv": "/home/victor.pekkari/thesis-folder/neo4j-mpgnn-thesis/experiment_results/results/run_6_2026-05-11/measurements.csv",
    "runtime_s": 897.7846104889177,
    "training_time_s": 891.3780188509263,
    "epochs_completed": 1,
    "batches_seen": 384,
    "nbr_training_datapoints": 196615.0
  },
  "metrics": {
    "throughput_samples_per_s": 220.57420739795225,
    "epoch_time_s": {
      "count": 1,
      "total_s": 893.4338421039283,
      "mean_s": 893.4338421039283,
      "p50_s": 893.4338421039283,
      "p90_s": 893.4338421039283,
      "p99_s": 893.4338421039283,
      "min_s": 893.4338421039283,
      "max_s": 893.4338421039283
    },
    "sampling_phase_time_s": {
      "count": 384,
      "total_s": 730.9788312241435,
      "mean_s": 1.9035907063128736,
      "p50_s": 1.8491746049840003,
      "p90_s": 2.101103152800351,
      "p99_s": 2.259907200946473,
      "min_s": 1.7377656251192093,
      "max_s": 2.351418818347156
    },
    "training_phase_time_s": {
      "count": 384,
      "total_s": 93.32805197825655,
      "mean_s": 0.24304180202670977,
      "p50_s": 0.23873419757001102,
      "p90_s": 0.26320181335322557,
      "p99_s": 0.2878288413258269,
      "min_s": 0.22724515572190285,
      "max_s": 0.31386792520061135
    },
    "convergence_time_s": null,
    "converged_epoch": null,
    "avg_cpu_utilization": null,
    "final_validation_accuracy": 0.0,
    "best_validation_accuracy": 0.0,
    "time_to_first_validation_accuracy_s": 897.7845364571549,
    "time_to_best_accuracy_s": 897.7845364571549,
    "final_validation_loss": 0.9847767949104308,
    "best_validation_loss": 0.9847767949104308,
    "time_to_best_loss_s": 897.7845446160063,
    "final_test_accuracy": 0.48,
    "best_test_accuracy": 0.48,
    "time_to_best_test_accuracy_s": 899.8444260801189,
    "remote_feature_latency_s": {
      "count": 386,
      "total_s": 366.7435751259327,
      "mean_s": 0.9501128889272867,
      "p50_s": 0.9159163429867476,
      "p90_s": 1.101907011354342,
      "p99_s": 1.1715219209436327,
      "min_s": 0.04992596199735999,
      "max_s": 1.2213995805941522
    },
    "remote_feature_total_s": 366.7435751259327,
    "cache_hits": 386,
    "cache_misses": 386,
    "cache_hit_rate": 0.5,
    "validation_time_s": {
      "count": 1,
      "total_s": 0.7764087878167629,
      "mean_s": 0.7764087878167629,
      "p50_s": 0.7764087878167629,
      "p90_s": 0.7764087878167629,
      "p99_s": 0.7764087878167629,
      "min_s": 0.7764087878167629,
      "max_s": 0.7764087878167629
    },
    "saving_weights_time_s": {
      "count": 1,
      "total_s": 1.2890901416540146e-05,
      "mean_s": 1.2890901416540146e-05,
      "p50_s": 1.2890901416540146e-05,
      "p90_s": 1.2890901416540146e-05,
      "p99_s": 1.2890901416540146e-05,
      "min_s": 1.2890901416540146e-05,
      "max_s": 1.2890901416540146e-05
    },
    "batch_train_loss_mean": 1.8822205880035956,
    "avg_batch_nodes": 85211.18229166667,
    "avg_batch_edges": 107651.24479166667,
    "avg_seed_node_ratio": 0.006008907331670505,
    "topo_query_sent_ms": null,
    "topo_first_record_ms": null,
    "topo_transfer_ms": null,
    "topo_etl_ms": 70.34419413892446,
    "feat_x_query_sent_ms": null,
    "feat_x_first_record_ms": null,
    "feat_x_transfer_ms": null,
    "feat_x_etl_ms": 112.86769188105713,
    "feat_x_etl_parse_ms": null,
    "feat_y_query_sent_ms": null,
    "feat_y_first_record_ms": null,
    "feat_y_transfer_ms": null,
    "feat_y_etl_ms": null,
    "network_baseline_ms": 559.2478634777523,
    "avg_feat_bytes": 8044796.89119171,
    "sampler_avg_db_exec_time_ms": 0,
    "sampler_avg_network_transfer_ms": 493.7461139896373,
    "sampler_avg_driver_overhead_ms": 559.2478634777523,
    "sampler_avg_result_consumed_after_ms": 493.7461139896373,
    "sampler_avg_result_available_after_ms": 0.6917098445595855,
    "sampler_avg_client_wall_time_ms": 559.2478634777523,
    "sampler_avg_query_startup_ms": 0.6917098445595855,
    "sampler_avg_exec_serialize_ms": 493.05440414507774,
    "sampler_avg_client_recv_ms": 65.50174948811497,
    "feat_x_avg_db_exec_time_ms": 0,
    "feat_x_avg_network_transfer_ms": 743.3937823834196,
    "feat_x_avg_driver_overhead_ms": 927.8294255611984,
    "feat_x_avg_result_consumed_after_ms": 743.3937823834196,
    "feat_x_avg_result_available_after_ms": 66.93264248704664,
    "feat_x_avg_client_wall_time_ms": 927.8294255611984,
    "feat_x_avg_query_startup_ms": 66.93264248704664,
    "feat_x_avg_exec_serialize_ms": 676.461139896373,
    "feat_x_avg_client_recv_ms": 184.43564317777873,
    "topo_fetch_ms": 559.2478634777523
  },
  "notes": [
    "GPU/CPU utilization and explicit DB write/query timings are not in the Measurer CSV (unless you log them); this parser will report None for those.",
    "throughput_samples_per_s assumes nbr_training_datapoints is per-epoch; if it's total across training, remove the * epochs_completed multiplier.",
    "remote_feature_total_s is a proxy for time spent waiting on remote feature reads (DB reads)."
  ]
}