{
  "run": {
    "csv": "/var/lib/neo4j/data/projects/neo4j-mpgnn-thesis/experiment_results/results/run_28_2026-06-01/measurements.csv",
    "runtime_s": 98.1945547843352,
    "training_time_s": 96.37277707736939,
    "epochs_completed": 1,
    "batches_seen": 710,
    "nbr_training_datapoints": 90941.0
  },
  "metrics": {
    "throughput_samples_per_s": 943.6378483416672,
    "epoch_time_s": {
      "count": 1,
      "total_s": 96.53565275855362,
      "mean_s": 96.53565275855362,
      "p50_s": 96.53565275855362,
      "p90_s": 96.53565275855362,
      "p99_s": 96.53565275855362,
      "min_s": 96.53565275855362,
      "max_s": 96.53565275855362
    },
    "sampling_phase_time_s": {
      "count": 710,
      "total_s": 91.08491682540625,
      "mean_s": 0.12828861524705107,
      "p50_s": 0.12156220665201545,
      "p90_s": 0.144229051284492,
      "p99_s": 0.314000435089692,
      "min_s": 0.09156339894980192,
      "max_s": 0.3687417609617114
    },
    "training_phase_time_s": {
      "count": 710,
      "total_s": 4.136881548911333,
      "mean_s": 0.005826593730861033,
      "p50_s": 0.005759069696068764,
      "p90_s": 0.0061201734468340875,
      "p99_s": 0.00810659537091851,
      "min_s": 0.0050727734342217445,
      "max_s": 0.013428695499897003
    },
    "convergence_time_s": null,
    "converged_epoch": null,
    "avg_cpu_utilization": null,
    "final_validation_accuracy": 0.0,
    "best_validation_accuracy": 0.0,
    "time_to_first_validation_accuracy_s": 98.19450327940285,
    "time_to_best_accuracy_s": 98.19450327940285,
    "final_validation_loss": 0.0,
    "best_validation_loss": 0.0,
    "time_to_best_loss_s": 98.19451440684497,
    "final_test_accuracy": 0.0,
    "best_test_accuracy": 0.0,
    "time_to_best_test_accuracy_s": 98.29928320553154,
    "remote_feature_latency_s": {
      "count": 710,
      "total_s": 52.17036609072238,
      "mean_s": 0.07347938886017237,
      "p50_s": 0.07005914393812418,
      "p90_s": 0.08249082276597619,
      "p99_s": 0.23765413925983006,
      "min_s": 0.05267277266830206,
      "max_s": 0.32717463187873363
    },
    "remote_feature_total_s": 52.17036609072238,
    "cache_hits": 710,
    "cache_misses": 710,
    "cache_hit_rate": 0.5,
    "validation_time_s": {
      "count": 1,
      "total_s": 0.09126862231642008,
      "mean_s": 0.09126862231642008,
      "p50_s": 0.09126862231642008,
      "p90_s": 0.09126862231642008,
      "p99_s": 0.09126862231642008,
      "min_s": 0.09126862231642008,
      "max_s": 0.09126862231642008
    },
    "saving_weights_time_s": {
      "count": 1,
      "total_s": 6.664544343948364e-06,
      "mean_s": 6.664544343948364e-06,
      "p50_s": 6.664544343948364e-06,
      "p90_s": 6.664544343948364e-06,
      "p99_s": 6.664544343948364e-06,
      "min_s": 6.664544343948364e-06,
      "max_s": 6.664544343948364e-06
    },
    "batch_train_loss_mean": 2.025486218089789,
    "avg_batch_nodes": 1394.849295774648,
    "avg_batch_edges": 1462.1704225352112,
    "avg_seed_node_ratio": 0.09255142973346399,
    "topo_query_sent_ms": null,
    "topo_first_record_ms": null,
    "topo_transfer_ms": null,
    "topo_etl_ms": 0.9625045884348137,
    "feat_x_query_sent_ms": null,
    "feat_x_first_record_ms": null,
    "feat_x_transfer_ms": null,
    "feat_x_etl_ms": 2.005852404719507,
    "feat_x_etl_parse_ms": 20.274370532272986,
    "feat_y_query_sent_ms": null,
    "feat_y_first_record_ms": null,
    "feat_y_transfer_ms": null,
    "feat_y_etl_ms": null,
    "network_baseline_ms": 14.987290350600912,
    "avg_feat_bytes": 714162.8394366198,
    "sampler_avg_db_exec_time_ms": 13.271246097183099,
    "sampler_avg_network_transfer_ms": 1.1977679873239442,
    "sampler_avg_driver_overhead_ms": 14.987290350600912,
    "sampler_avg_result_consumed_after_ms": 14.469014084507043,
    "sampler_avg_result_available_after_ms": 1.3126760563380282,
    "sampler_avg_client_wall_time_ms": 28.25853644778401,
    "sampler_avg_query_startup_ms": 1.3126760563380282,
    "sampler_avg_exec_serialize_ms": 13.156338028169014,
    "sampler_avg_client_recv_ms": 13.789522363276967,
    "feat_x_avg_db_exec_time_ms": 16.020345991549295,
    "feat_x_avg_network_transfer_ms": 1.6120483746478875,
    "feat_x_avg_driver_overhead_ms": 57.31954981020057,
    "feat_x_avg_result_consumed_after_ms": 17.632394366197182,
    "feat_x_avg_result_available_after_ms": 1.4183098591549297,
    "feat_x_avg_client_wall_time_ms": 73.33989580174986,
    "feat_x_avg_query_startup_ms": 1.4183098591549297,
    "feat_x_avg_exec_serialize_ms": 16.21408450704225,
    "feat_x_avg_client_recv_ms": 55.70750143555268,
    "topo_fetch_ms": 28.25853644778401
  },
  "notes": [
    "GPU/CPU utilization and explicit DB write/query timings are not in the Measurer CSV (unless you log them); this parser will report None for those.",
    "throughput_samples_per_s assumes nbr_training_datapoints is per-epoch; if it's total across training, remove the * epochs_completed multiplier.",
    "remote_feature_total_s is a proxy for time spent waiting on remote feature reads (DB reads)."
  ]
}