{
  "run": {
    "csv": "/Users/victorpekkari/Desktop/neo4j-mpgnn-thesis/experiment_results/results/run_15_2026-03-25/measurements.csv",
    "runtime_s": 61.215333292027935,
    "training_time_s": 59.87741424998967,
    "epochs_completed": 90,
    "batches_seen": 360,
    "nbr_training_datapoints": 140.0
  },
  "metrics": {
    "throughput_samples_per_s": 210.42992851018403,
    "epoch_time_s": {
      "count": 90,
      "total_s": 52.924540584208444,
      "mean_s": 0.5880504509356493,
      "p50_s": 0.4159887085261289,
      "p90_s": 0.4307684210711159,
      "p99_s": 7.723277733641443,
      "min_s": 0.4007408749894239,
      "max_s": 8.570000000006985
    },
    "sampling_phase_time_s": {
      "count": 360,
      "total_s": 14.380299132259097,
      "mean_s": 0.03994527536738638,
      "p50_s": 0.02342172898352146,
      "p90_s": 0.02579122941824608,
      "p99_s": 0.6855999714974331,
      "min_s": 0.015061500016599894,
      "max_s": 1.2329862500191666
    },
    "training_phase_time_s": {
      "count": 360,
      "total_s": 38.39471661119023,
      "mean_s": 0.10665199058663953,
      "p50_s": 0.0806104165094439,
      "p90_s": 0.08740336216287688,
      "p99_s": 1.227693916238497,
      "min_s": 0.07026154099730775,
      "max_s": 1.4991658329963684
    },
    "convergence_time_s": null,
    "converged_epoch": null,
    "avg_cpu_utilization": null,
    "final_validation_accuracy": 0.33,
    "best_validation_accuracy": 0.47,
    "time_to_first_validation_accuracy_s": 9.046561333991122,
    "time_to_best_accuracy_s": 53.1485687920358,
    "final_validation_loss": 5.678547382354736,
    "best_validation_loss": 1.5479732751846311,
    "time_to_best_loss_s": 28.961453124997206,
    "final_test_accuracy": 0.3440000108475315,
    "best_test_accuracy": 0.3440000108475315,
    "time_to_best_test_accuracy_s": 61.66162812500261,
    "remote_feature_latency_s": {
      "count": 454,
      "total_s": 10.56993261561729,
      "mean_s": 0.023281789902240727,
      "p50_s": 0.009492166485870257,
      "p90_s": 0.018809379509184508,
      "p99_s": 0.5864082297700216,
      "min_s": 0.006861000030767173,
      "max_s": 1.1653527910239063
    },
    "remote_feature_total_s": 10.56993261561729,
    "cache_hits": 454,
    "cache_misses": 454,
    "cache_hit_rate": 0.5,
    "validation_time_s": {
      "count": 90,
      "total_s": 7.908591332670767,
      "mean_s": 0.08787323702967519,
      "p50_s": 0.08718735448201187,
      "p90_s": 0.09114775450434535,
      "p99_s": 0.09772224887565244,
      "min_s": 0.08298779098549858,
      "max_s": 0.10499124997295439
    },
    "saving_weights_time_s": {
      "count": 13,
      "total_s": 3.650010330602527e-05,
      "mean_s": 2.807700254309636e-06,
      "p50_s": 2.416956704109907e-06,
      "p90_s": 2.89201270788908e-06,
      "p99_s": 7.096999324858184e-06,
      "min_s": 1.8330174498260021e-06,
      "max_s": 7.6669966802001e-06
    },
    "batch_train_loss_mean": 1.0399187726796502,
    "avg_batch_nodes": 357.21944444444443,
    "avg_batch_edges": 572.2722222222222,
    "avg_seed_node_ratio": 0.08467231213136442,
    "topo_query_sent_ms": null,
    "topo_first_record_ms": null,
    "topo_transfer_ms": null,
    "topo_etl_ms": 0.1719047748514488,
    "feat_x_query_sent_ms": null,
    "feat_x_first_record_ms": null,
    "feat_x_transfer_ms": null,
    "feat_x_etl_ms": 2.712659419581934,
    "feat_x_etl_parse_ms": 2.2167910512491633,
    "feat_y_query_sent_ms": null,
    "feat_y_first_record_ms": null,
    "feat_y_transfer_ms": null,
    "feat_y_etl_ms": null,
    "network_baseline_ms": 6.813296219726168,
    "sampler_avg_db_exec_time_ms": 6.003577253303965,
    "sampler_avg_network_transfer_ms": 0.40611437665198213,
    "sampler_avg_driver_overhead_ms": 6.813296219726168,
    "sampler_avg_result_consumed_after_ms": 6.409691629955947,
    "sampler_avg_result_available_after_ms": 0.5418502202643172,
    "sampler_avg_client_wall_time_ms": 12.816873473030133,
    "sampler_avg_query_startup_ms": 0.5418502202643172,
    "sampler_avg_exec_serialize_ms": 5.86784140969163,
    "sampler_avg_client_recv_ms": 6.407181843074186,
    "feat_x_avg_db_exec_time_ms": 2.078934682819383,
    "feat_x_avg_network_transfer_ms": 0.2382459339207048,
    "feat_x_avg_driver_overhead_ms": 21.158439912866022,
    "feat_x_avg_result_consumed_after_ms": 2.317180616740088,
    "feat_x_avg_result_available_after_ms": 0.4779735682819383,
    "feat_x_avg_client_wall_time_ms": 23.237374595685406,
    "feat_x_avg_query_startup_ms": 0.4779735682819383,
    "feat_x_avg_exec_serialize_ms": 1.8392070484581495,
    "feat_x_avg_client_recv_ms": 20.920193978945317,
    "topo_fetch_ms": 12.816873473030133
  },
  "notes": [
    "GPU/CPU utilization and explicit DB write/query timings are not in the Measurer CSV (unless you log them); this parser will report None for those.",
    "throughput_samples_per_s assumes nbr_training_datapoints is per-epoch; if it's total across training, remove the * epochs_completed multiplier.",
    "remote_feature_total_s is a proxy for time spent waiting on remote feature reads (DB reads)."
  ]
}