{
  "run": {
    "csv": "/home/victor.pekkari/thesis-folder/neo4j-mpgnn-thesis/experiment_results/results/run_7_2026-05-11/measurements.csv",
    "runtime_s": 340.59330252883956,
    "training_time_s": 335.6645907079801,
    "epochs_completed": 1,
    "batches_seen": 384,
    "nbr_training_datapoints": 196615.0
  },
  "metrics": {
    "throughput_samples_per_s": 585.7484091047608,
    "epoch_time_s": {
      "count": 1,
      "total_s": 336.4368435880169,
      "mean_s": 336.4368435880169,
      "p50_s": 336.4368435880169,
      "p90_s": 336.4368435880169,
      "p99_s": 336.4368435880169,
      "min_s": 336.4368435880169,
      "max_s": 336.4368435880169
    },
    "sampling_phase_time_s": {
      "count": 384,
      "total_s": 277.61141513939947,
      "mean_s": 0.7229463935921862,
      "p50_s": 0.7003776615019888,
      "p90_s": 0.795987468585372,
      "p99_s": 0.8327811840130016,
      "min_s": 0.6486007831990719,
      "max_s": 1.1769433999434114
    },
    "training_phase_time_s": {
      "count": 384,
      "total_s": 41.11871558520943,
      "mean_s": 0.10707998850314955,
      "p50_s": 0.10538822109811008,
      "p90_s": 0.11027419958263636,
      "p99_s": 0.1385648737475276,
      "min_s": 0.10182477813214064,
      "max_s": 0.14633503509685397
    },
    "convergence_time_s": null,
    "converged_epoch": null,
    "avg_cpu_utilization": null,
    "final_validation_accuracy": 1.0,
    "best_validation_accuracy": 1.0,
    "time_to_first_validation_accuracy_s": 340.5932453079149,
    "time_to_best_accuracy_s": 340.5932453079149,
    "final_validation_loss": 0.5815964341163635,
    "best_validation_loss": 0.5815964341163635,
    "time_to_best_loss_s": 340.59325347375125,
    "final_test_accuracy": 0.51,
    "best_test_accuracy": 0.51,
    "time_to_best_test_accuracy_s": 341.9635624587536,
    "remote_feature_latency_s": {
      "count": 386,
      "total_s": 125.98262621741742,
      "mean_s": 0.3263798606668845,
      "p50_s": 0.31353367445990443,
      "p90_s": 0.3767867658752948,
      "p99_s": 0.39281133871991186,
      "min_s": 0.002614411059767008,
      "max_s": 0.39972433308139443
    },
    "remote_feature_total_s": 125.98262621741742,
    "cache_hits": 386,
    "cache_misses": 386,
    "cache_hit_rate": 0.5,
    "validation_time_s": {
      "count": 1,
      "total_s": 0.5713098300620914,
      "mean_s": 0.5713098300620914,
      "p50_s": 0.5713098300620914,
      "p90_s": 0.5713098300620914,
      "p99_s": 0.5713098300620914,
      "min_s": 0.5713098300620914,
      "max_s": 0.5713098300620914
    },
    "saving_weights_time_s": {
      "count": 1,
      "total_s": 1.3121869415044785e-05,
      "mean_s": 1.3121869415044785e-05,
      "p50_s": 1.3121869415044785e-05,
      "p90_s": 1.3121869415044785e-05,
      "p99_s": 1.3121869415044785e-05,
      "min_s": 1.3121869415044785e-05,
      "max_s": 1.3121869415044785e-05
    },
    "batch_train_loss_mean": 1.8230293355882168,
    "avg_batch_nodes": 27947.122395833332,
    "avg_batch_edges": 30167.265625,
    "avg_seed_node_ratio": 0.018320772933505133,
    "topo_query_sent_ms": null,
    "topo_first_record_ms": null,
    "topo_transfer_ms": null,
    "topo_etl_ms": 20.666752978097744,
    "feat_x_query_sent_ms": null,
    "feat_x_first_record_ms": null,
    "feat_x_transfer_ms": null,
    "feat_x_etl_ms": 35.52777080318934,
    "feat_x_etl_parse_ms": null,
    "feat_y_query_sent_ms": null,
    "feat_y_first_record_ms": null,
    "feat_y_transfer_ms": null,
    "feat_y_etl_ms": null,
    "network_baseline_ms": 267.6346789324087,
    "avg_feat_bytes": 4208809.326424871,
    "sampler_avg_db_exec_time_ms": 0,
    "sampler_avg_network_transfer_ms": 248.22538860103626,
    "sampler_avg_driver_overhead_ms": 267.6346789324087,
    "sampler_avg_result_consumed_after_ms": 248.22538860103626,
    "sampler_avg_result_available_after_ms": 0.8549222797927462,
    "sampler_avg_client_wall_time_ms": 267.6346789324087,
    "sampler_avg_query_startup_ms": 0.8549222797927462,
    "sampler_avg_exec_serialize_ms": 247.3704663212435,
    "sampler_avg_client_recv_ms": 19.409290331372432,
    "feat_x_avg_db_exec_time_ms": 0,
    "feat_x_avg_network_transfer_ms": 263.5492227979275,
    "feat_x_avg_driver_overhead_ms": 319.13122611718705,
    "feat_x_avg_result_consumed_after_ms": 263.5492227979275,
    "feat_x_avg_result_available_after_ms": 21.204663212435232,
    "feat_x_avg_client_wall_time_ms": 319.13122611718705,
    "feat_x_avg_query_startup_ms": 21.204663212435232,
    "feat_x_avg_exec_serialize_ms": 242.34455958549225,
    "feat_x_avg_client_recv_ms": 55.58200331925957,
    "topo_fetch_ms": 267.6346789324087
  },
  "notes": [
    "GPU/CPU utilization and explicit DB write/query timings are not in the Measurer CSV (unless you log them); this parser will report None for those.",
    "throughput_samples_per_s assumes nbr_training_datapoints is per-epoch; if it's total across training, remove the * epochs_completed multiplier.",
    "remote_feature_total_s is a proxy for time spent waiting on remote feature reads (DB reads)."
  ]
}