{
  "sampler": {
    "plan_meta": {},
    "global": {
      "sample_count": 386,
      "avg_client_wall_time_ms": 262.5761130737826,
      "avg_result_available_after_ms": 0.7202072538860104,
      "avg_result_consumed_after_ms": 243.22538860103626,
      "avg_profile_total_time_ms": 0.0,
      "avg_global_memory_bytes": 0.0,
      "avg_root_rows": 0.0,
      "avg_root_db_hits": 0.0,
      "avg_page_cache_hits": 0.0,
      "avg_page_cache_misses": 0.0,
      "avg_db_exec_time_ms": 0,
      "avg_network_transfer_ms": 243.22538860103626,
      "avg_driver_overhead_ms": 262.5761130737826,
      "avg_query_startup_ms": 0.7202072538860104,
      "avg_exec_serialize_ms": 242.50518134715026,
      "avg_client_recv_ms": 19.35072447274635
    },
    "operators": [],
    "top_by_time_ms": [],
    "top_by_db_hits": [],
    "top_by_memory_bytes": []
  },
  "feat_x": {
    "plan_meta": {},
    "global": {
      "sample_count": 386,
      "avg_client_wall_time_ms": 279.63377607967027,
      "avg_result_available_after_ms": 5.544041450777202,
      "avg_result_consumed_after_ms": 248.10103626943004,
      "avg_profile_total_time_ms": 0.0,
      "avg_global_memory_bytes": 0.0,
      "avg_root_rows": 0.0,
      "avg_root_db_hits": 0.0,
      "avg_page_cache_hits": 0.0,
      "avg_page_cache_misses": 0.0,
      "avg_db_exec_time_ms": 0,
      "avg_network_transfer_ms": 248.10103626943004,
      "avg_driver_overhead_ms": 279.63377607967027,
      "avg_query_startup_ms": 5.544041450777202,
      "avg_exec_serialize_ms": 242.55699481865284,
      "avg_client_recv_ms": 31.53273981024023
    },
    "operators": [],
    "top_by_time_ms": [],
    "top_by_db_hits": [],
    "top_by_memory_bytes": []
  },
  "subphase_metrics": {
    "throughput_samples_per_s": 725.4324431245476,
    "epoch_time_s": {
      "count": 1,
      "total_s": 271.7998302653432,
      "mean_s": 271.7998302653432,
      "p50_s": 271.7998302653432,
      "p90_s": 271.7998302653432,
      "p99_s": 271.7998302653432,
      "min_s": 271.7998302653432,
      "max_s": 271.7998302653432
    },
    "sampling_phase_time_s": {
      "count": 384,
      "total_s": 246.8823352912441,
      "mean_s": 0.6429227481542815,
      "p50_s": 0.630141559522599,
      "p90_s": 0.6883600436151027,
      "p99_s": 0.7873243519244728,
      "min_s": 0.5751114180311561,
      "max_s": 1.0387832489795983
    },
    "training_phase_time_s": {
      "count": 384,
      "total_s": 7.081328031141311,
      "mean_s": 0.018440958414430497,
      "p50_s": 0.018052867613732815,
      "p90_s": 0.020217816857621074,
      "p99_s": 0.026925047663971784,
      "min_s": 0.01627548411488533,
      "max_s": 0.03169847186654806
    },
    "convergence_time_s": null,
    "converged_epoch": null,
    "avg_cpu_utilization": null,
    "final_validation_accuracy": 1.0,
    "best_validation_accuracy": 1.0,
    "time_to_first_validation_accuracy_s": 276.3633025777526,
    "time_to_best_accuracy_s": 276.3633025777526,
    "final_validation_loss": 0.297072023153305,
    "best_validation_loss": 0.297072023153305,
    "time_to_best_loss_s": 276.3633115799166,
    "final_test_accuracy": 0.64,
    "best_test_accuracy": 0.64,
    "time_to_best_test_accuracy_s": 278.11058495985344,
    "remote_feature_latency_s": {
      "count": 386,
      "total_s": 108.01616364857182,
      "mean_s": 0.27983462085122235,
      "p50_s": 0.2757058220449835,
      "p90_s": 0.3062485393602401,
      "p99_s": 0.3401130104204638,
      "min_s": 0.00245585385710001,
      "max_s": 0.4063033307902515
    },
    "remote_feature_total_s": 108.01616364857182,
    "cache_hits": 386,
    "cache_misses": 386,
    "cache_hit_rate": 0.5,
    "validation_time_s": {
      "count": 1,
      "total_s": 0.715406599920243,
      "mean_s": 0.715406599920243,
      "p50_s": 0.715406599920243,
      "p90_s": 0.715406599920243,
      "p99_s": 0.715406599920243,
      "min_s": 0.715406599920243,
      "max_s": 0.715406599920243
    },
    "saving_weights_time_s": {
      "count": 1,
      "total_s": 1.3500917702913284e-05,
      "mean_s": 1.3500917702913284e-05,
      "p50_s": 1.3500917702913284e-05,
      "p90_s": 1.3500917702913284e-05,
      "p99_s": 1.3500917702913284e-05,
      "min_s": 1.3500917702913284e-05,
      "max_s": 1.3500917702913284e-05
    },
    "batch_train_loss_mean": 1.25182796549052,
    "avg_batch_nodes": 27946.25,
    "avg_batch_edges": 30167.3828125,
    "avg_seed_node_ratio": 0.018321287724210444,
    "topo_query_sent_ms": null,
    "topo_first_record_ms": null,
    "topo_transfer_ms": null,
    "topo_etl_ms": 20.20777780635022,
    "feat_x_query_sent_ms": null,
    "feat_x_first_record_ms": null,
    "feat_x_transfer_ms": null,
    "feat_x_etl_ms": 36.96657048050951,
    "feat_x_etl_parse_ms": null,
    "feat_y_query_sent_ms": null,
    "feat_y_first_record_ms": null,
    "feat_y_transfer_ms": null,
    "feat_y_etl_ms": null,
    "network_baseline_ms": 262.5761130737826,
    "avg_feat_bytes": 11125078.756476684,
    "sampler_avg_db_exec_time_ms": 0,
    "sampler_avg_network_transfer_ms": 243.22538860103626,
    "sampler_avg_driver_overhead_ms": 262.5761130737826,
    "sampler_avg_result_consumed_after_ms": 243.22538860103626,
    "sampler_avg_result_available_after_ms": 0.7202072538860104,
    "sampler_avg_client_wall_time_ms": 262.5761130737826,
    "sampler_avg_query_startup_ms": 0.7202072538860104,
    "sampler_avg_exec_serialize_ms": 242.50518134715026,
    "sampler_avg_client_recv_ms": 19.35072447274635,
    "feat_x_avg_db_exec_time_ms": 0,
    "feat_x_avg_network_transfer_ms": 248.10103626943004,
    "feat_x_avg_driver_overhead_ms": 279.63377607967027,
    "feat_x_avg_result_consumed_after_ms": 248.10103626943004,
    "feat_x_avg_result_available_after_ms": 5.544041450777202,
    "feat_x_avg_client_wall_time_ms": 279.63377607967027,
    "feat_x_avg_query_startup_ms": 5.544041450777202,
    "feat_x_avg_exec_serialize_ms": 242.55699481865284,
    "feat_x_avg_client_recv_ms": 31.53273981024023,
    "topo_fetch_ms": 262.5761130737826
  }
}