{
  "run": {
    "csv": "/Users/victorpekkari/Desktop/neo4j-mpgnn-thesis/experiment_results/sampler_comparison/comparison_6/Neo4jNeighborSampler/run_1/measurements.csv",
    "runtime_s": 41.84234599999036,
    "training_time_s": 41.494329499982996,
    "epochs_completed": 100,
    "batches_seen": 400,
    "nbr_training_datapoints": 140.0
  },
  "metrics": {
    "throughput_samples_per_s": 337.3954988236582,
    "epoch_time_s": {
      "count": 100,
      "total_s": 11.706830418290338,
      "mean_s": 0.11706830418290337,
      "p50_s": 0.11578570801066235,
      "p90_s": 0.12273642950458452,
      "p99_s": 0.13597587666619815,
      "min_s": 0.11051258398219943,
      "max_s": 0.16086216698749922
    },
    "sampling_phase_time_s": {
      "count": 400,
      "total_s": 11.106241831148509,
      "mean_s": 0.02776560457787127,
      "p50_s": 0.02702929150837008,
      "p90_s": 0.03078358401253354,
      "p99_s": 0.034068281995423604,
      "min_s": 0.023842249996960163,
      "max_s": 0.07365112498519011
    },
    "training_phase_time_s": {
      "count": 400,
      "total_s": 0.5886507221439388,
      "mean_s": 0.001471626805359847,
      "p50_s": 0.0014506875158986077,
      "p90_s": 0.0017053750052582473,
      "p99_s": 0.0018930562556488436,
      "min_s": 0.0010867090022657067,
      "max_s": 0.002125458006048575
    },
    "convergence_time_s": null,
    "converged_epoch": null,
    "avg_cpu_utilization": 16.040476190476188,
    "final_validation_accuracy": 0.7700000231566487,
    "best_validation_accuracy": 0.7760000235866755,
    "time_to_first_validation_accuracy_s": 0.4371915419760626,
    "time_to_best_accuracy_s": 35.902999583981,
    "final_validation_loss": 0.9003631472587585,
    "best_validation_loss": 0.8875274658203125,
    "time_to_best_loss_s": 40.106670749984914,
    "final_test_accuracy": 0.768000022520247,
    "best_test_accuracy": 0.768000022520247,
    "time_to_best_test_accuracy_s": 42.57112995898933,
    "remote_feature_latency_s": {
      "count": 1208,
      "total_s": 21.102911538648186,
      "mean_s": 0.01746929763133128,
      "p50_s": 0.008963749976828694,
      "p90_s": 0.037694320490118116,
      "p99_s": 0.03985983293852769,
      "min_s": 0.007031540997559205,
      "max_s": 0.09865308398730122
    },
    "remote_feature_total_s": 21.102911538648186,
    "cache_hits": 1208,
    "cache_misses": 1208,
    "cache_hit_rate": 0.5,
    "validation_time_s": {
      "count": 100,
      "total_s": 30.127123293932527,
      "mean_s": 0.3012712329393253,
      "p50_s": 0.300013312487863,
      "p90_s": 0.30656313297513405,
      "p99_s": 0.3562724066650845,
      "min_s": 0.27935583400540054,
      "max_s": 0.3662745420006104
    },
    "saving_weights_time_s": {
      "count": 72,
      "total_s": 0.00023113287170417607,
      "mean_s": 3.210178773669112e-06,
      "p50_s": 2.1249870769679546e-06,
      "p90_s": 2.6619003619998693e-06,
      "p99_s": 3.311994165414952e-05,
      "min_s": 1.5420082490891218e-06,
      "max_s": 4.2082974687218666e-05
    },
    "batch_train_loss_mean": 0.5559670440200716,
    "avg_batch_nodes": 349.2625,
    "avg_batch_edges": 557.8025,
    "avg_seed_node_ratio": 0.08673349767823044,
    "topo_query_sent_ms": null,
    "topo_first_record_ms": null,
    "topo_transfer_ms": null,
    "topo_etl_ms": 0.31079838817764927,
    "feat_x_query_sent_ms": null,
    "feat_x_first_record_ms": null,
    "feat_x_transfer_ms": null,
    "feat_x_etl_ms": 2.47493384586954,
    "feat_y_query_sent_ms": null,
    "feat_y_first_record_ms": null,
    "feat_y_transfer_ms": null,
    "feat_y_etl_ms": 1.5621422021919615,
    "network_baseline_ms": null
  },
  "notes": [
    "GPU/CPU utilization and explicit DB write/query timings are not in the Measurer CSV (unless you log them); this parser will report None for those.",
    "throughput_samples_per_s assumes nbr_training_datapoints is per-epoch; if it's total across training, remove the * epochs_completed multiplier.",
    "remote_feature_total_s is a proxy for time spent waiting on remote feature reads (DB reads)."
  ]
}