{
  "run": {
    "csv": "/Users/victorpekkari/Desktop/neo4j-mpgnn-thesis/experiment_results/sampler_comparison/comparison_5/Neo4jNeighborSampler/run_1/measurements.csv",
    "runtime_s": 41.8318054160045,
    "training_time_s": 41.48563466701307,
    "epochs_completed": 100,
    "batches_seen": 400,
    "nbr_training_datapoints": 140.0
  },
  "metrics": {
    "throughput_samples_per_s": 337.466212397902,
    "epoch_time_s": {
      "count": 100,
      "total_s": 11.827457162959035,
      "mean_s": 0.11827457162959036,
      "p50_s": 0.11798427099711262,
      "p90_s": 0.12119200801826083,
      "p99_s": 0.1265447873043013,
      "min_s": 0.11413145798724145,
      "max_s": 0.13063629198586568
    },
    "sampling_phase_time_s": {
      "count": 400,
      "total_s": 11.244752553873695,
      "mean_s": 0.028111881384684238,
      "p50_s": 0.028160604488220997,
      "p90_s": 0.029632025011233055,
      "p99_s": 0.03153481356072006,
      "min_s": 0.02544758399017155,
      "max_s": 0.03860466700280085
    },
    "training_phase_time_s": {
      "count": 400,
      "total_s": 0.5710092188965064,
      "mean_s": 0.0014275230472412658,
      "p50_s": 0.0014118544931989163,
      "p90_s": 0.0015904042025795206,
      "p99_s": 0.0018085213162703435,
      "min_s": 0.0011182920134160668,
      "max_s": 0.003120457986369729
    },
    "convergence_time_s": null,
    "converged_epoch": null,
    "avg_cpu_utilization": 14.433333333333334,
    "final_validation_accuracy": 0.7760000232240704,
    "best_validation_accuracy": 0.7760000235141544,
    "time_to_first_validation_accuracy_s": 0.4321357909939252,
    "time_to_best_accuracy_s": 36.35045283299405,
    "final_validation_loss": 0.8852051496505737,
    "best_validation_loss": 0.8656549453735352,
    "time_to_best_loss_s": 36.35045687499223,
    "final_test_accuracy": 0.7860000232989289,
    "best_test_accuracy": 0.7860000232989289,
    "time_to_best_test_accuracy_s": 42.613655416003894,
    "remote_feature_latency_s": {
      "count": 1208,
      "total_s": 20.96504079378792,
      "mean_s": 0.017355166220023113,
      "p50_s": 0.008709166504559107,
      "p90_s": 0.0375561455177376,
      "p99_s": 0.03933983874478145,
      "min_s": 0.00719287499669008,
      "max_s": 0.09484525001607835
    },
    "remote_feature_total_s": 20.96504079378792,
    "cache_hits": 1208,
    "cache_misses": 1208,
    "cache_hit_rate": 0.5,
    "validation_time_s": {
      "count": 100,
      "total_s": 29.997055582120083,
      "mean_s": 0.29997055582120086,
      "p50_s": 0.29816152050625533,
      "p90_s": 0.30365057980525306,
      "p99_s": 0.35353942550340434,
      "min_s": 0.2781352500023786,
      "max_s": 0.3540064580156468
    },
    "saving_weights_time_s": {
      "count": 64,
      "total_s": 0.00018462701700627804,
      "mean_s": 2.8847971407230943e-06,
      "p50_s": 2.2500171326100826e-06,
      "p90_s": 2.904399298131466e-06,
      "p99_s": 1.719751569908105e-05,
      "min_s": 1.667009200900793e-06,
      "max_s": 3.56250093318522e-05
    },
    "batch_train_loss_mean": 0.545960853677243,
    "avg_batch_nodes": 358.7875,
    "avg_batch_edges": 576.245,
    "avg_seed_node_ratio": 0.08391958304231474,
    "topo_query_sent_ms": null,
    "topo_first_record_ms": null,
    "topo_transfer_ms": null,
    "topo_etl_ms": 0.31602969646588003,
    "feat_x_query_sent_ms": null,
    "feat_x_first_record_ms": null,
    "feat_x_transfer_ms": null,
    "feat_x_etl_ms": 2.5062517855479847,
    "feat_y_query_sent_ms": null,
    "feat_y_first_record_ms": null,
    "feat_y_transfer_ms": null,
    "feat_y_etl_ms": 1.558973800823854,
    "network_baseline_ms": null
  },
  "notes": [
    "GPU/CPU utilization and explicit DB write/query timings are not in the Measurer CSV (unless you log them); this parser will report None for those.",
    "throughput_samples_per_s assumes nbr_training_datapoints is per-epoch; if it's total across training, remove the * epochs_completed multiplier.",
    "remote_feature_total_s is a proxy for time spent waiting on remote feature reads (DB reads)."
  ]
}