{
  "run": {
    "csv": "/Users/victorpekkari/Desktop/neo4j-mpgnn-thesis/experiment_results/results/run_7_2026-03-25/measurements.csv",
    "runtime_s": 31.616435833042488,
    "training_time_s": 30.23518545902334,
    "epochs_completed": 90,
    "batches_seen": 360,
    "nbr_training_datapoints": 140.0
  },
  "metrics": {
    "throughput_samples_per_s": 416.7330151513814,
    "epoch_time_s": {
      "count": 90,
      "total_s": 23.771761462907307,
      "mean_s": 0.2641306829211923,
      "p50_s": 0.15941049996763468,
      "p90_s": 0.167933712474769,
      "p99_s": 4.767423633025028,
      "min_s": 0.14762674999656156,
      "max_s": 4.93834145803703
    },
    "sampling_phase_time_s": {
      "count": 360,
      "total_s": 22.066771624726243,
      "mean_s": 0.06129658784646179,
      "p50_s": 0.038063562504248694,
      "p90_s": 0.0431408999778796,
      "p99_s": 1.1074242564430465,
      "min_s": 0.029471624991856515,
      "max_s": 1.203852333012037
    },
    "training_phase_time_s": {
      "count": 360,
      "total_s": 1.5323791336268187,
      "mean_s": 0.004256608704518941,
      "p50_s": 0.0015569579845760018,
      "p90_s": 0.0017377131094690414,
      "p99_s": 0.11572301446576617,
      "min_s": 0.001306332997046411,
      "max_s": 0.19914312497712672
    },
    "convergence_time_s": null,
    "converged_epoch": null,
    "avg_cpu_utilization": null,
    "final_validation_accuracy": 0.81,
    "best_validation_accuracy": 0.87,
    "time_to_first_validation_accuracy_s": 5.122086000046693,
    "time_to_best_accuracy_s": 17.98237516602967,
    "final_validation_loss": 0.6443185210227966,
    "best_validation_loss": 0.6275636553764343,
    "time_to_best_loss_s": 31.37741429102607,
    "final_test_accuracy": 0.7710000229678278,
    "best_test_accuracy": 0.7710000229678278,
    "time_to_best_test_accuracy_s": 32.0730990000302,
    "remote_feature_latency_s": {
      "count": 454,
      "total_s": 18.779357450373936,
      "mean_s": 0.04136422345897343,
      "p50_s": 0.01951377050136216,
      "p90_s": 0.04188338769017719,
      "p99_s": 1.0005590919672953,
      "min_s": 0.014180708036292344,
      "max_s": 1.1289919160190038
    },
    "remote_feature_total_s": 18.779357450373936,
    "cache_hits": 454,
    "cache_misses": 454,
    "cache_hit_rate": 0.5,
    "validation_time_s": {
      "count": 90,
      "total_s": 7.767683539947029,
      "mean_s": 0.08630759488830032,
      "p50_s": 0.08504929151968099,
      "p90_s": 0.08855691717471928,
      "p99_s": 0.11297220465377902,
      "min_s": 0.07945962500525638,
      "max_s": 0.13673416600795463
    },
    "saving_weights_time_s": {
      "count": 61,
      "total_s": 0.00014599820133298635,
      "mean_s": 2.3934131366063337e-06,
      "p50_s": 2.333021257072687e-06,
      "p90_s": 2.834014594554901e-06,
      "p99_s": 5.8084144257009006e-06,
      "min_s": 1.5409896150231361e-06,
      "max_s": 6.958027370274067e-06
    },
    "batch_train_loss_mean": 0.6137758812660145,
    "avg_batch_nodes": 355.90833333333336,
    "avg_batch_edges": 571.5027777777777,
    "avg_seed_node_ratio": 0.08503678048336774,
    "topo_query_sent_ms": null,
    "topo_first_record_ms": null,
    "topo_transfer_ms": null,
    "topo_etl_ms": 0.1839163705720956,
    "feat_x_query_sent_ms": null,
    "feat_x_first_record_ms": null,
    "feat_x_transfer_ms": null,
    "feat_x_etl_ms": 16.655962775760877,
    "feat_x_etl_parse_ms": 13.088976224065894,
    "feat_y_query_sent_ms": null,
    "feat_y_first_record_ms": null,
    "feat_y_transfer_ms": null,
    "feat_y_etl_ms": null,
    "network_baseline_ms": 4.113496260775916,
    "sampler_avg_db_exec_time_ms": 2.3019986431718062,
    "sampler_avg_network_transfer_ms": 0.20020399999999983,
    "sampler_avg_driver_overhead_ms": 4.113496260775916,
    "sampler_avg_result_consumed_after_ms": 2.502202643171806,
    "sampler_avg_result_available_after_ms": 0.30176211453744495,
    "sampler_avg_client_wall_time_ms": 6.415494903947723,
    "sampler_avg_query_startup_ms": 0.30176211453744495,
    "sampler_avg_exec_serialize_ms": 2.200440528634361,
    "sampler_avg_client_recv_ms": 3.9132922607759166,
    "feat_x_avg_db_exec_time_ms": 14.211835969162996,
    "feat_x_avg_network_transfer_ms": 0.2353005947136566,
    "feat_x_avg_driver_overhead_ms": 27.100102794948015,
    "feat_x_avg_result_consumed_after_ms": 14.447136563876652,
    "feat_x_avg_result_available_after_ms": 0.27973568281938327,
    "feat_x_avg_client_wall_time_ms": 41.31193876411101,
    "feat_x_avg_query_startup_ms": 0.27973568281938327,
    "feat_x_avg_exec_serialize_ms": 14.167400881057269,
    "feat_x_avg_client_recv_ms": 26.864802200234358,
    "topo_fetch_ms": 6.415494903947723
  },
  "notes": [
    "GPU/CPU utilization and explicit DB write/query timings are not in the Measurer CSV (unless you log them); this parser will report None for those.",
    "throughput_samples_per_s assumes nbr_training_datapoints is per-epoch; if it's total across training, remove the * epochs_completed multiplier.",
    "remote_feature_total_s is a proxy for time spent waiting on remote feature reads (DB reads)."
  ]
}