{
  "sampler": {
    "plan_meta": {},
    "global": {
      "sample_count": 544,
      "avg_client_wall_time_ms": 4.963601339327664,
      "avg_result_available_after_ms": 0.7040441176470589,
      "avg_result_consumed_after_ms": 2.426470588235294,
      "avg_profile_total_time_ms": 0.0,
      "avg_global_memory_bytes": 0.0,
      "avg_root_rows": 0.0,
      "avg_root_db_hits": 0.0,
      "avg_page_cache_hits": 0.0,
      "avg_page_cache_misses": 0.0,
      "avg_db_exec_time_ms": 0,
      "avg_network_transfer_ms": 2.426470588235294,
      "avg_driver_overhead_ms": 4.963601339327664,
      "avg_query_startup_ms": 0.7040441176470589,
      "avg_exec_serialize_ms": 1.722426470588235,
      "avg_client_recv_ms": 2.5371307510923704
    },
    "operators": [],
    "top_by_time_ms": [],
    "top_by_db_hits": [],
    "top_by_memory_bytes": []
  },
  "feat_x": {
    "plan_meta": {},
    "global": {
      "sample_count": 544,
      "avg_client_wall_time_ms": 31.803631648311722,
      "avg_result_available_after_ms": 1.6433823529411764,
      "avg_result_consumed_after_ms": 20.488970588235293,
      "avg_profile_total_time_ms": 0.0,
      "avg_global_memory_bytes": 0.0,
      "avg_root_rows": 0.0,
      "avg_root_db_hits": 0.0,
      "avg_page_cache_hits": 0.0,
      "avg_page_cache_misses": 0.0,
      "avg_db_exec_time_ms": 0,
      "avg_network_transfer_ms": 20.488970588235293,
      "avg_driver_overhead_ms": 31.803631648311722,
      "avg_query_startup_ms": 1.6433823529411764,
      "avg_exec_serialize_ms": 18.845588235294116,
      "avg_client_recv_ms": 11.314661060076428
    },
    "operators": [],
    "top_by_time_ms": [],
    "top_by_db_hits": [],
    "top_by_memory_bytes": []
  },
  "subphase_metrics": {
    "throughput_samples_per_s": 384.39318582958657,
    "epoch_time_s": {
      "count": 90,
      "total_s": 11.338567252270877,
      "mean_s": 0.12598408058078753,
      "p50_s": 0.12419179570861161,
      "p90_s": 0.13399225999601186,
      "p99_s": 0.26332604275550686,
      "min_s": 0.10444100527092814,
      "max_s": 0.3671136312186718
    },
    "sampling_phase_time_s": {
      "count": 360,
      "total_s": 7.893909306731075,
      "mean_s": 0.021927525852030765,
      "p50_s": 0.021747584454715252,
      "p90_s": 0.025586553383618597,
      "p99_s": 0.029650667905807518,
      "min_s": 0.015044217929244041,
      "max_s": 0.13821336813271046
    },
    "training_phase_time_s": {
      "count": 360,
      "total_s": 3.2030017278157175,
      "mean_s": 0.008897227021710327,
      "p50_s": 0.008167563239112496,
      "p90_s": 0.008978853421285748,
      "p99_s": 0.010618156474083663,
      "min_s": 0.0067009469494223595,
      "max_s": 0.2660825792700052
    },
    "convergence_time_s": null,
    "converged_epoch": null,
    "avg_cpu_utilization": null,
    "final_validation_accuracy": 0.7660000228941379,
    "best_validation_accuracy": 0.7860000234814819,
    "time_to_first_validation_accuracy_s": 0.5903955698013306,
    "time_to_best_accuracy_s": 20.997870499733835,
    "final_validation_loss": 0.8454218506813049,
    "best_validation_loss": 0.8454218506813049,
    "time_to_best_loss_s": 33.28160699689761,
    "final_test_accuracy": 0.7930000240127717,
    "best_test_accuracy": 0.7930000240127717,
    "time_to_best_test_accuracy_s": 33.64623544411734,
    "remote_feature_latency_s": {
      "count": 544,
      "total_s": 17.464884541463107,
      "mean_s": 0.03210456717180718,
      "p50_s": 0.015825134003534913,
      "p90_s": 0.07606130228377879,
      "p99_s": 0.08849831949453806,
      "min_s": 0.008534011896699667,
      "max_s": 0.12652295408770442
    },
    "remote_feature_total_s": 17.464884541463107,
    "cache_hits": 544,
    "cache_misses": 544,
    "cache_hit_rate": 0.5,
    "validation_time_s": {
      "count": 90,
      "total_s": 21.831774201709777,
      "mean_s": 0.24257526890788642,
      "p50_s": 0.25311520555987954,
      "p90_s": 0.26549833589233457,
      "p99_s": 0.2747795120999217,
      "min_s": 0.2046330440789461,
      "max_s": 0.280578694306314
    },
    "saving_weights_time_s": {
      "count": 82,
      "total_s": 0.0005668425001204014,
      "mean_s": 6.912713416102456e-06,
      "p50_s": 6.536953151226044e-06,
      "p90_s": 8.410727605223658e-06,
      "p99_s": 1.2649903073906888e-05,
      "min_s": 4.913192242383957e-06,
      "max_s": 1.6623176634311676e-05
    },
    "batch_train_loss_mean": 0.6361100865941909,
    "avg_batch_nodes": 353.97777777777776,
    "avg_batch_edges": 569.7277777777778,
    "avg_seed_node_ratio": 0.08551454283653537,
    "topo_query_sent_ms": null,
    "topo_first_record_ms": null,
    "topo_transfer_ms": null,
    "topo_etl_ms": 0.7415410364046693,
    "feat_x_query_sent_ms": null,
    "feat_x_first_record_ms": null,
    "feat_x_transfer_ms": null,
    "feat_x_etl_ms": 2.0842098036904217,
    "feat_x_etl_parse_ms": null,
    "feat_y_query_sent_ms": null,
    "feat_y_first_record_ms": null,
    "feat_y_transfer_ms": null,
    "feat_y_etl_ms": null,
    "network_baseline_ms": 4.963601339327664,
    "avg_feat_bytes": 3787018.6029411764,
    "sampler_avg_db_exec_time_ms": 0,
    "sampler_avg_network_transfer_ms": 2.426470588235294,
    "sampler_avg_driver_overhead_ms": 4.963601339327664,
    "sampler_avg_result_consumed_after_ms": 2.426470588235294,
    "sampler_avg_result_available_after_ms": 0.7040441176470589,
    "sampler_avg_client_wall_time_ms": 4.963601339327664,
    "sampler_avg_query_startup_ms": 0.7040441176470589,
    "sampler_avg_exec_serialize_ms": 1.722426470588235,
    "sampler_avg_client_recv_ms": 2.5371307510923704,
    "feat_x_avg_db_exec_time_ms": 0,
    "feat_x_avg_network_transfer_ms": 20.488970588235293,
    "feat_x_avg_driver_overhead_ms": 31.803631648311722,
    "feat_x_avg_result_consumed_after_ms": 20.488970588235293,
    "feat_x_avg_result_available_after_ms": 1.6433823529411764,
    "feat_x_avg_client_wall_time_ms": 31.803631648311722,
    "feat_x_avg_query_startup_ms": 1.6433823529411764,
    "feat_x_avg_exec_serialize_ms": 18.845588235294116,
    "feat_x_avg_client_recv_ms": 11.314661060076428,
    "topo_fetch_ms": 4.963601339327664
  }
}