{
  "n_runs": 10,
  "metrics": {
    "best_validation_accuracy": {
      "mean": 0.7826000235955703,
      "std": 0.0050635957081699235,
      "ci_95": 0.0031384491352617655
    },
    "final_validation_accuracy": {
      "mean": 0.7668000231134384,
      "std": 0.00545527282889712,
      "ci_95": 0.003381213129801204
    },
    "throughput_samples_per_s": {
      "mean": 4276.221914243923,
      "std": 252.90940147236554,
      "ci_95": 156.754871063233
    },
    "time_to_best_accuracy_s": {
      "mean": 2.2618960548657925,
      "std": 0.48623058568311717,
      "ci_95": 0.30136883928407643
    },
    "training_time_s": {
      "mean": 2.957214144710451,
      "std": 0.1814806214066188,
      "ci_95": 0.11248285450621469
    },
    "avg_batch_nodes": {
      "mean": 356.1536111111111,
      "std": 0.8426141073769202,
      "ci_95": 0.5222576345085479
    },
    "avg_batch_edges": {
      "mean": 570.3786111111111,
      "std": 1.4207414437539252,
      "ci_95": 0.8805846699778478
    },
    "remote_feature_total_s": {
      "mean": 0.0,
      "std": 0.0,
      "ci_95": 0.0
    },
    "sampling_mean_s": {
      "mean": 0.0009278082833366674,
      "std": 3.813684890137805e-05,
      "ci_95": 2.363746384076878e-05
    },
    "training_mean_s": {
      "mean": 0.00399638865932098,
      "std": 0.00016788626141938845,
      "ci_95": 0.00010405698289140122
    },
    "sampling_overhead_fraction": {
      "mean": 0.188426773509816,
      "std": 0.0009161214583687555,
      "ci_95": 0.0005678179626728767
    },
    "batch_nodes_cv": {
      "mean": 0.09460531839148664,
      "std": 0.0030595077540528756,
      "ci_95": 0.0018963025522636548
    },
    "epochs_to_best_accuracy": {
      "mean": 66.7,
      "std": 13.528118864054973,
      "ci_95": 8.38481494130908
    },
    "feature_fetch_overhead_fraction": {
      "mean": 0.0,
      "std": 0.0,
      "ci_95": 0.0
    }
  }
}