{
  "n_runs": 10,
  "run": {
    "runtime_s": {
      "mean": 3.0267332528717814,
      "std": 0.19365446756653115,
      "ci_95": 0.12002828252917891
    },
    "training_time_s": {
      "mean": 2.957214144710451,
      "std": 0.19129737160920865,
      "ci_95": 0.11856733931899094
    },
    "epochs_completed": {
      "mean": 90.0,
      "std": 0.0,
      "ci_95": 0.0
    },
    "batches_seen": {
      "mean": 360.0,
      "std": 0.0,
      "ci_95": 0.0
    },
    "nbr_training_datapoints": {
      "mean": 140.0,
      "std": 0.0,
      "ci_95": 0.0
    }
  },
  "metrics": {
    "throughput_samples_per_s": {
      "mean": 4276.221914243923,
      "std": 266.5899167742058,
      "ci_95": 165.23414229527882
    },
    "epoch_time_s": {
      "count": {
        "mean": 90.0,
        "std": 0.0,
        "ci_95": 0.0
      },
      "total_s": {
        "mean": 2.019546356005594,
        "std": 0.08331587578633072,
        "ci_95": 0.05163971481634953
      },
      "mean_s": {
        "mean": 0.022439403955617714,
        "std": 0.0009257319531814524,
        "ci_95": 0.0005737746090705504
      },
      "p50_s": {
        "mean": 0.022049105749465524,
        "std": 0.0008467805102717319,
        "ci_95": 0.0005248399977768626
      },
      "p90_s": {
        "mean": 0.023454385478980842,
        "std": 0.001354005952853905,
        "ci_95": 0.0008392215841832012
      },
      "p99_s": {
        "mean": 0.030648900759872044,
        "std": 0.004072025155562841,
        "ci_95": 0.002523867339491688
      },
      "min_s": {
        "mean": 0.020305987214669585,
        "std": 0.000791267807442191,
        "ci_95": 0.0004904328680942317
      },
      "max_s": {
        "mean": 0.041773309977725145,
        "std": 0.005462101858990155,
        "ci_95": 0.003385445806504753
      }
    },
    "sampling_phase_time_s": {
      "count": {
        "mean": 360.0,
        "std": 0.0,
        "ci_95": 0.0
      },
      "total_s": {
        "mean": 0.33401098200120033,
        "std": 0.014471916637205373,
        "ci_95": 0.008969786861604115
      },
      "mean_s": {
        "mean": 0.0009278082833366674,
        "std": 4.01997684366816e-05,
        "ci_95": 2.4916074615566987e-05
      },
      "p50_s": {
        "mean": 0.0009061794029548764,
        "std": 3.910977473209239e-05,
        "ci_95": 2.424048951818465e-05
      },
      "p90_s": {
        "mean": 0.0009936756500974297,
        "std": 4.539604861636085e-05,
        "ci_95": 2.8136762438289373e-05
      },
      "p99_s": {
        "mean": 0.001376169485040012,
        "std": 0.00017840262266989595,
        "ci_95": 0.00011057509112415431
      },
      "min_s": {
        "mean": 0.0007871455978602171,
        "std": 4.2416446970338585e-05,
        "ci_95": 2.628998620489161e-05
      },
      "max_s": {
        "mean": 0.0027052197139710186,
        "std": 0.00020647551416792662,
        "ci_95": 0.00012797484954170276
      }
    },
    "training_phase_time_s": {
      "count": {
        "mean": 360.0,
        "std": 0.0,
        "ci_95": 0.0
      },
      "total_s": {
        "mean": 1.4386999173555524,
        "std": 0.06370835687228646,
        "ci_95": 0.039486848685840154
      },
      "mean_s": {
        "mean": 0.00399638865932098,
        "std": 0.00017696765797857352,
        "ci_95": 0.00010968569079400044
      },
      "p50_s": {
        "mean": 0.003917877445928752,
        "std": 0.00015507293135546798,
        "ci_95": 9.61151986383553e-05
      },
      "p90_s": {
        "mean": 0.004232504428364337,
        "std": 0.0002500584943093179,
        "ci_95": 0.00015498786049678078
      },
      "p99_s": {
        "mean": 0.005861408836673971,
        "std": 0.0008825121968581832,
        "ci_95": 0.0005469867265703472
      },
      "min_s": {
        "mean": 0.003454064019024372,
        "std": 0.00012484414113208842,
        "ci_95": 7.737920034696264e-05
      },
      "max_s": {
        "mean": 0.008777614682912827,
        "std": 0.0011966681853030753,
        "ci_95": 0.0007417026255275573
      }
    },
    "final_validation_accuracy": {
      "mean": 0.7668000231134384,
      "std": 0.0057503624656483066,
      "ci_95": 0.0035641115815461177
    },
    "best_validation_accuracy": {
      "mean": 0.7826000235955703,
      "std": 0.005337498529356745,
      "ci_95": 0.003308215862671017
    },
    "time_to_first_validation_accuracy_s": {
      "mean": 0.10888502774760127,
      "std": 0.007747045326607847,
      "ci_95": 0.004801668440254193
    },
    "time_to_best_accuracy_s": {
      "mean": 2.2618960548657925,
      "std": 0.5125320395987695,
      "ci_95": 0.3176706493129699
    },
    "final_validation_loss": {
      "mean": 0.8530086994171142,
      "std": 0.01420366096307952,
      "ci_95": 0.008803520272205802
    },
    "best_validation_loss": {
      "mean": 0.8411419987678528,
      "std": 0.013121915988572144,
      "ci_95": 0.00813304779069652
    },
    "time_to_best_loss_s": {
      "mean": 2.9110429131891578,
      "std": 0.24209112776357805,
      "ci_95": 0.15004963555013942
    },
    "final_test_accuracy": {
      "mean": 0.7826000235187982,
      "std": 0.006131884085352677,
      "ci_95": 0.0038005811313391456
    },
    "best_test_accuracy": {
      "mean": 0.7826000235187982,
      "std": 0.006131884085352677,
      "ci_95": 0.0038005811313391456
    },
    "time_to_best_test_accuracy_s": {
      "mean": 3.0584574413020165,
      "std": 0.19362089918808972,
      "ci_95": 0.12000747663266514
    },
    "remote_feature_latency_s": {
      "count": {
        "mean": 0.0,
        "std": 0.0,
        "ci_95": 0.0
      },
      "total_s": {
        "mean": 0.0,
        "std": 0.0,
        "ci_95": 0.0
      }
    },
    "remote_feature_total_s": {
      "mean": 0.0,
      "std": 0.0,
      "ci_95": 0.0
    },
    "cache_hits": {
      "mean": 0.0,
      "std": 0.0,
      "ci_95": 0.0
    },
    "cache_misses": {
      "mean": 0.0,
      "std": 0.0,
      "ci_95": 0.0
    },
    "validation_time_s": {
      "count": {
        "mean": 90.0,
        "std": 0.0,
        "ci_95": 0.0
      },
      "total_s": {
        "mean": 0.9497629453893751,
        "std": 0.12956862499710245,
        "ci_95": 0.08030746578426598
      },
      "mean_s": {
        "mean": 0.010552921615437501,
        "std": 0.0014396513888566941,
        "ci_95": 0.0008923051753807332
      },
      "p50_s": {
        "mean": 0.010055883135646582,
        "std": 0.0004345210944090874,
        "ci_95": 0.00026931896454546737
      },
      "p90_s": {
        "mean": 0.010759174036793414,
        "std": 0.0006789626235778423,
        "ci_95": 0.0004208253939793865
      },
      "p99_s": {
        "mean": 0.01629750662809236,
        "std": 0.012049957089016324,
        "ci_95": 0.007468640781282446
      },
      "min_s": {
        "mean": 0.009328714618459345,
        "std": 0.00038659905517202814,
        "ci_95": 0.0002396165769000906
      },
      "max_s": {
        "mean": 0.046313679032027724,
        "std": 0.10354873428593248,
        "ci_95": 0.0641801704375387
      }
    },
    "saving_weights_time_s": {
      "count": {
        "mean": 66.1,
        "std": 3.9567101935263786,
        "ci_95": 2.452394385538798
      },
      "total_s": {
        "mean": 0.0004469847306609154,
        "std": 7.880486371568728e-05,
        "ci_95": 4.884376056798338e-05
      },
      "mean_s": {
        "mean": 6.751275596452417e-06,
        "std": 1.0429124102328942e-06,
        "ci_95": 6.46403808812801e-07
      },
      "p50_s": {
        "mean": 5.735247395932675e-06,
        "std": 4.480725713796754e-07,
        "ci_95": 2.7771825699119716e-07
      },
      "p90_s": {
        "mean": 6.832443177700043e-06,
        "std": 4.723952569880521e-07,
        "ci_95": 2.927936137167922e-07
      },
      "p99_s": {
        "mean": 2.9423756059259147e-05,
        "std": 2.5381595501143815e-05,
        "ci_95": 1.5731675876808675e-05
      },