{
  "run": {
    "csv": "/var/lib/neo4j/data/projects/neo4j-mpgnn-thesis/experiment_results/results/run_28_2026-05-12/measurements.csv",
    "runtime_s": 966.1396159869619,
    "training_time_s": 780.0814288146794,
    "epochs_completed": 2,
    "batches_seen": 646,
    "nbr_training_datapoints": 20695.0
  },
  "metrics": {
    "throughput_samples_per_s": 53.058563466754244,
    "epoch_time_s": {
      "count": 2,
      "total_s": 594.5755291199312,
      "mean_s": 297.2877645599656,
      "p50_s": 297.2877645599656,
      "p90_s": 299.97194897597655,
      "p99_s": 300.575890469579,
      "min_s": 293.93253403995186,
      "max_s": 300.6429950799793
    },
    "sampling_phase_time_s": {
      "count": 646,
      "total_s": 585.0671170093119,
      "mean_s": 0.9056766517172011,
      "p50_s": 0.921223001787439,
      "p90_s": 1.0211956747807562,
      "p99_s": 1.1025112006580453,
      "min_s": 0.6610527411103249,
      "max_s": 1.324099665042013
    },
    "training_phase_time_s": {
      "count": 646,
      "total_s": 7.148682962637395,
      "mean_s": 0.011066072697581105,
      "p50_s": 0.010876786662265658,
      "p90_s": 0.012108624912798405,
      "p99_s": 0.014474434102885418,
      "min_s": 0.009250499308109283,
      "max_s": 0.022670854814350605
    },
    "convergence_time_s": null,
    "converged_epoch": null,
    "avg_cpu_utilization": null,
    "final_validation_accuracy": 0.95418961309012,
    "best_validation_accuracy": 0.95418961309012,
    "time_to_first_validation_accuracy_s": 487.6653192508966,
    "time_to_best_accuracy_s": 966.1395638510585,
    "final_validation_loss": 0.1537560224533081,
    "best_validation_loss": 0.1537560224533081,
    "time_to_best_loss_s": 966.139582507778,
    "final_test_accuracy": 0.9482608271808532,
    "best_test_accuracy": 0.9482608271808532,
    "time_to_best_test_accuracy_s": 1150.3631451237015,
    "remote_feature_latency_s": {
      "count": 727,
      "total_s": 1096.6899300143123,
      "mean_s": 1.508514346649673,
      "p50_s": 0.8900564671494067,
      "p90_s": 6.119449589774012,
      "p99_s": 7.122776323277503,
      "min_s": 0.6229367600753903,
      "max_s": 7.33305368386209
    },
    "remote_feature_total_s": 1096.6899300143123,
    "cache_hits": 727,
    "cache_misses": 727,
    "cache_hit_rate": 0.5,
    "validation_time_s": {
      "count": 2,
      "total_s": 371.1309469053522,
      "mean_s": 185.5654734526761,
      "p50_s": 185.5654734526761,
      "p90_s": 186.38453204827383,
      "p99_s": 186.56882023228331,
      "min_s": 184.5416502081789,
      "max_s": 186.58929669717327
    },
    "saving_weights_time_s": {
      "count": 2,
      "total_s": 2.6981811970472336e-05,
      "mean_s": 1.3490905985236168e-05,
      "p50_s": 1.3490905985236168e-05,
      "p90_s": 1.8358184024691582e-05,
      "p99_s": 1.945332158356905e-05,
      "min_s": 7.406808435916901e-06,
      "max_s": 1.9575003534555435e-05
    },
    "batch_train_loss_mean": 0.20289639313489014,
    "avg_batch_nodes": 2106.6826625387,
    "avg_batch_edges": 2884.4767801857583,
    "avg_seed_node_ratio": 0.030457419920892563,
    "topo_query_sent_ms": null,
    "topo_first_record_ms": null,
    "topo_transfer_ms": null,
    "topo_etl_ms": 1.9474694033907893,
    "feat_x_query_sent_ms": null,
    "feat_x_first_record_ms": null,
    "feat_x_transfer_ms": null,
    "feat_x_etl_ms": 33.48560812287391,
    "feat_x_etl_parse_ms": null,
    "feat_y_query_sent_ms": null,
    "feat_y_first_record_ms": null,
    "feat_y_transfer_ms": null,
    "feat_y_etl_ms": null,
    "network_baseline_ms": 12.6245978039829,
    "avg_feat_bytes": 89679916.67125171,
    "sampler_avg_db_exec_time_ms": 0,
    "sampler_avg_network_transfer_ms": 7.624484181568088,
    "sampler_avg_driver_overhead_ms": 12.6245978039829,
    "sampler_avg_result_consumed_after_ms": 7.624484181568088,
    "sampler_avg_result_available_after_ms": 0.640990371389271,
    "sampler_avg_client_wall_time_ms": 12.6245978039829,
    "sampler_avg_query_startup_ms": 0.640990371389271,
    "sampler_avg_exec_serialize_ms": 6.9834938101788175,
    "sampler_avg_client_recv_ms": 5.000113622414811,
    "feat_x_avg_db_exec_time_ms": 0,
    "feat_x_avg_network_transfer_ms": 331.1636863823934,
    "feat_x_avg_driver_overhead_ms": 1508.3699587917024,
    "feat_x_avg_result_consumed_after_ms": 331.1636863823934,
    "feat_x_avg_result_available_after_ms": 1.0110041265474552,
    "feat_x_avg_client_wall_time_ms": 1508.3699587917024,
    "feat_x_avg_query_startup_ms": 1.0110041265474552,
    "feat_x_avg_exec_serialize_ms": 330.15268225584595,
    "feat_x_avg_client_recv_ms": 1177.206272409309,
    "topo_fetch_ms": 12.6245978039829
  },
  "notes": [
    "GPU/CPU utilization and explicit DB write/query timings are not in the Measurer CSV (unless you log them); this parser will report None for those.",
    "throughput_samples_per_s assumes nbr_training_datapoints is per-epoch; if it's total across training, remove the * epochs_completed multiplier.",
    "remote_feature_total_s is a proxy for time spent waiting on remote feature reads (DB reads)."
  ]
}