{
  "sampler": {
    "plan_meta": {},
    "global": {
      "sample_count": 1373,
      "avg_client_wall_time_ms": 7.472526707712938,
      "avg_result_available_after_ms": 0.5688273852876912,
      "avg_result_consumed_after_ms": 4.107064821558631,
      "avg_profile_total_time_ms": 0.0,
      "avg_global_memory_bytes": 0.0,
      "avg_root_rows": 0.0,
      "avg_root_db_hits": 0.0,
      "avg_page_cache_hits": 0.0,
      "avg_page_cache_misses": 0.0,
      "avg_db_exec_time_ms": 0,
      "avg_network_transfer_ms": 4.107064821558631,
      "avg_driver_overhead_ms": 7.472526707712938,
      "avg_query_startup_ms": 0.5688273852876912,
      "avg_exec_serialize_ms": 3.53823743627094,
      "avg_client_recv_ms": 3.365461886154307
    },
    "operators": [],
    "top_by_time_ms": [],
    "top_by_db_hits": [],
    "top_by_memory_bytes": []
  },
  "feat_x": {
    "plan_meta": {},
    "global": {
      "sample_count": 1373,
      "avg_client_wall_time_ms": 642.8676598070451,
      "avg_result_available_after_ms": 0.705753823743627,
      "avg_result_consumed_after_ms": 164.11580480699197,
      "avg_profile_total_time_ms": 0.0,
      "avg_global_memory_bytes": 0.0,
      "avg_root_rows": 0.0,
      "avg_root_db_hits": 0.0,
      "avg_page_cache_hits": 0.0,
      "avg_page_cache_misses": 0.0,
      "avg_db_exec_time_ms": 0,
      "avg_network_transfer_ms": 164.11580480699197,
      "avg_driver_overhead_ms": 642.8676598070451,
      "avg_query_startup_ms": 0.705753823743627,
      "avg_exec_serialize_ms": 163.41005098324834,
      "avg_client_recv_ms": 478.7518550000532
    },
    "operators": [],
    "top_by_time_ms": [],
    "top_by_db_hits": [],
    "top_by_memory_bytes": []
  },
  "subphase_metrics": {
    "throughput_samples_per_s": 72.96339820006698,
    "epoch_time_s": {
      "count": 2,
      "total_s": 383.645720878616,
      "mean_s": 191.822860439308,
      "p50_s": 191.822860439308,
      "p90_s": 199.97724046055228,
      "p99_s": 201.81197596533224,
      "min_s": 181.62988541275263,
      "max_s": 202.01583546586335
    },
    "sampling_phase_time_s": {
      "count": 1292,
      "total_s": 370.7771083326079,
      "mean_s": 0.2869791860159504,
      "p50_s": 0.2833783091045916,
      "p90_s": 0.34921046933159233,
      "p99_s": 0.47519338851328896,
      "min_s": 0.1457515968941152,
      "max_s": 0.6449804552830756
    },
    "training_phase_time_s": {
      "count": 1292,
      "total_s": 10.343745175283402,
      "mean_s": 0.008005994717711611,
      "p50_s": 0.007855552714318037,
      "p90_s": 0.008607190009206534,
      "p99_s": 0.01099211571272462,
      "min_s": 0.007007871754467487,
      "max_s": 0.015245083253830671
    },
    "convergence_time_s": null,
    "converged_epoch": null,
    "avg_cpu_utilization": null,
    "final_validation_accuracy": 0.9562191868678104,
    "best_validation_accuracy": 0.9562191868678104,
    "time_to_first_validation_accuracy_s": 386.6434408519417,
    "time_to_best_accuracy_s": 752.4726961948909,
    "final_validation_loss": 0.1431357711553573,
    "best_validation_loss": 0.1431357711553573,
    "time_to_best_loss_s": 752.4727087351494,
    "final_test_accuracy": 0.9505796676547434,
    "best_test_accuracy": 0.9505796676547434,
    "time_to_best_test_accuracy_s": 938.0175938447937,
    "remote_feature_latency_s": {
      "count": 1373,
      "total_s": 882.8408250333741,
      "mean_s": 0.6430013292304254,
      "p50_s": 0.26593336882069707,
      "p90_s": 0.360840886645019,
      "p99_s": 6.974003675691783,
      "min_s": 0.1311398302204907,
      "max_s": 7.587562836240977
    },
    "remote_feature_total_s": 882.8408250333741,
    "cache_hits": 1373,
    "cache_misses": 1373,
    "cache_hit_rate": 0.5,
    "validation_time_s": {
      "count": 2,
      "total_s": 368.3913958198391,
      "mean_s": 184.19569790991955,
      "p50_s": 184.19569790991955,
      "p90_s": 184.19858931726776,
      "p99_s": 184.1992398839211,
      "min_s": 184.19208365073428,
      "max_s": 184.19931216910481
    },
    "saving_weights_time_s": {
      "count": 2,
      "total_s": 2.798624336719513e-05,
      "mean_s": 1.3993121683597565e-05,
      "p50_s": 1.3993121683597565e-05,
      "p90_s": 1.8589012324810027e-05,
      "p99_s": 1.9623087719082833e-05,
      "min_s": 8.248258382081985e-06,
      "max_s": 1.9737984985113144e-05
    },
    "batch_train_loss_mean": 0.18536919598098578,
    "avg_batch_nodes": 1084.9427244582043,
    "avg_batch_edges": 1450.1277089783282,
    "avg_seed_node_ratio": 0.029662619237426035,
    "topo_query_sent_ms": null,
    "topo_first_record_ms": null,
    "topo_transfer_ms": null,
    "topo_etl_ms": 1.0874532176709402,
    "feat_x_query_sent_ms": null,
    "feat_x_first_record_ms": null,
    "feat_x_transfer_ms": null,
    "feat_x_etl_ms": 15.189465497893764,
    "feat_x_etl_parse_ms": null,
    "feat_y_query_sent_ms": null,
    "feat_y_first_record_ms": null,
    "feat_y_transfer_ms": null,
    "feat_y_etl_ms": null,
    "network_baseline_ms": 7.472526707712938,
    "avg_feat_bytes": 48486237.11580481,
    "sampler_avg_db_exec_time_ms": 0,
    "sampler_avg_network_transfer_ms": 4.107064821558631,
    "sampler_avg_driver_overhead_ms": 7.472526707712938,
    "sampler_avg_result_consumed_after_ms": 4.107064821558631,
    "sampler_avg_result_available_after_ms": 0.5688273852876912,
    "sampler_avg_client_wall_time_ms": 7.472526707712938,
    "sampler_avg_query_startup_ms": 0.5688273852876912,
    "sampler_avg_exec_serialize_ms": 3.53823743627094,
    "sampler_avg_client_recv_ms": 3.365461886154307,
    "feat_x_avg_db_exec_time_ms": 0,
    "feat_x_avg_network_transfer_ms": 164.11580480699197,
    "feat_x_avg_driver_overhead_ms": 642.8676598070451,
    "feat_x_avg_result_consumed_after_ms": 164.11580480699197,
    "feat_x_avg_result_available_after_ms": 0.705753823743627,
    "feat_x_avg_client_wall_time_ms": 642.8676598070451,
    "feat_x_avg_query_startup_ms": 0.705753823743627,
    "feat_x_avg_exec_serialize_ms": 163.41005098324834,
    "feat_x_avg_client_recv_ms": 478.7518550000532,
    "topo_fetch_ms": 7.472526707712938
  }
}