{
  "sampler": {
    "plan_meta": {},
    "global": {
      "sample_count": 6146,
      "avg_client_wall_time_ms": 20.664113353400833,
      "avg_result_available_after_ms": 0.48193947282785554,
      "avg_result_consumed_after_ms": 17.32736739342662,
      "avg_profile_total_time_ms": 0.0,
      "avg_global_memory_bytes": 0.0,
      "avg_root_rows": 0.0,
      "avg_root_db_hits": 0.0,
      "avg_page_cache_hits": 0.0,
      "avg_page_cache_misses": 0.0,
      "avg_db_exec_time_ms": 0,
      "avg_network_transfer_ms": 17.32736739342662,
      "avg_driver_overhead_ms": 20.664113353400833,
      "avg_query_startup_ms": 0.48193947282785554,
      "avg_exec_serialize_ms": 16.845427920598766,
      "avg_client_recv_ms": 3.3367459599742126
    },
    "operators": [],
    "top_by_time_ms": [],
    "top_by_db_hits": [],
    "top_by_memory_bytes": []
  },
  "feat_x": {
    "plan_meta": {},
    "global": {
      "sample_count": 6146,
      "avg_client_wall_time_ms": 23.54378164279145,
      "avg_result_available_after_ms": 1.8452652131467622,
      "avg_result_consumed_after_ms": 18.668564920273347,
      "avg_profile_total_time_ms": 0.0,
      "avg_global_memory_bytes": 0.0,
      "avg_root_rows": 0.0,
      "avg_root_db_hits": 0.0,
      "avg_page_cache_hits": 0.0,
      "avg_page_cache_misses": 0.0,
      "avg_db_exec_time_ms": 0,
      "avg_network_transfer_ms": 18.668564920273347,
      "avg_driver_overhead_ms": 23.54378164279145,
      "avg_query_startup_ms": 1.8452652131467622,
      "avg_exec_serialize_ms": 16.823299707126584,
      "avg_client_recv_ms": 4.875216722518104
    },
    "operators": [],
    "top_by_time_ms": [],
    "top_by_db_hits": [],
    "top_by_memory_bytes": []
  },
  "subphase_metrics": {
    "throughput_samples_per_s": 465.3900475424383,
    "epoch_time_s": {
      "count": 1,
      "total_s": 422.64906029123813,
      "mean_s": 422.64906029123813,
      "p50_s": 422.64906029123813,
      "p90_s": 422.64906029123813,
      "p99_s": 422.64906029123813,
      "min_s": 422.64906029123813,
      "max_s": 422.64906029123813
    },
    "sampling_phase_time_s": {
      "count": 6144,
      "total_s": 330.30750493332744,
      "mean_s": 0.05376098713107543,
      "p50_s": 0.052769439993426204,
      "p90_s": 0.05893214945681393,
      "p99_s": 0.06619238696992387,
      "min_s": 0.04170621419325471,
      "max_s": 0.45605852687731385
    },
    "training_phase_time_s": {
      "count": 6144,
      "total_s": 70.91912987176329,
      "mean_s": 0.011542827127565639,
      "p50_s": 0.011167676420882344,
      "p90_s": 0.012681965762749313,
      "p99_s": 0.014937905031256367,
      "min_s": 0.010045436210930347,
      "max_s": 0.03406670270487666
    },
    "convergence_time_s": null,
    "converged_epoch": null,
    "avg_cpu_utilization": null,
    "final_validation_accuracy": 1.0,
    "best_validation_accuracy": 1.0,
    "time_to_first_validation_accuracy_s": 427.11722596595064,
    "time_to_best_accuracy_s": 427.11722596595064,
    "final_validation_loss": 0.4419130086898803,
    "best_validation_loss": 0.4419130086898803,
    "time_to_best_loss_s": 427.1172328819521,
    "final_test_accuracy": 0.6,
    "best_test_accuracy": 0.6,
    "time_to_best_test_accuracy_s": 428.1235083970241,
    "remote_feature_latency_s": {
      "count": 6146,
      "total_s": 148.5536484415643,
      "mean_s": 0.024170785623424063,
      "p50_s": 0.02457433403469622,
      "p90_s": 0.026996571104973555,
      "p99_s": 0.031486568064428885,
      "min_s": 0.0023049511946737766,
      "max_s": 0.07224046671763062
    },
    "remote_feature_total_s": 148.5536484415643,
    "cache_hits": 6146,
    "cache_misses": 6146,
    "cache_hit_rate": 0.5,
    "validation_time_s": {
      "count": 1,
      "total_s": 0.6553823342546821,
      "mean_s": 0.6553823342546821,
      "p50_s": 0.6553823342546821,
      "p90_s": 0.6553823342546821,
      "p99_s": 0.6553823342546821,
      "min_s": 0.6553823342546821,
      "max_s": 0.6553823342546821
    },
    "saving_weights_time_s": {
      "count": 1,
      "total_s": 8.950009942054749e-06,
      "mean_s": 8.950009942054749e-06,
      "p50_s": 8.950009942054749e-06,
      "p90_s": 8.950009942054749e-06,
      "p99_s": 8.950009942054749e-06,
      "min_s": 8.950009942054749e-06,
      "max_s": 8.950009942054749e-06
    },
    "batch_train_loss_mean": 0.8859804469078275,
    "avg_batch_nodes": 1809.3543294270833,
    "avg_batch_edges": 1898.7802734375,
    "avg_seed_node_ratio": 0.017690963702478635,
    "topo_query_sent_ms": null,
    "topo_first_record_ms": null,
    "topo_transfer_ms": null,
    "topo_etl_ms": 1.2630587026993285,
    "feat_x_query_sent_ms": null,
    "feat_x_first_record_ms": null,
    "feat_x_transfer_ms": null,
    "feat_x_etl_ms": 2.2923670500168973,
    "feat_x_etl_parse_ms": null,
    "feat_y_query_sent_ms": null,
    "feat_y_first_record_ms": null,
    "feat_y_transfer_ms": null,
    "feat_y_etl_ms": null,
    "network_baseline_ms": 20.664113353400833,
    "avg_feat_bytes": 266446.79466319556,
    "sampler_avg_db_exec_time_ms": 0,
    "sampler_avg_network_transfer_ms": 17.32736739342662,
    "sampler_avg_driver_overhead_ms": 20.664113353400833,
    "sampler_avg_result_consumed_after_ms": 17.32736739342662,
    "sampler_avg_result_available_after_ms": 0.48193947282785554,
    "sampler_avg_client_wall_time_ms": 20.664113353400833,
    "sampler_avg_query_startup_ms": 0.48193947282785554,
    "sampler_avg_exec_serialize_ms": 16.845427920598766,
    "sampler_avg_client_recv_ms": 3.3367459599742126,
    "feat_x_avg_db_exec_time_ms": 0,
    "feat_x_avg_network_transfer_ms": 18.668564920273347,
    "feat_x_avg_driver_overhead_ms": 23.54378164279145,
    "feat_x_avg_result_consumed_after_ms": 18.668564920273347,
    "feat_x_avg_result_available_after_ms": 1.8452652131467622,
    "feat_x_avg_client_wall_time_ms": 23.54378164279145,
    "feat_x_avg_query_startup_ms": 1.8452652131467622,
    "feat_x_avg_exec_serialize_ms": 16.823299707126584,
    "feat_x_avg_client_recv_ms": 4.875216722518104,
    "topo_fetch_ms": 20.664113353400833
  }
}