{
  "run": {
    "csv": "/var/lib/neo4j/data/projects/neo4j-mpgnn-thesis/experiment_results/results/run_40_2026-05-12/measurements.csv",
    "runtime_s": 3806.504161551129,
    "training_time_s": 3324.2917742128484,
    "epochs_completed": 2,
    "batches_seen": 160,
    "nbr_training_datapoints": 20695.0
  },
  "metrics": {
    "throughput_samples_per_s": 12.450772318203219,
    "epoch_time_s": {
      "count": 2,
      "total_s": 2875.699569637887,
      "mean_s": 1437.8497848189436,
      "p50_s": 1437.8497848189436,
      "p90_s": 1443.6416158179752,
      "p99_s": 1444.9447777927573,
      "min_s": 1430.609996070154,
      "max_s": 1445.0895735677332
    },
    "sampling_phase_time_s": {
      "count": 160,
      "total_s": 2866.1512516238727,
      "mean_s": 17.913445322649203,
      "p50_s": 17.868890817509964,
      "p90_s": 18.825550021743403,
      "p99_s": 19.655481313150375,
      "min_s": 15.74556070799008,
      "max_s": 19.766720651183277
    },
    "training_phase_time_s": {
      "count": 160,
      "total_s": 6.095015252940357,
      "mean_s": 0.03809384533087723,
      "p50_s": 0.03790169255807996,
      "p90_s": 0.040897276159375905,
      "p99_s": 0.04545146034564823,
      "min_s": 0.03329691104590893,
      "max_s": 0.04868473298847675
    },
    "convergence_time_s": null,
    "converged_epoch": null,
    "avg_cpu_utilization": null,
    "final_validation_accuracy": 0.9598434257296043,
    "best_validation_accuracy": 0.9598434257296043,
    "time_to_first_validation_accuracy_s": 1911.7261657570489,
    "time_to_best_accuracy_s": 3806.5040775891393,
    "final_validation_loss": 0.14805568754673,
    "best_validation_loss": 0.14805568754673,
    "time_to_best_loss_s": 3806.50409263419,
    "final_test_accuracy": 0.9495651749512334,
    "best_test_accuracy": 0.9495651749512334,
    "time_to_best_test_accuracy_s": 4275.099326272961,
    "remote_feature_latency_s": {
      "count": 241,
      "total_s": 4203.249367492273,
      "mean_s": 17.440868744781216,
      "p50_s": 17.46143753407523,
      "p90_s": 18.53113874886185,
      "p99_s": 19.351286160945893,
      "min_s": 14.758072008844465,
      "max_s": 19.508273544721305
    },
    "remote_feature_total_s": 4203.249367492273,
    "cache_hits": 241,
    "cache_misses": 241,
    "cache_hit_rate": 0.5,
    "validation_time_s": {
      "count": 2,
      "total_s": 930.380989047233,
      "mean_s": 465.1904945236165,
      "p50_s": 465.1904945236165,
      "p90_s": 466.0086030072067,
      "p99_s": 466.1926774160145,
      "min_s": 464.1678589191288,
      "max_s": 466.21313012810424
    },
    "saving_weights_time_s": {
      "count": 2,
      "total_s": 2.347538247704506e-05,
      "mean_s": 1.173769123852253e-05,
      "p50_s": 1.173769123852253e-05,
      "p90_s": 1.3704458251595496e-05,
      "p99_s": 1.4146980829536915e-05,
      "min_s": 9.27923247218132e-06,
      "max_s": 1.4196150004863739e-05
    },
    "batch_train_loss_mean": 0.31494581075385214,
    "avg_batch_nodes": 12467.15,
    "avg_batch_edges": 26875.575,
    "avg_seed_node_ratio": 0.020543751175261395,
    "topo_query_sent_ms": null,
    "topo_first_record_ms": null,
    "topo_transfer_ms": null,
    "topo_etl_ms": 10.345646143500613,
    "feat_x_query_sent_ms": null,
    "feat_x_first_record_ms": null,
    "feat_x_transfer_ms": null,
    "feat_x_etl_ms": 150.05051460372152,
    "feat_x_etl_parse_ms": null,
    "feat_y_query_sent_ms": null,
    "feat_y_first_record_ms": null,
    "feat_y_transfer_ms": null,
    "feat_y_etl_ms": null,
    "network_baseline_ms": 51.38266658704125,
    "avg_feat_bytes": 417264304.4813278,
    "sampler_avg_db_exec_time_ms": 0,
    "sampler_avg_network_transfer_ms": 36.84647302904564,
    "sampler_avg_driver_overhead_ms": 51.38266658704125,
    "sampler_avg_result_consumed_after_ms": 36.84647302904564,
    "sampler_avg_result_available_after_ms": 1.9170124481327802,
    "sampler_avg_client_wall_time_ms": 51.38266658704125,
    "sampler_avg_query_startup_ms": 1.9170124481327802,
    "sampler_avg_exec_serialize_ms": 34.92946058091286,
    "sampler_avg_client_recv_ms": 14.53619355799561,
    "feat_x_avg_db_exec_time_ms": 0,
    "feat_x_avg_network_transfer_ms": 1409.5726141078837,
    "feat_x_avg_driver_overhead_ms": 17440.722451243873,
    "feat_x_avg_result_consumed_after_ms": 1409.5726141078837,
    "feat_x_avg_result_available_after_ms": 3.3029045643153525,
    "feat_x_avg_client_wall_time_ms": 17440.722451243873,
    "feat_x_avg_query_startup_ms": 3.3029045643153525,
    "feat_x_avg_exec_serialize_ms": 1406.2697095435683,
    "feat_x_avg_client_recv_ms": 16031.14983713599,
    "topo_fetch_ms": 51.38266658704125
  },
  "notes": [
    "GPU/CPU utilization and explicit DB write/query timings are not in the Measurer CSV (unless you log them); this parser will report None for those.",
    "throughput_samples_per_s assumes nbr_training_datapoints is per-epoch; if it's total across training, remove the * epochs_completed multiplier.",
    "remote_feature_total_s is a proxy for time spent waiting on remote feature reads (DB reads)."
  ]
}