{
  "Neo4j (Cypher) graphSAGE sampler": {
    "n_runs_completed": 3,
    "num_epochs_in_plot": 90,
    "scalar_means": {
      "best_validation_accuracy": 0.7880000238423871,
      "final_validation_accuracy": 0.7620000228975375,
      "throughput_samples_per_s": 71.75534174297997,
      "time_to_best_accuracy_s": 108.8714542213517,
      "training_time_s": 175.5971886413172,
      "avg_batch_nodes": 357.25648148148156,
      "avg_batch_edges": 572.4148148148148,
      "remote_feature_total_s": 161.5573517346444,
      "sampling_mean_s": 0.155967078257904,
      "training_mean_s": 0.004138235153233701,
      "sampling_overhead_fraction": 0.9741506879564739,
      "batch_nodes_cv": 0.09566006698722225,
      "epochs_to_best_accuracy": 55.0,
      "feature_fetch_overhead_fraction": 0.9200523545842287,
      "topo_etl_ms": 0.5894322635939199,
      "feat_x_etl_ms": 2.377271445356218
    },
    "scalar_stds": {
      "best_validation_accuracy": 0.0028284273445561277,
      "final_validation_accuracy": 0.006531972809640921,
      "throughput_samples_per_s": 0.1216872193112436,
      "time_to_best_accuracy_s": 7.340144520319324,
      "training_time_s": 0.2981419500700223,
      "avg_batch_nodes": 0.2410681534241655,
      "avg_batch_edges": 1.2345429781434996,
      "remote_feature_total_s": 0.484880327763434,
      "sampling_mean_s": 0.0006599273105581075,
      "training_mean_s": 0.00011760370258105938,
      "sampling_overhead_fraction": 0.0008096069912131721,
      "batch_nodes_cv": 0.004603448002975684,
      "epochs_to_best_accuracy": 3.559026084010437,
      "feature_fetch_overhead_fraction": 0.004279512432814963,
      "topo_etl_ms": 0.02983467734584222,
      "feat_x_etl_ms": 0.2616668636236685
    }
  }
}