{
  "n_runs": 10,
  "metrics": {
    "best_validation_accuracy": {
      "mean": 0.7814000234588003,
      "std": 0.003231098925975122,
      "ci_95": 0.002002655862475414
    },
    "final_validation_accuracy": {
      "mean": 0.7726000231786128,
      "std": 0.0034698704342450287,
      "ci_95": 0.0021506479765467943
    },
    "throughput_samples_per_s": {
      "mean": 385.09132633938214,
      "std": 13.344596563780009,
      "ci_95": 8.271066641129842
    },
    "time_to_best_accuracy_s": {
      "mean": 24.573802465107292,
      "std": 4.7188099980083855,
      "ci_95": 2.9247487380990975
    },
    "training_time_s": {
      "mean": 32.75797223346308,
      "std": 1.1102358843635807,
      "ci_95": 0.688131330389486
    },
    "avg_batch_nodes": {
      "mean": 354.7655555555556,
      "std": 0.665521238217478,
      "ci_95": 0.4124943370206148
    },
    "avg_batch_edges": {
      "mean": 570.5002777777779,
      "std": 0.8250107088717653,
      "ci_95": 0.5113469350767129
    },
    "remote_feature_total_s": {
      "mean": 17.101898423442616,
      "std": 1.0746615091278464,
      "ci_95": 0.6660821041813337
    },
    "sampling_mean_s": {
      "mean": 0.021366111561397297,
      "std": 0.0009960237764113655,
      "ci_95": 0.0006173419324798723
    },
    "training_mean_s": {
      "mean": 0.008413363934054764,
      "std": 0.0004288491496211575,
      "ci_95": 0.0002658034567441218
    },
    "sampling_overhead_fraction": {
      "mean": 0.7172472240771675,
      "std": 0.01596792238620588,
      "ci_95": 0.009897020831275477
    },
    "batch_nodes_cv": {
      "mean": 0.09521520231007399,
      "std": 0.0028161808759893324,
      "ci_95": 0.0017454869907423585
    },
    "epochs_to_best_accuracy": {
      "mean": 66.6,
      "std": 12.043255373859678,
      "ci_95": 7.464487015194011
    },
    "feature_fetch_overhead_fraction": {
      "mean": 0.5215646730135735,
      "std": 0.01617037822029751,
      "ci_95": 0.010022504257293945
    },
    "topo_fetch_ms": {
      "mean": 5.036476102352881,
      "std": 0.20835086016326654,
      "ci_95": 0.12913720103194806
    },
    "topo_etl_ms": {
      "mean": 0.7917611174942816,
      "std": 0.01930192479316375,
      "ci_95": 0.01196345693204769
    },
    "feat_x_etl_ms": {
      "mean": 2.222201440428548,
      "std": 0.15041733120781248,
      "ci_95": 0.09322962777140022
    },
    "network_baseline_ms": {
      "mean": 5.036476102352881,
      "std": 0.20835086016326654,
      "ci_95": 0.12913720103194806
    },
    "avg_feat_bytes": {
      "mean": 3787572.836764706,
      "std": 956.6570012805732,
      "ci_95": 592.9421524642729
    }
  }
}