{
  "n_runs": 10,
  "run": {
    "runtime_s": {
      "mean": 33.098461103346196,
      "std": 1.1787676975546926,
      "ci_95": 0.7306077882750429
    },
    "training_time_s": {
      "mean": 32.75797223346308,
      "std": 1.170291378213412,
      "ci_95": 0.7253541111175393
    },
    "epochs_completed": {
      "mean": 90.0,
      "std": 0.0,
      "ci_95": 0.0
    },
    "batches_seen": {
      "mean": 360.0,
      "std": 0.0,
      "ci_95": 0.0
    },
    "nbr_training_datapoints": {
      "mean": 140.0,
      "std": 0.0,
      "ci_95": 0.0
    }
  },
  "metrics": {
    "throughput_samples_per_s": {
      "mean": 385.09132633938214,
      "std": 14.066439865867078,
      "ci_95": 8.718469755002937
    },
    "epoch_time_s": {
      "count": {
        "mean": 90.0,
        "std": 0.0,
        "ci_95": 0.0
      },
      "total_s": {
        "mean": 10.984656535321847,
        "std": 0.3680016861857674,
        "ci_95": 0.22808980818139113
      },
      "mean_s": {
        "mean": 0.12205173928135386,
        "std": 0.004088907624286307,
        "ci_95": 0.0025343312020154585
      },
      "p50_s": {
        "mean": 0.12038093225564808,
        "std": 0.0066356012375044715,
        "ci_95": 0.004112788256808624
      },
      "p90_s": {
        "mean": 0.1318119083438069,
        "std": 0.002072945822608978,
        "ci_95": 0.001284825132052844
      },
      "p99_s": {
        "mean": 0.1695351559314876,
        "std": 0.037763160565188296,
        "ci_95": 0.023405849410398704
      },
      "min_s": {
        "mean": 0.10129489097744226,
        "std": 0.0033718329918952547,
        "ci_95": 0.0020898837402414583
      },
      "max_s": {
        "mean": 0.2896988265682012,
        "std": 0.10381785232890055,
        "ci_95": 0.06434697152868302
      }
    },
    "sampling_phase_time_s": {
      "count": {
        "mean": 360.0,
        "std": 0.0,
        "ci_95": 0.0
      },
      "total_s": {
        "mean": 7.691800162103027,
        "std": 0.37796444845706473,
        "ci_95": 0.23426479221195315
      },
      "mean_s": {
        "mean": 0.021366111561397297,
        "std": 0.0010499012457140687,
        "ci_95": 0.0006507355339220921
      },
      "p50_s": {
        "mean": 0.02103811705019325,
        "std": 0.0011939414228172433,
        "ci_95": 0.000740012560629225
      },
      "p90_s": {
        "mean": 0.025169774568639697,
        "std": 0.0008223435254780255,
        "ci_95": 0.0005096937976822402
      },
      "p99_s": {
        "mean": 0.03023074942920359,
        "std": 0.002252699893926654,
        "ci_95": 0.0013962378597270754
      },
      "min_s": {
        "mean": 0.014332607248798012,
        "std": 0.0006904961097145003,
        "ci_95": 0.00042797392274793427
      },
      "max_s": {
        "mean": 0.08742539016529918,
        "std": 0.0854228861244002,
        "ci_95": 0.052945653353826436
      }
    },
    "training_phase_time_s": {
      "count": {
        "mean": 360.0,
        "std": 0.0,
        "ci_95": 0.0
      },
      "total_s": {
        "mean": 3.028811016259715,
        "std": 0.16273681025150316,
        "ci_95": 0.10086531999089624
      },
      "mean_s": {
        "mean": 0.008413363934054764,
        "std": 0.00045204669514306437,
        "ci_95": 0.0002801814444191562
      },
      "p50_s": {
        "mean": 0.007998919161036611,
        "std": 0.0002526622021979591,
        "ci_95": 0.00015660165536559217
      },
      "p90_s": {
        "mean": 0.008991226144134997,
        "std": 0.00017083752015562592,
        "ci_95": 0.0001058861920073134
      },
      "p99_s": {
        "mean": 0.010596126490272587,
        "std": 0.0004896562986174152,
        "ci_95": 0.00030349211815860344
      },
      "min_s": {
        "mean": 0.006553643243387341,
        "std": 0.0002562871103641132,
        "ci_95": 0.00015884839672393445
      },
      "max_s": {
        "mean": 0.12918351981788873,
        "std": 0.12333249710060891,
        "ci_95": 0.07644227366939124
      }
    },
    "final_validation_accuracy": {
      "mean": 0.7726000231786128,
      "std": 0.0036575645859639357,
      "ci_95": 0.002266982017040085
    },
    "best_validation_accuracy": {
      "mean": 0.7814000234588003,
      "std": 0.0034058773171350577,
      "ci_95": 0.0021109846316370797
    },
    "time_to_first_validation_accuracy_s": {
      "mean": 0.46038336204364894,
      "std": 0.07947768912103093,
      "ci_95": 0.04926078207469173
    },
    "time_to_best_accuracy_s": {
      "mean": 24.573802465107292,
      "std": 4.974062479760371,
      "ci_95": 3.0829558653654785
    },
    "final_validation_loss": {
      "mean": 0.8500883162021637,
      "std": 0.008425207460346838,
      "ci_95": 0.005221997685491199
    },
    "best_validation_loss": {
      "mean": 0.849779748916626,
      "std": 0.008327431092336763,
      "ci_95": 0.00516139526473807
    },
    "time_to_best_loss_s": {
      "mean": 32.91012323605828,
      "std": 1.0276271998184425,
      "ci_95": 0.6369299372455806
    },
    "final_test_accuracy": {
      "mean": 0.7862000237050435,
      "std": 0.008297255565949267,
      "ci_95": 0.005142692279714185
    },
    "best_test_accuracy": {
      "mean": 0.7862000237050435,
      "std": 0.008297255565949267,
      "ci_95": 0.005142692279714185
    },
    "time_to_best_test_accuracy_s": {
      "mean": 33.44732692860998,
      "std": 1.2027844421826424,
      "ci_95": 0.745493520816402
    },
    "remote_feature_latency_s": {
      "count": {
        "mean": 544.0,
        "std": 0.0,
        "ci_95": 0.0
      },
      "total_s": {
        "mean": 17.101898423442616,
        "std": 1.1327926941859419,
        "ci_95": 0.7021121859635262
      },
      "mean_s": {
        "mean": 0.03143731327838716,
        "std": 0.0020823395113712165,
        "ci_95": 0.0012906474006682466
      },
      "p50_s": {
        "mean": 0.015300191729329527,
        "std": 0.0005840122357847067,
        "ci_95": 0.00036197453391144537
      },
      "p90_s": {
        "mean": 0.07347164160571992,
        "std": 0.004504317049413568,
        "ci_95": 0.0027918046312165106
      },
      "p99_s": {
        "mean": 0.0853347317920998,
        "std": 0.0035340293344710717,
        "ci_95": 0.0021904140748964084
      },
      "min_s": {
        "mean": 0.0081080820877105,
        "std": 0.0005767421085486511,
        "ci_95": 0.0003574684623661939
      },
      "max_s": {
        "mean": 0.10590313100256026,
        "std": 0.04585994913070607,
        "ci_95": 0.028424290955968053
      }
    },
    "remote_feature_total_s": {
      "mean": 17.101898423442616,
      "std": 1.1327926941859419,
      "ci_95": 0.7021121859635262
    },
    "cache_hits": {
      "mean": 544.0,
      "std": 0.0,
      "ci_95": 0.0
    },
    "cache_misses": {
      "mean": 544.0,
      "std": 0.0,
      "ci_95": 0.0
    },
    "cache_hit_rate": {
      "mean": 0.5,
      "std": 0.0,
      "ci_95": 0.0
    },
    "validation_time_s": {
      "count": {
        "mean": 90.0,
        "std": 0.0,
        "ci_95": 0.0
      },
      "total_s": {
        "mean": 22.05437812046148,
        "std": 0.9092916503305198,
        "ci_95": 0.5635848037938967
      },
      "mean_s": {
        "mean": 0.2450486457829053,
        "std": 0.010103240559227997,
        "ci_95": 0.00626205337548774
      },
      "p50_s": {
        "mean": 0.2460658999858424,
        "std": 0.018961542038276248,
        "ci_95": 0.011752485514836977
      },
      "p90_s": {
        "mean": 0.2661089119873941,
        "std": 0.003833068619514807,
        "ci_95": 0.002375760544015288
      },
      "p99_s": {
        "mean": 0.28440239346679297,
        "std": 0.0187596089498908,
        "ci_95": 0.011627326089963953
      },
      "min_s": {
        "mean": 0.20781989800743758,
        "std": 0.005143683624232339,
        "ci_95": 0.0031880881399132346
      },
      "max_s": {
        "mean": 0.33977013994008304,
        "std": 0.09654794214683445,