{
  "sampler": {
    "plan_meta": {},
    "global": {
      "sample_count": 454,
      "avg_client_wall_time_ms": 2.971280897743918,
      "avg_result_available_after_ms": 0.473568281938326,
      "avg_result_consumed_after_ms": 1.2973568281938326,
      "avg_profile_total_time_ms": 0.0,
      "avg_global_memory_bytes": 0.0,
      "avg_root_rows": 0.0,
      "avg_root_db_hits": 0.0,
      "avg_page_cache_hits": 0.0,
      "avg_page_cache_misses": 0.0,
      "avg_db_exec_time_ms": 0,
      "avg_network_transfer_ms": 1.2973568281938326,
      "avg_driver_overhead_ms": 2.971280897743918,
      "avg_query_startup_ms": 0.473568281938326,
      "avg_exec_serialize_ms": 0.8237885462555066,
      "avg_client_recv_ms": 1.6739240695500854
    },
    "operators": [],
    "top_by_time_ms": [],
    "top_by_db_hits": [],
    "top_by_memory_bytes": []
  },
  "feat_x": {
    "plan_meta": {},
    "global": {
      "sample_count": 454,
      "avg_client_wall_time_ms": 22.566579005092233,
      "avg_result_available_after_ms": 0.40748898678414097,
      "avg_result_consumed_after_ms": 2.647577092511013,
      "avg_profile_total_time_ms": 0.0,
      "avg_global_memory_bytes": 0.0,
      "avg_root_rows": 0.0,
      "avg_root_db_hits": 0.0,
      "avg_page_cache_hits": 0.0,
      "avg_page_cache_misses": 0.0,
      "avg_db_exec_time_ms": 0,
      "avg_network_transfer_ms": 2.647577092511013,
      "avg_driver_overhead_ms": 22.566579005092233,
      "avg_query_startup_ms": 0.40748898678414097,
      "avg_exec_serialize_ms": 2.2400881057268722,
      "avg_client_recv_ms": 19.91900191258122
    },
    "operators": [],
    "top_by_time_ms": [],
    "top_by_db_hits": [],
    "top_by_memory_bytes": []
  },
  "subphase_metrics": {
    "throughput_samples_per_s": 866.9745053301807,
    "epoch_time_s": {
      "count": 90,
      "total_s": 12.354189545614645,
      "mean_s": 0.1372687727290516,
      "p50_s": 0.06440168799599633,
      "p90_s": 0.07201882045483217,
      "p99_s": 3.2759092099382543,
      "min_s": 0.05501299991738051,
      "max_s": 3.314622874953784
    },
    "sampling_phase_time_s": {
      "count": 360,
      "total_s": 10.794731629895978,
      "mean_s": 0.029985365638599937,
      "p50_s": 0.01436410448513925,
      "p90_s": 0.016447503597009926,
      "p99_s": 0.6996293584525131,
      "min_s": 0.010695833014324307,
      "max_s": 0.7598806669702753
    },
    "training_phase_time_s": {
      "count": 360,
      "total_s": 1.3956642297562212,
      "mean_s": 0.00387684508265617,
      "p50_s": 0.0013812080142088234,
      "p90_s": 0.0016047000768594445,
      "p99_s": 0.11390823120484138,
      "min_s": 0.001045582932420075,
      "max_s": 0.12299637508112937
    },
    "convergence_time_s": null,
    "converged_epoch": null,
    "avg_cpu_utilization": null,
    "final_validation_accuracy": 0.84,
    "best_validation_accuracy": 0.85,
    "time_to_first_validation_accuracy_s": 3.408020291943103,
    "time_to_best_accuracy_s": 15.208785583963618,
    "final_validation_loss": 0.6406146883964539,
    "best_validation_loss": 0.6406146883964539,
    "time_to_best_loss_s": 15.389728749985807,
    "final_test_accuracy": 0.7860000236802895,
    "best_test_accuracy": 0.7860000236802895,
    "time_to_best_test_accuracy_s": 15.49199370900169,
    "remote_feature_latency_s": {
      "count": 454,
      "total_s": 10.266874671680853,
      "mean_s": 0.02261426139136752,
      "p50_s": 0.00954618799732998,
      "p90_s": 0.018571570608764888,
      "p99_s": 0.6244256655336349,
      "min_s": 0.0066886249696835876,
      "max_s": 0.7001954169245437
    },
    "remote_feature_total_s": 10.266874671680853,
    "cache_hits": 454,
    "cache_misses": 454,
    "cache_hit_rate": 0.5,
    "validation_time_s": {
      "count": 90,
      "total_s": 2.977579710073769,
      "mean_s": 0.033084219000819655,
      "p50_s": 0.03286339604528621,
      "p90_s": 0.03473023730330169,
      "p99_s": 0.041585191016783936,
      "min_s": 0.028482459019869566,
      "max_s": 0.04712429200299084
    },
    "saving_weights_time_s": {
      "count": 89,
      "total_s": 0.00020095764193683863,
      "mean_s": 2.257951032998187e-06,
      "p50_s": 2.125045284628868e-06,
      "p90_s": 2.7582747861742975e-06,
      "p99_s": 6.0900393873453175e-06,
      "min_s": 1.374981366097927e-06,
      "max_s": 6.749993190169334e-06
    },
    "batch_train_loss_mean": 0.6332157042705351,
    "avg_batch_nodes": 354.9611111111111,
    "avg_batch_edges": 570.3277777777778,
    "avg_seed_node_ratio": 0.08519021950049413,
    "topo_query_sent_ms": null,
    "topo_first_record_ms": null,
    "topo_transfer_ms": null,
    "topo_etl_ms": 0.17173870365106653,
    "feat_x_query_sent_ms": null,
    "feat_x_first_record_ms": null,
    "feat_x_transfer_ms": null,
    "feat_x_etl_ms": 0.4499030149734624,
    "feat_x_etl_parse_ms": 2.294594247103361,
    "feat_y_query_sent_ms": null,
    "feat_y_first_record_ms": null,
    "feat_y_transfer_ms": null,
    "feat_y_etl_ms": null,
    "network_baseline_ms": 2.971280897743918,
    "sampler_avg_db_exec_time_ms": 0,
    "sampler_avg_network_transfer_ms": 1.2973568281938326,
    "sampler_avg_driver_overhead_ms": 2.971280897743918,
    "sampler_avg_result_consumed_after_ms": 1.2973568281938326,
    "sampler_avg_result_available_after_ms": 0.473568281938326,
    "sampler_avg_client_wall_time_ms": 2.971280897743918,
    "sampler_avg_query_startup_ms": 0.473568281938326,
    "sampler_avg_exec_serialize_ms": 0.8237885462555066,
    "sampler_avg_client_recv_ms": 1.6739240695500854,
    "feat_x_avg_db_exec_time_ms": 0,
    "feat_x_avg_network_transfer_ms": 2.647577092511013,
    "feat_x_avg_driver_overhead_ms": 22.566579005092233,
    "feat_x_avg_result_consumed_after_ms": 2.647577092511013,
    "feat_x_avg_result_available_after_ms": 0.40748898678414097,
    "feat_x_avg_client_wall_time_ms": 22.566579005092233,
    "feat_x_avg_query_startup_ms": 0.40748898678414097,
    "feat_x_avg_exec_serialize_ms": 2.2400881057268722,
    "feat_x_avg_client_recv_ms": 19.91900191258122,
    "topo_fetch_ms": 2.971280897743918
  }
}