{
  "run": {
    "csv": "/home/victor.pekkari/thesis-folder/neo4j-mpgnn-thesis/experiment_results/results/run_7_2026-05-12/measurements.csv",
    "runtime_s": 80.8668417930603,
    "training_time_s": 80.33967539668083,
    "epochs_completed": 200,
    "batches_seen": 600,
    "nbr_training_datapoints": 120.0
  },
  "metrics": {
    "throughput_samples_per_s": 298.7316028039558,
    "epoch_time_s": {
      "count": 200,
      "total_s": 19.790136978030205,
      "mean_s": 0.09895068489015102,
      "p50_s": 0.09567571943625808,
      "p90_s": 0.10393372047692537,
      "p99_s": 0.1349651421001181,
      "min_s": 0.08530940907076001,
      "max_s": 0.33436735393479466
    },
    "sampling_phase_time_s": {
      "count": 600,
      "total_s": 15.185996017418802,
      "mean_s": 0.02530999336236467,
      "p50_s": 0.024444055976346135,
      "p90_s": 0.02888680542819202,
      "p99_s": 0.04046989675145595,
      "min_s": 0.01794574409723282,
      "max_s": 0.2623856891877949
    },
    "training_phase_time_s": {
      "count": 600,
      "total_s": 4.258268796373159,
      "mean_s": 0.007097114660621931,
      "p50_s": 0.006968252826482058,
      "p90_s": 0.007939014723524452,
      "p99_s": 0.009870747225359078,
      "min_s": 0.005464818794280291,
      "max_s": 0.011833874974399805
    },
    "convergence_time_s": null,
    "converged_epoch": null,
    "avg_cpu_utilization": null,
    "final_validation_accuracy": 0.6520000190023699,
    "best_validation_accuracy": 0.6560000191923597,
    "time_to_first_validation_accuracy_s": 0.5683905486948788,
    "time_to_best_accuracy_s": 69.06299063004553,
    "final_validation_loss": 1.1427431106567385,
    "best_validation_loss": 1.1186398267745972,
    "time_to_best_loss_s": 31.2393746371381,
    "final_test_accuracy": 0.6580000195836905,
    "best_test_accuracy": 0.6580000195836905,
    "time_to_best_test_accuracy_s": 81.46438043098897,
    "remote_feature_latency_s": {
      "count": 1004,
      "total_s": 49.58531739003956,
      "mean_s": 0.0493877663247406,
      "p50_s": 0.01736490149050951,
      "p90_s": 0.10106447818689049,
      "p99_s": 0.13977001944091177,
      "min_s": 0.012009953614324331,
      "max_s": 0.1496646129526198
    },
    "remote_feature_total_s": 49.58531739003956,
    "cache_hits": 1004,
    "cache_misses": 1004,
    "cache_hit_rate": 0.5,
    "validation_time_s": {
      "count": 200,
      "total_s": 60.97064269706607,
      "mean_s": 0.30485321348533034,
      "p50_s": 0.2993193499278277,
      "p90_s": 0.3149447500240058,
      "p99_s": 0.39215613557025786,
      "min_s": 0.27637591399252415,
      "max_s": 0.4000793513841927
    },
    "saving_weights_time_s": {
      "count": 58,
      "total_s": 0.0004428047686815262,
      "mean_s": 7.634564977267693e-06,
      "p50_s": 5.848938599228859e-06,
      "p90_s": 8.334498852491379e-06,
      "p99_s": 4.3256552889943105e-05,
      "min_s": 4.840083420276642e-06,
      "max_s": 7.797917351126671e-05
    },
    "batch_train_loss_mean": 0.1772568053049811,
    "avg_batch_nodes": 265.6666666666667,
    "avg_batch_edges": 389.9266666666667,
    "avg_seed_node_ratio": 0.12225464263574842,
    "topo_query_sent_ms": null,
    "topo_first_record_ms": null,
    "topo_transfer_ms": null,
    "topo_etl_ms": 0.6385667275533495,
    "feat_x_query_sent_ms": null,
    "feat_x_first_record_ms": null,
    "feat_x_transfer_ms": null,
    "feat_x_etl_ms": 3.421982446039815,
    "feat_x_etl_parse_ms": null,
    "feat_y_query_sent_ms": null,
    "feat_y_first_record_ms": null,
    "feat_y_transfer_ms": null,
    "feat_y_etl_ms": null,
    "network_baseline_ms": 4.394397052353716,
    "avg_feat_bytes": 9520132.693227092,
    "sampler_avg_db_exec_time_ms": 0,
    "sampler_avg_network_transfer_ms": 2.0448207171314743,
    "sampler_avg_driver_overhead_ms": 4.394397052353716,
    "sampler_avg_result_consumed_after_ms": 2.0448207171314743,
    "sampler_avg_result_available_after_ms": 0.4551792828685259,
    "sampler_avg_client_wall_time_ms": 4.394397052353716,
    "sampler_avg_query_startup_ms": 0.4551792828685259,
    "sampler_avg_exec_serialize_ms": 1.5896414342629483,
    "sampler_avg_client_recv_ms": 2.3495763352222414,
    "feat_x_avg_db_exec_time_ms": 0,
    "feat_x_avg_network_transfer_ms": 29.33167330677291,
    "feat_x_avg_driver_overhead_ms": 49.059143978211864,
    "feat_x_avg_result_consumed_after_ms": 29.33167330677291,
    "feat_x_avg_result_available_after_ms": 0.9721115537848606,
    "feat_x_avg_client_wall_time_ms": 49.059143978211864,
    "feat_x_avg_query_startup_ms": 0.9721115537848606,
    "feat_x_avg_exec_serialize_ms": 28.35956175298805,
    "feat_x_avg_client_recv_ms": 19.727470671438954,
    "topo_fetch_ms": 4.394397052353716
  },
  "notes": [
    "GPU/CPU utilization and explicit DB write/query timings are not in the Measurer CSV (unless you log them); this parser will report None for those.",
    "throughput_samples_per_s assumes nbr_training_datapoints is per-epoch; if it's total across training, remove the * epochs_completed multiplier.",
    "remote_feature_total_s is a proxy for time spent waiting on remote feature reads (DB reads)."
  ]
}