{
  "sampler": {
    "plan_meta": {},
    "global": {
      "sample_count": 104,
      "avg_client_wall_time_ms": 4.867727281704831,
      "avg_result_available_after_ms": 0.6634615384615384,
      "avg_result_consumed_after_ms": 2.644230769230769,
      "avg_profile_total_time_ms": 0.0,
      "avg_global_memory_bytes": 0.0,
      "avg_root_rows": 0.0,
      "avg_root_db_hits": 0.0,
      "avg_page_cache_hits": 0.0,
      "avg_page_cache_misses": 0.0,
      "avg_db_exec_time_ms": 0,
      "avg_network_transfer_ms": 2.644230769230769,
      "avg_driver_overhead_ms": 4.867727281704831,
      "avg_query_startup_ms": 0.6634615384615384,
      "avg_exec_serialize_ms": 1.9807692307692308,
      "avg_client_recv_ms": 2.223496512474062
    },
    "operators": [],
    "top_by_time_ms": [],
    "top_by_db_hits": [],
    "top_by_memory_bytes": []
  },
  "feat_x": {
    "plan_meta": {},
    "global": {
      "sample_count": 104,
      "avg_client_wall_time_ms": 77.33940492975168,
      "avg_result_available_after_ms": 1.2403846153846154,
      "avg_result_consumed_after_ms": 57.55769230769231,
      "avg_profile_total_time_ms": 0.0,
      "avg_global_memory_bytes": 0.0,
      "avg_root_rows": 0.0,
      "avg_root_db_hits": 0.0,
      "avg_page_cache_hits": 0.0,
      "avg_page_cache_misses": 0.0,
      "avg_db_exec_time_ms": 0,
      "avg_network_transfer_ms": 57.55769230769231,
      "avg_driver_overhead_ms": 77.33940492975168,
      "avg_query_startup_ms": 1.2403846153846154,
      "avg_exec_serialize_ms": 56.31730769230769,
      "avg_client_recv_ms": 19.781712622059374
    },
    "operators": [],
    "top_by_time_ms": [],
    "top_by_db_hits": [],
    "top_by_memory_bytes": []
  },
  "subphase_metrics": {
    "throughput_samples_per_s": 230.71973702329393,
    "epoch_time_s": {
      "count": 20,
      "total_s": 2.473815258592367,
      "mean_s": 0.12369076292961836,
      "p50_s": 0.12276646797545254,
      "p90_s": 0.13184833386912942,
      "p99_s": 0.14511128483805805,
      "min_s": 0.11117870407178998,
      "max_s": 0.146953993011266
    },
    "sampling_phase_time_s": {
      "count": 60,
      "total_s": 2.010767076164484,
      "mean_s": 0.0335127846027414,
      "p50_s": 0.033755131997168064,
      "p90_s": 0.037282843003049494,
      "p99_s": 0.04698104716371743,
      "min_s": 0.025350757874548435,
      "max_s": 0.04957592813298106
    },
    "training_phase_time_s": {
      "count": 60,
      "total_s": 0.42327677831053734,
      "mean_s": 0.007054612971842289,
      "p50_s": 0.006824839161708951,
      "p90_s": 0.007893630443140865,
      "p99_s": 0.010784819112159299,
      "min_s": 0.005612188950181007,
      "max_s": 0.012965516652911901
    },
    "convergence_time_s": null,
    "converged_epoch": null,
    "avg_cpu_utilization": null,
    "final_validation_accuracy": 0.3780000102668084,
    "best_validation_accuracy": 0.3780000102668084,
    "time_to_first_validation_accuracy_s": 0.7248085723258555,
    "time_to_best_accuracy_s": 10.95826696511358,
    "final_validation_loss": 1.5527348518371582,
    "best_validation_loss": 1.5527348518371582,
    "time_to_best_loss_s": 10.95827792910859,
    "final_test_accuracy": 0.3760000110708241,
    "best_test_accuracy": 0.3760000110708241,
    "time_to_best_test_accuracy_s": 11.61160593200475,
    "remote_feature_latency_s": {
      "count": 104,
      "total_s": 8.076617778744549,
      "mean_s": 0.0776597863340822,
      "p50_s": 0.028156831162050366,
      "p90_s": 0.1536571618169546,
      "p99_s": 0.17945227919612078,
      "min_s": 0.019202458206564188,
      "max_s": 0.19229366490617394
    },
    "remote_feature_total_s": 8.076617778744549,
    "cache_hits": 104,
    "cache_misses": 104,
    "cache_hit_rate": 0.5,
    "validation_time_s": {
      "count": 20,
      "total_s": 8.37771640252322,
      "mean_s": 0.418885820126161,
      "p50_s": 0.41325606033205986,
      "p90_s": 0.43418329395353794,
      "p99_s": 0.46717606934253125,
      "min_s": 0.39690883830189705,
      "max_s": 0.4717894960194826
    },
    "saving_weights_time_s": {
      "count": 20,
      "total_s": 0.0001389351673424244,
      "mean_s": 6.946758367121219e-06,
      "p50_s": 6.573274731636047e-06,
      "p90_s": 8.473126217722893e-06,
      "p99_s": 1.2246659025549884e-05,
      "min_s": 4.8889778554439545e-06,
      "max_s": 1.2950040400028229e-05
    },
    "batch_train_loss_mean": 1.447521795829137,
    "avg_batch_nodes": 264.1,
    "avg_batch_edges": 385.48333333333335,
    "avg_seed_node_ratio": 0.1227397335097711,
    "topo_query_sent_ms": null,
    "topo_first_record_ms": null,
    "topo_transfer_ms": null,
    "topo_etl_ms": 0.6201574220680274,
    "feat_x_query_sent_ms": null,
    "feat_x_first_record_ms": null,
    "feat_x_transfer_ms": null,
    "feat_x_etl_ms": 3.848520528453474,
    "feat_x_etl_parse_ms": null,
    "feat_y_query_sent_ms": null,
    "feat_y_first_record_ms": null,
    "feat_y_transfer_ms": null,
    "feat_y_etl_ms": null,
    "network_baseline_ms": 4.867727281704831,
    "avg_feat_bytes": 9754271.692307692,
    "sampler_avg_db_exec_time_ms": 0,
    "sampler_avg_network_transfer_ms": 2.644230769230769,
    "sampler_avg_driver_overhead_ms": 4.867727281704831,
    "sampler_avg_result_consumed_after_ms": 2.644230769230769,
    "sampler_avg_result_available_after_ms": 0.6634615384615384,
    "sampler_avg_client_wall_time_ms": 4.867727281704831,
    "sampler_avg_query_startup_ms": 0.6634615384615384,
    "sampler_avg_exec_serialize_ms": 1.9807692307692308,
    "sampler_avg_client_recv_ms": 2.223496512474062,
    "feat_x_avg_db_exec_time_ms": 0,
    "feat_x_avg_network_transfer_ms": 57.55769230769231,
    "feat_x_avg_driver_overhead_ms": 77.33940492975168,
    "feat_x_avg_result_consumed_after_ms": 57.55769230769231,
    "feat_x_avg_result_available_after_ms": 1.2403846153846154,
    "feat_x_avg_client_wall_time_ms": 77.33940492975168,
    "feat_x_avg_query_startup_ms": 1.2403846153846154,
    "feat_x_avg_exec_serialize_ms": 56.31730769230769,
    "feat_x_avg_client_recv_ms": 19.781712622059374,
    "topo_fetch_ms": 4.867727281704831
  }
}