{
  "run": {
    "csv": "/home/victor.pekkari/thesis-folder/neo4j-mpgnn-thesis/experiment_results/results/run_0/measurements.csv",
    "runtime_s": 1144.6833752682433,
    "training_time_s": 1121.6798132080585,
    "epochs_completed": 10,
    "batches_seen": 6490,
    "nbr_training_datapoints": 90941.0
  },
  "metrics": {
    "throughput_samples_per_s": 810.7572136820787,
    "epoch_time_s": {
      "count": 10,
      "total_s": 931.9399101044983,
      "mean_s": 93.19399101044982,
      "p50_s": 93.1499183550477,
      "p90_s": 93.83223940399475,
      "p99_s": 93.94876175137702,
      "min_s": 92.59629935305566,
      "max_s": 93.96170867886394
    },
    "sampling_phase_time_s": {
      "count": 6490,
      "total_s": 890.8304677214473,
      "mean_s": 0.13726201351640174,
      "p50_s": 0.13440943998284638,
      "p90_s": 0.15130106126889586,
      "p99_s": 0.28763390060048544,
      "min_s": 0.10157052986323833,
      "max_s": 0.3877946729771793
    },
    "training_phase_time_s": {
      "count": 6490,
      "total_s": 40.75683021871373,
      "mean_s": 0.006279943022914288,
      "p50_s": 0.0064125508069992065,
      "p90_s": 0.007219873694702983,
      "p99_s": 0.007788209081627427,
      "min_s": 0.00467054033651948,
      "max_s": 0.014038189314305782
    },
    "convergence_time_s": null,
    "converged_epoch": null,
    "avg_cpu_utilization": 7.00061565523307,
    "final_validation_accuracy": 0.5605221420681348,
    "best_validation_accuracy": 0.5605221420681348,
    "time_to_first_validation_accuracy_s": 116.04153081821278,
    "time_to_best_accuracy_s": 1144.683324813377,
    "final_validation_loss": 1.486479878425598,
    "best_validation_loss": 1.486479878425598,
    "time_to_best_loss_s": 1144.683334815316,
    "final_test_accuracy": 0.4926239205925001,
    "best_test_accuracy": 0.4926239205925001,
    "time_to_best_test_accuracy_s": 1153.9887775983661,
    "remote_feature_latency_s": {
      "count": 7850,
      "total_s": 693.1855340437032,
      "mean_s": 0.08830388968709595,
      "p50_s": 0.08639078424312174,
      "p90_s": 0.10313758053816856,
      "p99_s": 0.23438106367364533,
      "min_s": 0.009787939954549074,
      "max_s": 0.3391928840428591
    },
    "remote_feature_total_s": 693.1855340437032,
    "cache_hits": 7850,
    "cache_misses": 7850,
    "cache_hit_rate": 0.5,
    "validation_time_s": {
      "count": 10,
      "total_s": 210.9937638035044,
      "mean_s": 21.099376380350442,
      "p50_s": 21.206082144752145,
      "p90_s": 21.29380753263831,
      "p99_s": 21.31784529075958,
      "min_s": 20.706165821291506,
      "max_s": 21.320516152773052
    },
    "saving_weights_time_s": {
      "count": 10,
      "total_s": 0.00016034673899412155,
      "mean_s": 1.6034673899412154e-05,
      "p50_s": 7.195398211479187e-06,
      "p90_s": 2.1901400759816147e-05,
      "p99_s": 7.603847887367011e-05,
      "min_s": 6.375834345817566e-06,
      "max_s": 8.205370977520943e-05
    },
    "batch_train_loss_mean": 1.6027466839928473,
    "avg_batch_nodes": 1524.7848998459167,
    "avg_batch_edges": 1599.3055469953774,
    "avg_seed_node_ratio": 0.09256709731137178,
    "topo_query_sent_ms": null,
    "topo_first_record_ms": null,
    "topo_transfer_ms": null,
    "topo_etl_ms": 1.0253035036289389,
    "feat_x_query_sent_ms": null,
    "feat_x_first_record_ms": null,
    "feat_x_transfer_ms": null,
    "feat_x_etl_ms": 21.30486362228158,
    "feat_y_query_sent_ms": null,
    "feat_y_first_record_ms": null,
    "feat_y_transfer_ms": null,
    "feat_y_etl_ms": null,
    "network_baseline_ms": 9.401017576066232,
    "sampler_avg_db_exec_time_ms": 10.193431436942676,
    "sampler_avg_network_transfer_ms": 0.7007086904458593,
    "sampler_avg_driver_overhead_ms": 9.401017576066232,
    "sampler_avg_result_consumed_after_ms": 10.894140127388535,
    "sampler_avg_client_wall_time_ms": 19.59444901300891,
    "feat_x_avg_db_exec_time_ms": 27.83537039210191,
    "feat_x_avg_network_transfer_ms": 0.5766041301910825,
    "feat_x_avg_driver_overhead_ms": 60.35365711200376,
    "feat_x_avg_result_consumed_after_ms": 28.411974522292994,
    "feat_x_avg_client_wall_time_ms": 88.18902750410567,
    "topo_fetch_ms": 19.59444901300891
  },
  "notes": [
    "GPU/CPU utilization and explicit DB write/query timings are not in the Measurer CSV (unless you log them); this parser will report None for those.",
    "throughput_samples_per_s assumes nbr_training_datapoints is per-epoch; if it's total across training, remove the * epochs_completed multiplier.",
    "remote_feature_total_s is a proxy for time spent waiting on remote feature reads (DB reads)."
  ]
}