{
  "run": {
    "csv": "/var/lib/neo4j/data/projects/neo4j-mpgnn-thesis/experiment_results/results/run_11_2026-05-13/preagg_neo4j/run_4/measurements.csv",
    "runtime_s": 32.05597623297945,
    "training_time_s": 31.724186330102384,
    "epochs_completed": 90,
    "batches_seen": 360,
    "nbr_training_datapoints": 140.0
  },
  "metrics": {
    "throughput_samples_per_s": 397.17330710682836,
    "epoch_time_s": {
      "count": 90,
      "total_s": 10.385375699028373,
      "mean_s": 0.11539306332253747,
      "p50_s": 0.11238180240616202,
      "p90_s": 0.12952052406035364,
      "p99_s": 0.13343500547576695,
      "min_s": 0.09551431518048048,
      "max_s": 0.13358482625335455
    },
    "sampling_phase_time_s": {
      "count": 360,
      "total_s": 7.177539808675647,
      "mean_s": 0.019937610579654576,
      "p50_s": 0.019595284946262836,
      "p90_s": 0.02389954966492951,
      "p99_s": 0.027795154890045536,
      "min_s": 0.013856116216629744,
      "max_s": 0.03230441268533468
    },
    "training_phase_time_s": {
      "count": 360,
      "total_s": 2.9400178687646985,
      "mean_s": 0.008166716302124162,
      "p50_s": 0.00813968456350267,
      "p90_s": 0.00908163832500577,
      "p99_s": 0.011047788592986767,
      "min_s": 0.006435732822865248,
      "max_s": 0.014065945986658335
    },
    "convergence_time_s": null,
    "converged_epoch": null,
    "avg_cpu_utilization": null,
    "final_validation_accuracy": 0.7720000230340806,
    "best_validation_accuracy": 0.7800000232690182,
    "time_to_first_validation_accuracy_s": 0.6059446111321449,
    "time_to_best_accuracy_s": 19.638814297039062,
    "final_validation_loss": 0.8574782609939575,
    "best_validation_loss": 0.8574782609939575,
    "time_to_best_loss_s": 32.05594659782946,
    "final_test_accuracy": 0.7820000236428439,
    "best_test_accuracy": 0.7820000236428439,
    "time_to_best_test_accuracy_s": 32.419192566070706,
    "remote_feature_latency_s": {
      "count": 544,
      "total_s": 15.732229223940521,
      "mean_s": 0.028919539014596547,
      "p50_s": 0.014425635570660233,
      "p90_s": 0.06630545747466385,
      "p99_s": 0.0818872321676463,
      "min_s": 0.008138677105307579,
      "max_s": 0.08321716682985425
    },
    "remote_feature_total_s": 15.732229223940521,
    "cache_hits": 544,
    "cache_misses": 544,
    "cache_hit_rate": 0.5,
    "validation_time_s": {
      "count": 90,
      "total_s": 21.618209986481816,
      "mean_s": 0.24020233318313128,
      "p50_s": 0.22824368672445416,
      "p90_s": 0.2671308485325426,
      "p99_s": 0.3235785767389461,
      "min_s": 0.20778180891647935,
      "max_s": 0.43911146465688944
    },
    "saving_weights_time_s": {
      "count": 75,
      "total_s": 0.0004984540864825249,
      "mean_s": 6.646054486433665e-06,
      "p50_s": 6.387010216712952e-06,
      "p90_s": 7.818639278411868e-06,
      "p99_s": 1.327903941273692e-05,
      "min_s": 4.69014048576355e-06,
      "max_s": 1.713912934064865e-05
    },
    "batch_train_loss_mean": 0.6274935469238294,
    "avg_batch_nodes": 355.1694444444444,
    "avg_batch_edges": 570.9194444444445,
    "avg_seed_node_ratio": 0.08526391342335458,
    "topo_query_sent_ms": null,
    "topo_first_record_ms": null,
    "topo_transfer_ms": null,
    "topo_etl_ms": 0.8086904854280874,
    "feat_x_query_sent_ms": null,
    "feat_x_first_record_ms": null,
    "feat_x_transfer_ms": null,
    "feat_x_etl_ms": 2.4235101094852913,
    "feat_x_etl_parse_ms": null,
    "feat_y_query_sent_ms": null,
    "feat_y_first_record_ms": null,
    "feat_y_transfer_ms": null,
    "feat_y_etl_ms": null,
    "network_baseline_ms": 5.204564266879221,
    "avg_feat_bytes": 3786934.3088235296,
    "sampler_avg_db_exec_time_ms": 0,
    "sampler_avg_network_transfer_ms": 2.3970588235294117,
    "sampler_avg_driver_overhead_ms": 5.204564266879221,
    "sampler_avg_result_consumed_after_ms": 2.3970588235294117,
    "sampler_avg_result_available_after_ms": 0.5,
    "sampler_avg_client_wall_time_ms": 5.204564266879221,
    "sampler_avg_query_startup_ms": 0.5,
    "sampler_avg_exec_serialize_ms": 1.8970588235294117,
    "sampler_avg_client_recv_ms": 2.8075054433498097,
    "feat_x_avg_db_exec_time_ms": 0,
    "feat_x_avg_network_transfer_ms": 17.332720588235293,
    "feat_x_avg_driver_overhead_ms": 28.5943629398175,
    "feat_x_avg_result_consumed_after_ms": 17.332720588235293,
    "feat_x_avg_result_available_after_ms": 1.2352941176470589,
    "feat_x_avg_client_wall_time_ms": 28.5943629398175,
    "feat_x_avg_query_startup_ms": 1.2352941176470589,
    "feat_x_avg_exec_serialize_ms": 16.097426470588236,
    "feat_x_avg_client_recv_ms": 11.261642351582207,
    "topo_fetch_ms": 5.204564266879221
  },
  "notes": [
    "GPU/CPU utilization and explicit DB write/query timings are not in the Measurer CSV (unless you log them); this parser will report None for those.",
    "throughput_samples_per_s assumes nbr_training_datapoints is per-epoch; if it's total across training, remove the * epochs_completed multiplier.",
    "remote_feature_total_s is a proxy for time spent waiting on remote feature reads (DB reads)."
  ]
}