{
  "run": {
    "csv": "/var/lib/neo4j/data/projects/neo4j-mpgnn-thesis/experiment_results/results/run_32_2026-05-12/measurements.csv",
    "runtime_s": 981.3205419466831,
    "training_time_s": 795.8907278329134,
    "epochs_completed": 2,
    "batches_seen": 1292,
    "nbr_training_datapoints": 20695.0
  },
  "metrics": {
    "throughput_samples_per_s": 52.00462645506442,
    "epoch_time_s": {
      "count": 2,
      "total_s": 615.0104942489415,
      "mean_s": 307.50524712447077,
      "p50_s": 307.50524712447077,
      "p90_s": 308.528188884072,
      "p99_s": 308.75835077998227,
      "min_s": 306.2265699249692,
      "max_s": 308.7839243239723
    },
    "sampling_phase_time_s": {
      "count": 1292,
      "total_s": 548.4891973789781,
      "mean_s": 0.42452724255338864,
      "p50_s": 0.4087406231556088,
      "p90_s": 0.5482722566928716,
      "p99_s": 0.8138217169931158,
      "min_s": 0.20464807702228427,
      "max_s": 1.08335001161322
    },
    "training_phase_time_s": {
      "count": 1292,
      "total_s": 61.36824110383168,
      "mean_s": 0.04749863862525672,
      "p50_s": 0.04679198586381972,
      "p90_s": 0.0553456197027117,
      "p99_s": 0.06290254627820104,
      "min_s": 0.030819575302302837,
      "max_s": 0.06927123991772532
    },
    "convergence_time_s": null,
    "converged_epoch": null,
    "avg_cpu_utilization": null,
    "final_validation_accuracy": 0.9507103437569362,
    "best_validation_accuracy": 0.9507103437569362,
    "time_to_first_validation_accuracy_s": 488.0065755848773,
    "time_to_best_accuracy_s": 981.3204819778912,
    "final_validation_loss": 0.1661999374628067,
    "best_validation_loss": 0.1661999374628067,
    "time_to_best_loss_s": 981.3205074607395,
    "final_test_accuracy": 0.9460869142289472,
    "best_test_accuracy": 0.9460869142289472,
    "time_to_best_test_accuracy_s": 1144.9960808218457,
    "remote_feature_latency_s": {
      "count": 1373,
      "total_s": 892.0940324151888,
      "mean_s": 0.6497407373745002,
      "p50_s": 0.3159926268272102,
      "p90_s": 0.5945249724201858,
      "p99_s": 6.511317132152616,
      "min_s": 0.1509017781354487,
      "max_s": 8.702037313953042
    },
    "remote_feature_total_s": 892.0940324151888,
    "cache_hits": 1373,
    "cache_misses": 1373,
    "cache_hit_rate": 0.5,
    "validation_time_s": {
      "count": 2,
      "total_s": 365.88154938071966,
      "mean_s": 182.94077469035983,
      "p50_s": 182.94077469035983,
      "p90_s": 184.2120981220156,
      "p99_s": 184.49814589413813,
      "min_s": 181.35162040079013,
      "max_s": 184.52992897992954
    },
    "saving_weights_time_s": {
      "count": 2,
      "total_s": 2.648262307047844e-05,
      "mean_s": 1.324131153523922e-05,
      "p50_s": 1.324131153523922e-05,
      "p90_s": 1.7410097643733025e-05,
      "p99_s": 1.8348074518144132e-05,
      "min_s": 8.030328899621964e-06,
      "max_s": 1.8452294170856476e-05
    },
    "batch_train_loss_mean": 0.20063282720652342,
    "avg_batch_nodes": 2253.5,
    "avg_batch_edges": 3586.592879256966,
    "avg_seed_node_ratio": 0.014364832385862754,
    "topo_query_sent_ms": null,
    "topo_first_record_ms": null,
    "topo_transfer_ms": null,
    "topo_etl_ms": 2.2743552525033284,
    "feat_x_query_sent_ms": null,
    "feat_x_first_record_ms": null,
    "feat_x_transfer_ms": null,
    "feat_x_etl_ms": 56.83591100336402,
    "feat_x_etl_parse_ms": null,
    "feat_y_query_sent_ms": null,
    "feat_y_first_record_ms": null,
    "feat_y_transfer_ms": null,
    "feat_y_etl_ms": null,
    "network_baseline_ms": 12.84511365336946,
    "avg_feat_bytes": 33957963.32119446,
    "sampler_avg_db_exec_time_ms": 0,
    "sampler_avg_network_transfer_ms": 7.931536780772032,
    "sampler_avg_driver_overhead_ms": 12.84511365336946,
    "sampler_avg_result_consumed_after_ms": 7.931536780772032,
    "sampler_avg_result_available_after_ms": 0.6067006554989075,
    "sampler_avg_client_wall_time_ms": 12.84511365336946,
    "sampler_avg_query_startup_ms": 0.6067006554989075,
    "sampler_avg_exec_serialize_ms": 7.324836125273125,
    "sampler_avg_client_recv_ms": 4.913576872597427,
    "feat_x_avg_db_exec_time_ms": 0,
    "feat_x_avg_network_transfer_ms": 384.8689002184996,
    "feat_x_avg_driver_overhead_ms": 648.9208980435634,
    "feat_x_avg_result_consumed_after_ms": 384.8689002184996,
    "feat_x_avg_result_available_after_ms": 4.094683175528041,
    "feat_x_avg_client_wall_time_ms": 648.9208980435634,
    "feat_x_avg_query_startup_ms": 4.094683175528041,
    "feat_x_avg_exec_serialize_ms": 380.7742170429716,
    "feat_x_avg_client_recv_ms": 264.0519978250638,
    "topo_fetch_ms": 12.84511365336946
  },
  "notes": [
    "GPU/CPU utilization and explicit DB write/query timings are not in the Measurer CSV (unless you log them); this parser will report None for those.",
    "throughput_samples_per_s assumes nbr_training_datapoints is per-epoch; if it's total across training, remove the * epochs_completed multiplier.",
    "remote_feature_total_s is a proxy for time spent waiting on remote feature reads (DB reads)."
  ]
}