{
  "run": {
    "csv": "/home/victor.pekkari/thesis-folder/neo4j-mpgnn-thesis/experiment_results/results/run_23_2026-05-12/measurements.csv",
    "runtime_s": 69.25355366291478,
    "training_time_s": 68.78978804731742,
    "epochs_completed": 200,
    "batches_seen": 200,
    "nbr_training_datapoints": 120.0
  },
  "metrics": {
    "throughput_samples_per_s": 348.8889947370019,
    "epoch_time_s": {
      "count": 200,
      "total_s": 11.164031851105392,
      "mean_s": 0.05582015925552696,
      "p50_s": 0.05412229197099805,
      "p90_s": 0.06111772083677351,
      "p99_s": 0.0703513594996182,
      "min_s": 0.039813305251300335,
      "max_s": 0.2971231499686837
    },
    "sampling_phase_time_s": {
      "count": 200,
      "total_s": 9.835559700615704,
      "mean_s": 0.04917779850307852,
      "p50_s": 0.04735687677748501,
      "p90_s": 0.05422905804589391,
      "p99_s": 0.06378538791555899,
      "min_s": 0.03370128991082311,
      "max_s": 0.29081176267936826
    },
    "training_phase_time_s": {
      "count": 200,
      "total_s": 1.1269435253925622,
      "mean_s": 0.005634717626962811,
      "p50_s": 0.0054414765909314156,
      "p90_s": 0.006037761503830552,
      "p99_s": 0.007288436535745852,
      "min_s": 0.005189111921936274,
      "max_s": 0.01381100993603468
    },
    "convergence_time_s": null,
    "converged_epoch": null,
    "avg_cpu_utilization": null,
    "final_validation_accuracy": 0.6460000188624273,
    "best_validation_accuracy": 0.6540000188798017,
    "time_to_first_validation_accuracy_s": 0.5117549737915397,
    "time_to_best_accuracy_s": 23.094174376688898,
    "final_validation_loss": 1.1065045595169067,
    "best_validation_loss": 1.0997273921966553,
    "time_to_best_loss_s": 48.69853325095028,
    "final_test_accuracy": 0.6580000188209695,
    "best_test_accuracy": 0.6580000188209695,
    "time_to_best_test_accuracy_s": 69.67039494588971,
    "remote_feature_latency_s": {
      "count": 604,
      "total_s": 51.05723738390952,
      "mean_s": 0.08453184997336013,
      "p50_s": 0.10435462999157608,
      "p90_s": 0.11066104155033828,
      "p99_s": 0.12161213236395271,
      "min_s": 0.02543374104425311,
      "max_s": 0.1253046840429306
    },
    "remote_feature_total_s": 51.05723738390952,
    "cache_hits": 604,
    "cache_misses": 604,
    "cache_hit_rate": 0.5,
    "validation_time_s": {
      "count": 200,
      "total_s": 57.98686089133844,
      "mean_s": 0.2899343044566922,
      "p50_s": 0.28701539267785847,
      "p90_s": 0.29892865563742815,
      "p99_s": 0.32100023616105317,
      "min_s": 0.2699838289991021,
      "max_s": 0.5102988393045962
    },
    "saving_weights_time_s": {
      "count": 102,
      "total_s": 0.0006963834166526794,
      "mean_s": 6.827288398555681e-06,
      "p50_s": 5.488516762852669e-06,
      "p90_s": 6.927037611603737e-06,
      "p99_s": 2.363452687859532e-05,
      "min_s": 4.719942808151245e-06,
      "max_s": 7.962295785546303e-05
    },
    "batch_train_loss_mean": 0.34595071292947976,
    "avg_batch_nodes": 591.39,
    "avg_batch_edges": 991.91,
    "avg_seed_node_ratio": 0.10876763106164439,
    "topo_query_sent_ms": null,
    "topo_first_record_ms": null,
    "topo_transfer_ms": null,
    "topo_etl_ms": 1.0526622175269864,
    "feat_x_query_sent_ms": null,
    "feat_x_first_record_ms": null,
    "feat_x_transfer_ms": null,
    "feat_x_etl_ms": 5.069279969231972,
    "feat_x_etl_parse_ms": null,
    "feat_y_query_sent_ms": null,
    "feat_y_first_record_ms": null,
    "feat_y_transfer_ms": null,
    "feat_y_etl_ms": null,
    "network_baseline_ms": 6.147112570925067,
    "avg_feat_bytes": 17584222.74834437,
    "sampler_avg_db_exec_time_ms": 0,
    "sampler_avg_network_transfer_ms": 3.1357615894039736,
    "sampler_avg_driver_overhead_ms": 6.147112570925067,
    "sampler_avg_result_consumed_after_ms": 3.1357615894039736,
    "sampler_avg_result_available_after_ms": 0.4503311258278146,
    "sampler_avg_client_wall_time_ms": 6.147112570925067,
    "sampler_avg_query_startup_ms": 0.4503311258278146,
    "sampler_avg_exec_serialize_ms": 2.685430463576159,
    "sampler_avg_client_recv_ms": 3.0113509815210935,
    "feat_x_avg_db_exec_time_ms": 0,
    "feat_x_avg_network_transfer_ms": 34.69039735099338,
    "feat_x_avg_driver_overhead_ms": 84.39496766223837,
    "feat_x_avg_result_consumed_after_ms": 34.69039735099338,
    "feat_x_avg_result_available_after_ms": 0.4900662251655629,
    "feat_x_avg_client_wall_time_ms": 84.39496766223837,
    "feat_x_avg_query_startup_ms": 0.4900662251655629,
    "feat_x_avg_exec_serialize_ms": 34.200331125827816,
    "feat_x_avg_client_recv_ms": 49.70457031124499,
    "topo_fetch_ms": 6.147112570925067
  },
  "notes": [
    "GPU/CPU utilization and explicit DB write/query timings are not in the Measurer CSV (unless you log them); this parser will report None for those.",
    "throughput_samples_per_s assumes nbr_training_datapoints is per-epoch; if it's total across training, remove the * epochs_completed multiplier.",
    "remote_feature_total_s is a proxy for time spent waiting on remote feature reads (DB reads)."
  ]
}