{
  "sampler": {
    "plan_meta": {},
    "global": {
      "sample_count": 64,
      "avg_client_wall_time_ms": 5.463947418320458,
      "avg_result_available_after_ms": 0.46875,
      "avg_result_consumed_after_ms": 3.203125,
      "avg_profile_total_time_ms": 0.0,
      "avg_global_memory_bytes": 0.0,
      "avg_root_rows": 0.0,
      "avg_root_db_hits": 0.0,
      "avg_page_cache_hits": 0.0,
      "avg_page_cache_misses": 0.0,
      "avg_db_exec_time_ms": 0,
      "avg_network_transfer_ms": 3.203125,
      "avg_driver_overhead_ms": 5.463947418320458,
      "avg_query_startup_ms": 0.46875,
      "avg_exec_serialize_ms": 2.734375,
      "avg_client_recv_ms": 2.2608224183204584
    },
    "operators": [],
    "top_by_time_ms": [],
    "top_by_db_hits": [],
    "top_by_memory_bytes": []
  },
  "feat_x": {
    "plan_meta": {},
    "global": {
      "sample_count": 64,
      "avg_client_wall_time_ms": 95.24369567952817,
      "avg_result_available_after_ms": 0.546875,
      "avg_result_consumed_after_ms": 45.671875,
      "avg_profile_total_time_ms": 0.0,
      "avg_global_memory_bytes": 0.0,
      "avg_root_rows": 0.0,
      "avg_root_db_hits": 0.0,
      "avg_page_cache_hits": 0.0,
      "avg_page_cache_misses": 0.0,
      "avg_db_exec_time_ms": 0,
      "avg_network_transfer_ms": 45.671875,
      "avg_driver_overhead_ms": 95.24369567952817,
      "avg_query_startup_ms": 0.546875,
      "avg_exec_serialize_ms": 45.125,
      "avg_client_recv_ms": 49.57182067952817
    },
    "operators": [],
    "top_by_time_ms": [],
    "top_by_db_hits": [],
    "top_by_memory_bytes": []
  },
  "subphase_metrics": {
    "throughput_samples_per_s": 336.1977375944349,
    "epoch_time_s": {
      "count": 20,
      "total_s": 1.1917538805864751,
      "mean_s": 0.059587694029323755,
      "p50_s": 0.060395888052880764,
      "p90_s": 0.06465084538795055,
      "p99_s": 0.08623846252914515,
      "min_s": 0.049002008978277445,
      "max_s": 0.0909521821886301
    },
    "sampling_phase_time_s": {
      "count": 20,
      "total_s": 1.0554761006496847,
      "mean_s": 0.05277380503248423,
      "p50_s": 0.05455895559862256,
      "p90_s": 0.058456599619239574,
      "p99_s": 0.07009839282371103,
      "min_s": 0.04203359177336097,
      "max_s": 0.07250630296766758
    },
    "training_phase_time_s": {
      "count": 20,
      "total_s": 0.11456182645633817,
      "mean_s": 0.005728091322816908,
      "p50_s": 0.0051050311885774136,
      "p90_s": 0.005782018369063736,
      "p99_s": 0.013695115870796132,
      "min_s": 0.004960689228028059,
      "max_s": 0.01541206706315279
    },
    "convergence_time_s": null,
    "converged_epoch": null,
    "avg_cpu_utilization": null,
    "final_validation_accuracy": 0.2980000077723907,
    "best_validation_accuracy": 0.2980000077723907,
    "time_to_first_validation_accuracy_s": 0.5432960540056229,
    "time_to_best_accuracy_s": 7.62209467869252,
    "final_validation_loss": 1.6511414051055908,
    "best_validation_loss": 1.6511414051055908,
    "time_to_best_loss_s": 7.622107743751258,
    "final_test_accuracy": 0.2870000082164489,
    "best_test_accuracy": 0.2870000082164489,
    "time_to_best_test_accuracy_s": 8.069618060719222,
    "remote_feature_latency_s": {
      "count": 64,
      "total_s": 6.1064899251796305,
      "mean_s": 0.09541390508093173,
      "p50_s": 0.1190135960932821,
      "p90_s": 0.12597948960028588,
      "p99_s": 0.13748491403646765,
      "min_s": 0.03265986405313015,
      "max_s": 0.1407933859154582
    },
    "remote_feature_total_s": 6.1064899251796305,
    "cache_hits": 64,
    "cache_misses": 64,
    "cache_hit_rate": 0.5,
    "validation_time_s": {
      "count": 20,
      "total_s": 6.335181190632284,
      "mean_s": 0.3167590595316142,
      "p50_s": 0.3135515497997403,
      "p90_s": 0.3242830708157271,
      "p99_s": 0.35237943622283635,
      "min_s": 0.30240654200315475,
      "max_s": 0.3577136308886111
    },
    "saving_weights_time_s": {
      "count": 20,
      "total_s": 0.00012558791786432266,
      "mean_s": 6.279395893216133e-06,
      "p50_s": 5.811918526887894e-06,
      "p90_s": 7.622037082910538e-06,
      "p99_s": 1.1058449745178218e-05,
      "min_s": 5.194917321205139e-06,
      "max_s": 1.1771917343139648e-05
    },
    "batch_train_loss_mean": 1.6284458577632903,
    "avg_batch_nodes": 574.35,
    "avg_batch_edges": 944.75,
    "avg_seed_node_ratio": 0.11181208862231043,
    "topo_query_sent_ms": null,
    "topo_first_record_ms": null,
    "topo_transfer_ms": null,
    "topo_etl_ms": 0.9908114880090579,
    "feat_x_query_sent_ms": null,
    "feat_x_first_record_ms": null,
    "feat_x_transfer_ms": null,
    "feat_x_etl_ms": 5.122059825225733,
    "feat_x_etl_parse_ms": null,
    "feat_y_query_sent_ms": null,
    "feat_y_first_record_ms": null,
    "feat_y_transfer_ms": null,
    "feat_y_etl_ms": null,
    "network_baseline_ms": 5.463947418320458,
    "avg_feat_bytes": 17550831.375,
    "sampler_avg_db_exec_time_ms": 0,
    "sampler_avg_network_transfer_ms": 3.203125,
    "sampler_avg_driver_overhead_ms": 5.463947418320458,
    "sampler_avg_result_consumed_after_ms": 3.203125,
    "sampler_avg_result_available_after_ms": 0.46875,
    "sampler_avg_client_wall_time_ms": 5.463947418320458,
    "sampler_avg_query_startup_ms": 0.46875,
    "sampler_avg_exec_serialize_ms": 2.734375,
    "sampler_avg_client_recv_ms": 2.2608224183204584,
    "feat_x_avg_db_exec_time_ms": 0,
    "feat_x_avg_network_transfer_ms": 45.671875,
    "feat_x_avg_driver_overhead_ms": 95.24369567952817,
    "feat_x_avg_result_consumed_after_ms": 45.671875,
    "feat_x_avg_result_available_after_ms": 0.546875,
    "feat_x_avg_client_wall_time_ms": 95.24369567952817,
    "feat_x_avg_query_startup_ms": 0.546875,
    "feat_x_avg_exec_serialize_ms": 45.125,
    "feat_x_avg_client_recv_ms": 49.57182067952817,
    "topo_fetch_ms": 5.463947418320458
  }
}