{
  "run": {
    "csv": "/home/victor.pekkari/thesis-folder/neo4j-mpgnn-thesis/experiment_results/results/run_17_2026-05-12/measurements.csv",
    "runtime_s": 9.901395246386528,
    "training_time_s": 9.41964956605807,
    "epochs_completed": 20,
    "batches_seen": 60,
    "nbr_training_datapoints": 120.0
  },
  "metrics": {
    "throughput_samples_per_s": 254.78654839219786,
    "epoch_time_s": {
      "count": 20,
      "total_s": 2.4441984496079385,
      "mean_s": 0.12220992248039693,
      "p50_s": 0.12188539421185851,
      "p90_s": 0.14833595189265908,
      "p99_s": 0.1599962812149897,
      "min_s": 0.09808892384171486,
      "max_s": 0.1612128890119493
    },
    "sampling_phase_time_s": {
      "count": 60,
      "total_s": 1.932067473884672,
      "mean_s": 0.032201124564744533,
      "p50_s": 0.03205931396223605,
      "p90_s": 0.04128630296327174,
      "p99_s": 0.05185281455516815,
      "min_s": 0.020350461825728416,
      "max_s": 0.05208474909886718
    },
    "training_phase_time_s": {
      "count": 60,
      "total_s": 0.46944637689739466,
      "mean_s": 0.007824106281623245,
      "p50_s": 0.007460905471816659,
      "p90_s": 0.008555196831002832,
      "p99_s": 0.013573430320248,
      "min_s": 0.006625354755669832,
      "max_s": 0.014943236950784922
    },
    "convergence_time_s": null,
    "converged_epoch": null,
    "avg_cpu_utilization": null,
    "final_validation_accuracy": 0.3740000103669027,
    "best_validation_accuracy": 0.3740000103669027,
    "time_to_first_validation_accuracy_s": 0.7300366880372167,
    "time_to_best_accuracy_s": 9.901346673257649,
    "final_validation_loss": 1.5646638870239258,
    "best_validation_loss": 1.5646638870239258,
    "time_to_best_loss_s": 9.901358653325588,
    "final_test_accuracy": 0.3740000112046455,
    "best_test_accuracy": 0.3740000112046455,
    "time_to_best_test_accuracy_s": 10.378026086371392,
    "remote_feature_latency_s": {
      "count": 104,
      "total_s": 6.737518678419292,
      "mean_s": 0.06478383344633934,
      "p50_s": 0.029889561235904694,
      "p90_s": 0.1472547726240009,
      "p99_s": 0.15763947676401585,
      "min_s": 0.013553383760154247,
      "max_s": 0.18373965797945857
    },
    "remote_feature_total_s": 6.737518678419292,
    "cache_hits": 104,
    "cache_misses": 104,
    "cache_hit_rate": 0.5,
    "validation_time_s": {
      "count": 20,
      "total_s": 7.358071330469102,
      "mean_s": 0.3679035665234551,
      "p50_s": 0.3882250073365867,
      "p90_s": 0.41610638457350435,
      "p99_s": 0.46077120919711884,
      "min_s": 0.30771456891670823,
      "max_s": 0.47045295406132936
    },
    "saving_weights_time_s": {
      "count": 20,
      "total_s": 0.00015006447210907936,
      "mean_s": 7.503223605453968e-06,
      "p50_s": 7.438240572810173e-06,
      "p90_s": 9.005749598145485e-06,
      "p99_s": 9.984965436160562e-06,
      "min_s": 5.977228283882141e-06,
      "max_s": 1.0211020708084106e-05
    },
    "batch_train_loss_mean": 1.4676943520704906,
    "avg_batch_nodes": 329.75,
    "avg_batch_edges": 522.6333333333333,
    "avg_seed_node_ratio": 0.09912387599275035,
    "topo_query_sent_ms": null,
    "topo_first_record_ms": null,
    "topo_transfer_ms": null,
    "topo_etl_ms": 0.7363127168411245,
    "feat_x_query_sent_ms": null,
    "feat_x_first_record_ms": null,
    "feat_x_transfer_ms": null,
    "feat_x_etl_ms": 3.871168166649743,
    "feat_x_etl_parse_ms": null,
    "feat_y_query_sent_ms": null,
    "feat_y_first_record_ms": null,
    "feat_y_transfer_ms": null,
    "feat_y_etl_ms": null,
    "network_baseline_ms": 4.889132683344472,
    "avg_feat_bytes": 10035414.846153846,
    "sampler_avg_db_exec_time_ms": 0,
    "sampler_avg_network_transfer_ms": 2.625,
    "sampler_avg_driver_overhead_ms": 4.889132683344472,
    "sampler_avg_result_consumed_after_ms": 2.625,
    "sampler_avg_result_available_after_ms": 0.5288461538461539,
    "sampler_avg_client_wall_time_ms": 4.889132683344472,
    "sampler_avg_query_startup_ms": 0.5288461538461539,
    "sampler_avg_exec_serialize_ms": 2.0961538461538463,
    "sampler_avg_client_recv_ms": 2.2641326833444717,
    "feat_x_avg_db_exec_time_ms": 0,
    "feat_x_avg_network_transfer_ms": 44.15384615384615,
    "feat_x_avg_driver_overhead_ms": 64.43247330249645,
    "feat_x_avg_result_consumed_after_ms": 44.15384615384615,
    "feat_x_avg_result_available_after_ms": 1.3365384615384615,
    "feat_x_avg_client_wall_time_ms": 64.43247330249645,
    "feat_x_avg_query_startup_ms": 1.3365384615384615,
    "feat_x_avg_exec_serialize_ms": 42.81730769230769,
    "feat_x_avg_client_recv_ms": 20.278627148650294,
    "topo_fetch_ms": 4.889132683344472
  },
  "notes": [
    "GPU/CPU utilization and explicit DB write/query timings are not in the Measurer CSV (unless you log them); this parser will report None for those.",
    "throughput_samples_per_s assumes nbr_training_datapoints is per-epoch; if it's total across training, remove the * epochs_completed multiplier.",
    "remote_feature_total_s is a proxy for time spent waiting on remote feature reads (DB reads)."
  ]
}