{
  "sampler": {
    "plan_meta": {},
    "global": {
      "sample_count": 1004,
      "avg_client_wall_time_ms": 4.899251377729484,
      "avg_result_available_after_ms": 0.4810756972111554,
      "avg_result_consumed_after_ms": 2.2848605577689245,
      "avg_profile_total_time_ms": 0.0,
      "avg_global_memory_bytes": 0.0,
      "avg_root_rows": 0.0,
      "avg_root_db_hits": 0.0,
      "avg_page_cache_hits": 0.0,
      "avg_page_cache_misses": 0.0,
      "avg_db_exec_time_ms": 0,
      "avg_network_transfer_ms": 2.2848605577689245,
      "avg_driver_overhead_ms": 4.899251377729484,
      "avg_query_startup_ms": 0.4810756972111554,
      "avg_exec_serialize_ms": 1.803784860557769,
      "avg_client_recv_ms": 2.614390819960559
    },
    "operators": [],
    "top_by_time_ms": [],
    "top_by_db_hits": [],
    "top_by_memory_bytes": []
  },
  "feat_x": {
    "plan_meta": {},
    "global": {
      "sample_count": 1004,
      "avg_client_wall_time_ms": 54.67295225531575,
      "avg_result_available_after_ms": 1.201195219123506,
      "avg_result_consumed_after_ms": 33.79581673306773,
      "avg_profile_total_time_ms": 0.0,
      "avg_global_memory_bytes": 0.0,
      "avg_root_rows": 0.0,
      "avg_root_db_hits": 0.0,
      "avg_page_cache_hits": 0.0,
      "avg_page_cache_misses": 0.0,
      "avg_db_exec_time_ms": 0,
      "avg_network_transfer_ms": 33.79581673306773,
      "avg_driver_overhead_ms": 54.67295225531575,
      "avg_query_startup_ms": 1.201195219123506,
      "avg_exec_serialize_ms": 32.594621513944226,
      "avg_client_recv_ms": 20.877135522248018
    },
    "operators": [],
    "top_by_time_ms": [],
    "top_by_db_hits": [],
    "top_by_memory_bytes": []
  },
  "subphase_metrics": {
    "throughput_samples_per_s": 270.41011142526065,
    "epoch_time_s": {
      "count": 200,
      "total_s": 22.150633802171797,
      "mean_s": 0.11075316901085898,
      "p50_s": 0.10500886361114681,
      "p90_s": 0.13620244483463465,
      "p99_s": 0.1544667785009369,
      "min_s": 0.0898161455988884,
      "max_s": 0.4842669628560543
    },
    "sampling_phase_time_s": {
      "count": 600,
      "total_s": 17.286915252450854,
      "mean_s": 0.028811525420751424,
      "p50_s": 0.026922814082354307,
      "p90_s": 0.03590344125404954,
      "p99_s": 0.047289874874986676,
      "min_s": 0.018378468696027994,
      "max_s": 0.40445148292928934
    },
    "training_phase_time_s": {
      "count": 600,
      "total_s": 4.472375093493611,
      "mean_s": 0.007453958489156018,
      "p50_s": 0.00729102804325521,
      "p90_s": 0.008545372914522887,
      "p99_s": 0.011169936964288352,
      "min_s": 0.005656029097735882,
      "max_s": 0.014686528127640486
    },
    "convergence_time_s": null,
    "converged_epoch": null,
    "avg_cpu_utilization": null,
    "final_validation_accuracy": 0.6660000197398552,
    "best_validation_accuracy": 0.6660000197398552,
    "time_to_first_validation_accuracy_s": 0.6271642963401973,
    "time_to_best_accuracy_s": 88.39220495522022,
    "final_validation_loss": 1.120302438735962,
    "best_validation_loss": 1.1169064044952393,
    "time_to_best_loss_s": 80.4289480340667,
    "final_test_accuracy": 0.6670000197823512,
    "best_test_accuracy": 0.6670000197823512,
    "time_to_best_test_accuracy_s": 89.70893210312352,
    "remote_feature_latency_s": {
      "count": 1004,
      "total_s": 55.263350937049836,
      "mean_s": 0.05504317822415322,
      "p50_s": 0.020766096422448754,
      "p90_s": 0.1084952634293586,
      "p99_s": 0.15691594391595573,
      "min_s": 0.012594901956617832,
      "max_s": 0.17799338605254889
    },
    "remote_feature_total_s": 55.263350937049836,
    "cache_hits": 1004,
    "cache_misses": 1004,
    "cache_hit_rate": 0.5,
    "validation_time_s": {
      "count": 200,
      "total_s": 66.95591964013875,
      "mean_s": 0.33477959820069375,
      "p50_s": 0.32160177268087864,
      "p90_s": 0.4115897593554109,
      "p99_s": 0.4486291143856942,
      "min_s": 0.2994158691726625,
      "max_s": 0.4626190848648548
    },
    "saving_weights_time_s": {
      "count": 59,
      "total_s": 0.0004919343627989292,
      "mean_s": 8.337870555914054e-06,
      "p50_s": 7.068738341331482e-06,
      "p90_s": 1.10694207251072e-05,
      "p99_s": 1.9738795235753065e-05,
      "min_s": 5.485024303197861e-06,
      "max_s": 2.1588057279586792e-05
    },
    "batch_train_loss_mean": 0.18041019476562115,
    "avg_batch_nodes": 329.52,
    "avg_batch_edges": 517.7083333333334,
    "avg_seed_node_ratio": 0.09892401578305267,
    "topo_query_sent_ms": null,
    "topo_first_record_ms": null,
    "topo_transfer_ms": null,
    "topo_etl_ms": 0.7568304654233069,
    "feat_x_query_sent_ms": null,
    "feat_x_first_record_ms": null,
    "feat_x_transfer_ms": null,
    "feat_x_etl_ms": 4.138865317514841,
    "feat_x_etl_parse_ms": null,
    "feat_y_query_sent_ms": null,
    "feat_y_first_record_ms": null,
    "feat_y_transfer_ms": null,
    "feat_y_etl_ms": null,
    "network_baseline_ms": 4.899251377729484,
    "avg_feat_bytes": 9783237.482071713,
    "sampler_avg_db_exec_time_ms": 0,
    "sampler_avg_network_transfer_ms": 2.2848605577689245,
    "sampler_avg_driver_overhead_ms": 4.899251377729484,
    "sampler_avg_result_consumed_after_ms": 2.2848605577689245,
    "sampler_avg_result_available_after_ms": 0.4810756972111554,
    "sampler_avg_client_wall_time_ms": 4.899251377729484,
    "sampler_avg_query_startup_ms": 0.4810756972111554,
    "sampler_avg_exec_serialize_ms": 1.803784860557769,
    "sampler_avg_client_recv_ms": 2.614390819960559,
    "feat_x_avg_db_exec_time_ms": 0,
    "feat_x_avg_network_transfer_ms": 33.79581673306773,
    "feat_x_avg_driver_overhead_ms": 54.67295225531575,
    "feat_x_avg_result_consumed_after_ms": 33.79581673306773,
    "feat_x_avg_result_available_after_ms": 1.201195219123506,
    "feat_x_avg_client_wall_time_ms": 54.67295225531575,
    "feat_x_avg_query_startup_ms": 1.201195219123506,
    "feat_x_avg_exec_serialize_ms": 32.594621513944226,
    "feat_x_avg_client_recv_ms": 20.877135522248018,
    "topo_fetch_ms": 4.899251377729484
  }
}