{
  "sampler": {
    "plan_meta": {},
    "global": {
      "sample_count": 241,
      "avg_client_wall_time_ms": 48.645992871543925,
      "avg_result_available_after_ms": 1.120331950207469,
      "avg_result_consumed_after_ms": 37.946058091286304,
      "avg_profile_total_time_ms": 0.0,
      "avg_global_memory_bytes": 0.0,
      "avg_root_rows": 0.0,
      "avg_root_db_hits": 0.0,
      "avg_page_cache_hits": 0.0,
      "avg_page_cache_misses": 0.0,
      "avg_db_exec_time_ms": 0,
      "avg_network_transfer_ms": 37.946058091286304,
      "avg_driver_overhead_ms": 48.645992871543925,
      "avg_query_startup_ms": 1.120331950207469,
      "avg_exec_serialize_ms": 36.82572614107883,
      "avg_client_recv_ms": 10.699934780257621
    },
    "operators": [],
    "top_by_time_ms": [],
    "top_by_db_hits": [],
    "top_by_memory_bytes": []
  },
  "feat_x": {
    "plan_meta": {},
    "global": {
      "sample_count": 241,
      "avg_client_wall_time_ms": 5392.347072761243,
      "avg_result_available_after_ms": 18.941908713692946,
      "avg_result_consumed_after_ms": 1990.7302904564315,
      "avg_profile_total_time_ms": 0.0,
      "avg_global_memory_bytes": 0.0,
      "avg_root_rows": 0.0,
      "avg_root_db_hits": 0.0,
      "avg_page_cache_hits": 0.0,
      "avg_page_cache_misses": 0.0,
      "avg_db_exec_time_ms": 0,
      "avg_network_transfer_ms": 1990.7302904564315,
      "avg_driver_overhead_ms": 5392.347072761243,
      "avg_query_startup_ms": 18.941908713692946,
      "avg_exec_serialize_ms": 1971.7883817427385,
      "avg_client_recv_ms": 3401.6167823048117
    },
    "operators": [],
    "top_by_time_ms": [],
    "top_by_db_hits": [],
    "top_by_memory_bytes": []
  },
  "subphase_metrics": {
    "throughput_samples_per_s": 36.49537575159836,
    "epoch_time_s": {
      "count": 2,
      "total_s": 980.6182773318142,
      "mean_s": 490.3091386659071,
      "p50_s": 490.3091386659071,
      "p90_s": 494.4505700642243,
      "p99_s": 495.38239212884565,
      "min_s": 485.13234941801056,
      "max_s": 495.4859279138036
    },
    "sampling_phase_time_s": {
      "count": 160,
      "total_s": 937.4689726550132,
      "mean_s": 5.859181079093832,
      "p50_s": 5.853333462495357,
      "p90_s": 6.266087980335579,
      "p99_s": 6.494904058217071,
      "min_s": 5.043638927862048,
      "max_s": 6.537802084814757
    },
    "training_phase_time_s": {
      "count": 160,
      "total_s": 39.82648045802489,
      "mean_s": 0.24891550286265557,
      "p50_s": 0.24414422106929123,
      "p90_s": 0.26126710921525953,
      "p99_s": 0.44669860266149036,
      "min_s": 0.221117930021137,
      "max_s": 0.46718594804406166
    },
    "convergence_time_s": null,
    "converged_epoch": null,
    "avg_cpu_utilization": null,
    "final_validation_accuracy": 0.9514351915346828,
    "best_validation_accuracy": 0.9514351915346828,
    "time_to_first_validation_accuracy_s": 645.6168201509863,
    "time_to_best_accuracy_s": 1299.4093129001558,
    "final_validation_loss": 0.1722943037748336,
    "best_validation_loss": 0.1722943037748336,
    "time_to_best_loss_s": 1299.4093268872239,
    "final_test_accuracy": 0.943913001284675,
    "best_test_accuracy": 0.943913001284675,
    "time_to_best_test_accuracy_s": 1459.718439097982,
    "remote_feature_latency_s": {
      "count": 241,
      "total_s": 1300.308116350323,
      "mean_s": 5.3954693624494725,
      "p50_s": 5.4155702162534,
      "p90_s": 5.841935608070344,
      "p99_s": 6.000696707889437,
      "min_s": 4.1628317651338875,
      "max_s": 6.161069674883038
    },
    "remote_feature_total_s": 1300.308116350323,
    "cache_hits": 241,
    "cache_misses": 241,
    "cache_hit_rate": 0.5,
    "validation_time_s": {
      "count": 2,
      "total_s": 318.35701103601605,
      "mean_s": 159.17850551800802,
      "p50_s": 159.17850551800802,
      "p90_s": 159.87609636196868,
      "p99_s": 160.0330543018598,
      "min_s": 158.30651696305722,
      "max_s": 160.05049407295883
    },
    "saving_weights_time_s": {
      "count": 2,
      "total_s": 2.0092353224754333e-05,
      "mean_s": 1.0046176612377167e-05,
      "p50_s": 1.0046176612377167e-05,
      "p90_s": 1.2769363820552826e-05,
      "p99_s": 1.3382080942392349e-05,
      "min_s": 6.642192602157593e-06,
      "max_s": 1.345016062259674e-05
    },
    "batch_train_loss_mean": 0.3568050492554903,
    "avg_batch_nodes": 12490.66875,
    "avg_batch_edges": 26941.48125,
    "avg_seed_node_ratio": 0.02050691309525117,
    "topo_query_sent_ms": null,
    "topo_first_record_ms": null,
    "topo_transfer_ms": null,
    "topo_etl_ms": 10.402569949194108,
    "feat_x_query_sent_ms": null,
    "feat_x_first_record_ms": null,
    "feat_x_transfer_ms": null,
    "feat_x_etl_ms": 182.93581383411012,
    "feat_x_etl_parse_ms": null,
    "feat_y_query_sent_ms": null,
    "feat_y_first_record_ms": null,
    "feat_y_transfer_ms": null,
    "feat_y_etl_ms": null,
    "network_baseline_ms": 48.645992871543925,
    "avg_feat_bytes": 184241152.53112033,
    "sampler_avg_db_exec_time_ms": 0,
    "sampler_avg_network_transfer_ms": 37.946058091286304,
    "sampler_avg_driver_overhead_ms": 48.645992871543925,
    "sampler_avg_result_consumed_after_ms": 37.946058091286304,
    "sampler_avg_result_available_after_ms": 1.120331950207469,
    "sampler_avg_client_wall_time_ms": 48.645992871543925,
    "sampler_avg_query_startup_ms": 1.120331950207469,
    "sampler_avg_exec_serialize_ms": 36.82572614107883,
    "sampler_avg_client_recv_ms": 10.699934780257621,
    "feat_x_avg_db_exec_time_ms": 0,
    "feat_x_avg_network_transfer_ms": 1990.7302904564315,
    "feat_x_avg_driver_overhead_ms": 5392.347072761243,
    "feat_x_avg_result_consumed_after_ms": 1990.7302904564315,
    "feat_x_avg_result_available_after_ms": 18.941908713692946,
    "feat_x_avg_client_wall_time_ms": 5392.347072761243,
    "feat_x_avg_query_startup_ms": 18.941908713692946,
    "feat_x_avg_exec_serialize_ms": 1971.7883817427385,
    "feat_x_avg_client_recv_ms": 3401.6167823048117,
    "topo_fetch_ms": 48.645992871543925
  }
}