{
  "run": {
    "csv": "/var/lib/neo4j/data/projects/neo4j-mpgnn-thesis/experiment_results/results/run_11_2026-05-13/preagg_neo4j/run_3/measurements.csv",
    "runtime_s": 31.269114857073873,
    "training_time_s": 30.977555511984974,
    "epochs_completed": 90,
    "batches_seen": 360,
    "nbr_training_datapoints": 140.0
  },
  "metrics": {
    "throughput_samples_per_s": 406.74610348531724,
    "epoch_time_s": {
      "count": 90,
      "total_s": 10.624766915105283,
      "mean_s": 0.11805296572339204,
      "p50_s": 0.11128336191177368,
      "p90_s": 0.12980860616080464,
      "p99_s": 0.16123738293535994,
      "min_s": 0.10215619299560785,
      "max_s": 0.36917364690452814
    },
    "sampling_phase_time_s": {
      "count": 360,
      "total_s": 7.154576083645225,
      "mean_s": 0.01987382245457007,
      "p50_s": 0.019102571066468954,
      "p90_s": 0.02452535298652947,
      "p99_s": 0.02786120743025095,
      "min_s": 0.014522796031087637,
      "max_s": 0.0306390137411654
    },
    "training_phase_time_s": {
      "count": 360,
      "total_s": 3.2029492636211216,
      "mean_s": 0.008897081287836449,
      "p50_s": 0.008249507052823901,
      "p90_s": 0.008986108750104905,
      "p99_s": 0.010575410183519126,
      "min_s": 0.006478836759924889,
      "max_s": 0.25088799418881536
    },
    "convergence_time_s": null,
    "converged_epoch": null,
    "avg_cpu_utilization": null,
    "final_validation_accuracy": 0.7720000231066017,
    "best_validation_accuracy": 0.7800000234140602,
    "time_to_first_validation_accuracy_s": 0.43765258975327015,
    "time_to_best_accuracy_s": 20.697359807789326,
    "final_validation_loss": 0.8462669253349304,
    "best_validation_loss": 0.8462669253349304,
    "time_to_best_loss_s": 31.269082305952907,
    "final_test_accuracy": 0.7890000238227819,
    "best_test_accuracy": 0.7890000238227819,
    "time_to_best_test_accuracy_s": 31.563147203996778,
    "remote_feature_latency_s": {
      "count": 544,
      "total_s": 15.446039599366486,
      "mean_s": 0.028393455145894277,
      "p50_s": 0.014517978066578507,
      "p90_s": 0.06782599459402264,
      "p99_s": 0.08127943468280138,
      "min_s": 0.008271296042948961,
      "max_s": 0.08602626575157046
    },
    "remote_feature_total_s": 15.446039599366486,
    "cache_hits": 544,
    "cache_misses": 544,
    "cache_hit_rate": 0.5,
    "validation_time_s": {
      "count": 90,
      "total_s": 20.58880333416164,
      "mean_s": 0.22876448149068487,
      "p50_s": 0.2156296162866056,
      "p90_s": 0.2586858233436942,
      "p99_s": 0.26349721518810837,
      "min_s": 0.20506134303286672,
      "max_s": 0.26930535631254315
    },
    "saving_weights_time_s": {
      "count": 78,
      "total_s": 0.0006106523796916008,
      "mean_s": 7.828876662712832e-06,
      "p50_s": 6.993534043431282e-06,
      "p90_s": 8.318666368722914e-06,
      "p99_s": 2.3211068473756388e-05,
      "min_s": 5.227047950029373e-06,
      "max_s": 3.7801917642354965e-05
    },
    "batch_train_loss_mean": 0.6307072348789209,
    "avg_batch_nodes": 355.2861111111111,
    "avg_batch_edges": 570.8777777777777,
    "avg_seed_node_ratio": 0.08523184828911508,
    "topo_query_sent_ms": null,
    "topo_first_record_ms": null,
    "topo_transfer_ms": null,
    "topo_etl_ms": 0.7986521839698338,
    "feat_x_query_sent_ms": null,
    "feat_x_first_record_ms": null,
    "feat_x_transfer_ms": null,
    "feat_x_etl_ms": 2.1839725266224432,
    "feat_x_etl_parse_ms": null,
    "feat_y_query_sent_ms": null,
    "feat_y_first_record_ms": null,
    "feat_y_transfer_ms": null,
    "feat_y_etl_ms": null,
    "network_baseline_ms": 4.6498168093796055,
    "avg_feat_bytes": 3787714.029411765,
    "sampler_avg_db_exec_time_ms": 0,
    "sampler_avg_network_transfer_ms": 2.238970588235294,
    "sampler_avg_driver_overhead_ms": 4.6498168093796055,
    "sampler_avg_result_consumed_after_ms": 2.238970588235294,
    "sampler_avg_result_available_after_ms": 0.5275735294117647,
    "sampler_avg_client_wall_time_ms": 4.6498168093796055,
    "sampler_avg_query_startup_ms": 0.5275735294117647,
    "sampler_avg_exec_serialize_ms": 1.7113970588235292,
    "sampler_avg_client_recv_ms": 2.4108462211443116,
    "feat_x_avg_db_exec_time_ms": 0,
    "feat_x_avg_network_transfer_ms": 17.152573529411764,
    "feat_x_avg_driver_overhead_ms": 28.063152014510706,
    "feat_x_avg_result_consumed_after_ms": 17.152573529411764,
    "feat_x_avg_result_available_after_ms": 1.2169117647058822,
    "feat_x_avg_client_wall_time_ms": 28.063152014510706,
    "feat_x_avg_query_startup_ms": 1.2169117647058822,
    "feat_x_avg_exec_serialize_ms": 15.935661764705882,
    "feat_x_avg_client_recv_ms": 10.910578485098942,
    "topo_fetch_ms": 4.6498168093796055
  },
  "notes": [
    "GPU/CPU utilization and explicit DB write/query timings are not in the Measurer CSV (unless you log them); this parser will report None for those.",
    "throughput_samples_per_s assumes nbr_training_datapoints is per-epoch; if it's total across training, remove the * epochs_completed multiplier.",
    "remote_feature_total_s is a proxy for time spent waiting on remote feature reads (DB reads)."
  ]
}