{
  "sampler": {
    "plan_meta": {},
    "global": {
      "sample_count": 6146,
      "avg_client_wall_time_ms": 41.26030465233689,
      "avg_result_available_after_ms": 0.6002277904328018,
      "avg_result_consumed_after_ms": 32.8122356003905,
      "avg_profile_total_time_ms": 0.0,
      "avg_global_memory_bytes": 0.0,
      "avg_root_rows": 0.0,
      "avg_root_db_hits": 0.0,
      "avg_page_cache_hits": 0.0,
      "avg_page_cache_misses": 0.0,
      "avg_db_exec_time_ms": 0,
      "avg_network_transfer_ms": 32.8122356003905,
      "avg_driver_overhead_ms": 41.26030465233689,
      "avg_query_startup_ms": 0.6002277904328018,
      "avg_exec_serialize_ms": 32.2120078099577,
      "avg_client_recv_ms": 8.44806905194639
    },
    "operators": [],
    "top_by_time_ms": [],
    "top_by_db_hits": [],
    "top_by_memory_bytes": []
  },
  "feat_x": {
    "plan_meta": {},
    "global": {
      "sample_count": 6146,
      "avg_client_wall_time_ms": 66.17666632817435,
      "avg_result_available_after_ms": 4.927107061503417,
      "avg_result_consumed_after_ms": 52.97787178652782,
      "avg_profile_total_time_ms": 0.0,
      "avg_global_memory_bytes": 0.0,
      "avg_root_rows": 0.0,
      "avg_root_db_hits": 0.0,
      "avg_page_cache_hits": 0.0,
      "avg_page_cache_misses": 0.0,
      "avg_db_exec_time_ms": 0,
      "avg_network_transfer_ms": 52.97787178652782,
      "avg_driver_overhead_ms": 66.17666632817435,
      "avg_query_startup_ms": 4.927107061503417,
      "avg_exec_serialize_ms": 48.05076472502441,
      "avg_client_recv_ms": 13.198794541646528
    },
    "operators": [],
    "top_by_time_ms": [],
    "top_by_db_hits": [],
    "top_by_memory_bytes": []
  },
  "subphase_metrics": {
    "throughput_samples_per_s": 188.54959028358013,
    "epoch_time_s": {
      "count": 1,
      "total_s": 1042.9359416910447,
      "mean_s": 1042.9359416910447,
      "p50_s": 1042.9359416910447,
      "p90_s": 1042.9359416910447,
      "p99_s": 1042.9359416910447,
      "min_s": 1042.9359416910447,
      "max_s": 1042.9359416910447
    },
    "sampling_phase_time_s": {
      "count": 6144,
      "total_s": 832.3129942980595,
      "mean_s": 0.13546760974903313,
      "p50_s": 0.13135659066028893,
      "p90_s": 0.1452648182399571,
      "p99_s": 0.1664724035654217,
      "min_s": 0.10556073393672705,
      "max_s": 0.6009754198603332
    },
    "training_phase_time_s": {
      "count": 6144,
      "total_s": 126.52061748644337,
      "mean_s": 0.020592548419017476,
      "p50_s": 0.02027867827564478,
      "p90_s": 0.021957866614684463,
      "p99_s": 0.027312774062156663,
      "min_s": 0.017773603089153767,
      "max_s": 0.03400059975683689
    },
    "convergence_time_s": null,
    "converged_epoch": null,
    "avg_cpu_utilization": null,
    "final_validation_accuracy": 0.0,
    "best_validation_accuracy": 0.0,
    "time_to_first_validation_accuracy_s": 1047.2867046371102,
    "time_to_best_accuracy_s": 1047.2867046371102,
    "final_validation_loss": 1.385660171508789,
    "best_validation_loss": 1.385660171508789,
    "time_to_best_loss_s": 1047.2867128141224,
    "final_test_accuracy": 0.62,
    "best_test_accuracy": 0.62,
    "time_to_best_test_accuracy_s": 1049.043919515796,
    "remote_feature_latency_s": {
      "count": 6146,
      "total_s": 417.7698239348829,
      "mean_s": 0.0679742635754772,
      "p50_s": 0.06651313439942896,
      "p90_s": 0.07737351045943797,
      "p99_s": 0.08400607344228775,
      "min_s": 0.004655407276004553,
      "max_s": 0.20601012976840138
    },
    "remote_feature_total_s": 417.7698239348829,
    "cache_hits": 6146,
    "cache_misses": 6146,
    "cache_hit_rate": 0.5,
    "validation_time_s": {
      "count": 1,
      "total_s": 0.7773872949182987,
      "mean_s": 0.7773872949182987,
      "p50_s": 0.7773872949182987,
      "p90_s": 0.7773872949182987,
      "p99_s": 0.7773872949182987,
      "min_s": 0.7773872949182987,
      "max_s": 0.7773872949182987
    },
    "saving_weights_time_s": {
      "count": 1,
      "total_s": 1.190975308418274e-05,
      "mean_s": 1.190975308418274e-05,
      "p50_s": 1.190975308418274e-05,
      "p90_s": 1.190975308418274e-05,
      "p99_s": 1.190975308418274e-05,
      "min_s": 1.190975308418274e-05,
      "max_s": 1.190975308418274e-05
    },
    "batch_train_loss_mean": 0.8788367092117065,
    "avg_batch_nodes": 5822.39697265625,
    "avg_batch_edges": 6818.39013671875,
    "avg_seed_node_ratio": 0.005500698261499191,
    "topo_query_sent_ms": null,
    "topo_first_record_ms": null,
    "topo_transfer_ms": null,
    "topo_etl_ms": 4.151234600472962,
    "feat_x_query_sent_ms": null,
    "feat_x_first_record_ms": null,
    "feat_x_transfer_ms": null,
    "feat_x_etl_ms": 7.275627879622876,
    "feat_x_etl_parse_ms": null,
    "feat_y_query_sent_ms": null,
    "feat_y_first_record_ms": null,
    "feat_y_transfer_ms": null,
    "feat_y_etl_ms": null,
    "network_baseline_ms": 41.26030465233689,
    "avg_feat_bytes": 512387.1786527823,
    "sampler_avg_db_exec_time_ms": 0,
    "sampler_avg_network_transfer_ms": 32.8122356003905,
    "sampler_avg_driver_overhead_ms": 41.26030465233689,
    "sampler_avg_result_consumed_after_ms": 32.8122356003905,
    "sampler_avg_result_available_after_ms": 0.6002277904328018,
    "sampler_avg_client_wall_time_ms": 41.26030465233689,
    "sampler_avg_query_startup_ms": 0.6002277904328018,
    "sampler_avg_exec_serialize_ms": 32.2120078099577,
    "sampler_avg_client_recv_ms": 8.44806905194639,
    "feat_x_avg_db_exec_time_ms": 0,
    "feat_x_avg_network_transfer_ms": 52.97787178652782,
    "feat_x_avg_driver_overhead_ms": 66.17666632817435,
    "feat_x_avg_result_consumed_after_ms": 52.97787178652782,
    "feat_x_avg_result_available_after_ms": 4.927107061503417,
    "feat_x_avg_client_wall_time_ms": 66.17666632817435,
    "feat_x_avg_query_startup_ms": 4.927107061503417,
    "feat_x_avg_exec_serialize_ms": 48.05076472502441,
    "feat_x_avg_client_recv_ms": 13.198794541646528,
    "topo_fetch_ms": 41.26030465233689
  }
}