{
  "Neo4jNeighborSampler": {
    "n_runs_completed": 2,
    "num_epochs_in_plot": 100,
    "scalar_means": {
      "best_validation_accuracy": 0.7730000232991412,
      "final_validation_accuracy": 0.755000022589229,
      "throughput_samples_per_s": 337.9677058931543,
      "time_to_best_accuracy_s": 30.467867166997166,
      "training_time_s": 41.42419493748457,
      "avg_batch_nodes": 356.9275,
      "avg_batch_edges": 564.8575000000001,
      "remote_feature_total_s": 21.038775911540142,
      "sampling_mean_s": 0.02796111014959024,
      "training_mean_s": 0.0014628202385938492,
      "sampling_overhead_fraction": 0.9502807749619728,
      "batch_nodes_cv": 0.09747310359071004,
      "epochs_to_best_accuracy": 73.0,
      "feature_fetch_overhead_fraction": 0.5078850093402958,
      "topo_etl_ms": 0.30969249090181344,
      "feat_x_etl_ms": 2.472289741261506,
      "feat_y_etl_ms": 1.5597233048550376
    },
    "scalar_stds": {
      "best_validation_accuracy": 0.003000000287534388,
      "final_validation_accuracy": 0.01500000056741968,
      "throughput_samples_per_s": 0.5722070694961019,
      "time_to_best_accuracy_s": 5.4351324169838335,
      "training_time_s": 0.0701345624984242,
      "avg_batch_nodes": 7.664999999999992,
      "avg_batch_edges": 7.055000000000007,
      "remote_feature_total_s": 0.06413562710804399,
      "sampling_mean_s": 0.00019550557171896937,
      "training_mean_s": 8.806566765997615e-06,
      "sampling_overhead_fraction": 0.00061477499331275,
      "batch_nodes_cv": 0.004272851883107172,
      "epochs_to_best_accuracy": 13.0,
      "feature_fetch_overhead_fraction": 0.0006883738892569657,
      "topo_etl_ms": 0.001105897275835821,
      "feat_x_etl_ms": 0.0026441046080338815,
      "feat_y_etl_ms": 0.0024188973369240196
    }
  },
  "OldNeighborSampler": {
    "n_runs_completed": 2,
    "num_epochs_in_plot": 100,
    "scalar_means": {
      "best_validation_accuracy": 0.7710000232404067,
      "final_validation_accuracy": 0.7590000229242609,
      "throughput_samples_per_s": 257.7822323581049,
      "time_to_best_accuracy_s": 45.715277833500295,
      "training_time_s": 54.309673687501345,
      "avg_batch_nodes": 357.01875,
      "avg_batch_edges": 569.535,
      "remote_feature_total_s": 22.33138474028965,
      "sampling_mean_s": 0.04363044785357488,
      "training_mean_s": 0.0014175916152453284,
      "sampling_overhead_fraction": 0.9685304784290227,
      "batch_nodes_cv": 0.11263031713059737,
      "epochs_to_best_accuracy": 83.5,
      "feature_fetch_overhead_fraction": 0.41118240045345456,
      "topo_query_sent_ms": 1.3811362262139488,
      "topo_first_record_ms": 8.433706208805065,
      "topo_transfer_ms": 34.844115686351174,
      "topo_etl_ms": 0.2879987938731634,
      "feat_x_etl_ms": 2.423276113958556,
      "feat_y_etl_ms": 1.5642072809372478
    },
    "scalar_stds": {
      "best_validation_accuracy": 0.013000000291122249,
      "final_validation_accuracy": 0.005000000310008246,
      "throughput_samples_per_s": 0.5719607311901882,
      "time_to_best_accuracy_s": 2.0829582915030187,
      "training_time_s": 0.12050093751167879,
      "avg_batch_nodes": 2.208750000000009,
      "avg_batch_edges": 1.759999999999991,
      "remote_feature_total_s": 0.14092514892399777,
      "sampling_mean_s": 0.00019517632659699427,
      "training_mean_s": 5.5899725703057205e-06,
      "sampling_overhead_fraction": 0.00025652979717155633,
      "batch_nodes_cv": 0.010156454183277493,
      "epochs_to_best_accuracy": 3.5,
      "feature_fetch_overhead_fraction": 0.00168252316717718,
      "topo_query_sent_ms": 0.4387780869931263,
      "topo_first_record_ms": 0.06523074298215903,
      "topo_transfer_ms": 0.029013292439550753,
      "topo_etl_ms": 0.0012277620248974663,
      "feat_x_etl_ms": 0.0020465151754143207,
      "feat_y_etl_ms": 0.00417181246837639
    }
  },
  "PyGNeighborLoader": {
    "n_runs_completed": 2,
    "num_epochs_in_plot": 100,
    "scalar_means": {
      "best_validation_accuracy": 0.7880000241929055,
      "final_validation_accuracy": 0.7780000239354941,
      "throughput_samples_per_s": 12218.210830000828,
      "time_to_best_accuracy_s": 1.1143639999936568,
      "training_time_s": 1.145839499993599,
      "avg_batch_nodes": 353.42125,
      "avg_batch_edges": 569.16,
      "remote_feature_total_s": 0.0,
      "sampling_mean_s": 0.0003359230758360354,
      "training_mean_s": 0.0012393695637729252,
      "sampling_overhead_fraction": 0.21324393879973533,
      "batch_nodes_cv": 0.10684121914204889,
      "epochs_to_best_accuracy": 96.5,
      "feature_fetch_overhead_fraction": 0.0
    },
    "scalar_stds": {
      "best_validation_accuracy": 3.626055011807239e-11,
      "final_validation_accuracy": 0.010000000293671985,
      "throughput_samples_per_s": 34.02775982463572,
      "time_to_best_accuracy_s": 0.042933375007123686,
      "training_time_s": 0.0031911670084809884,
      "avg_batch_nodes": 0.021250000000009095,
      "avg_batch_edges": 0.0625,
      "remote_feature_total_s": 0.0,
      "sampling_mean_s": 2.3010159929981488e-06,
      "training_mean_s": 7.367413927568097e-06,
      "sampling_overhead_fraction": 0.0001518968023533629,
      "batch_nodes_cv": 0.0001811430655837623,
      "epochs_to_best_accuracy": 3.5,
      "feature_fetch_overhead_fraction": 0.0
    }
  },
  "Neo4jSampler": {
    "n_runs_completed": 2,
    "num_epochs_in_plot": 100,
    "scalar_means": {
      "best_validation_accuracy": 0.7690000234717564,
      "final_validation_accuracy": 0.7500000228956495,
      "throughput_samples_per_s": 334.27139186715533,
      "time_to_best_accuracy_s": 27.406384875503136,
      "training_time_s": 41.88238060400181,
      "avg_batch_nodes": 405.0875,
      "avg_batch_edges": 573.59125,
      "remote_feature_total_s": 22.48172237399558,
      "sampling_mean_s": 0.028685368419137377,
      "training_mean_s": 0.0015737142589568975,
      "sampling_overhead_fraction": 0.9479894795341035,
      "batch_nodes_cv": 0.1539070572995516,
      "epochs_to_best_accuracy": 65.0,
      "feature_fetch_overhead_fraction": 0.5367794618468203,
      "topo_etl_ms": 0.402876206417144,
      "feat_x_etl_ms": 2.6074503072614963,
      "feat_y_etl_ms": 1.6666617028757125
    },
    "scalar_stds": {
      "best_validation_accuracy": 0.0029999998524082305,
      "final_validation_accuracy": 0.007999999981114003,
      "throughput_samples_per_s": 0.8073028978027992,
      "time_to_best_accuracy_s": 9.289520916499896,
      "training_time_s": 0.10115064600540791,
      "avg_batch_nodes": 0.5600000000000023,
      "avg_batch_edges": 0.9887500000000387,
      "remote_feature_total_s": 0.10425290335842874,
      "sampling_mean_s": 0.00012429792117472915,
      "training_mean_s": 1.561202025186499e-05,
      "sampling_overhead_fraction": 0.0007027585982162243,
      "batch_nodes_cv": 0.028539764276205748,
      "epochs_to_best_accuracy": 22.0,
      "feature_fetch_overhead_fraction": 0.0011928002494063783,
      "topo_etl_ms": 0.0035038496846015454,
      "feat_x_etl_ms": 8.525102208856161e-05,
      "feat_y_etl_ms": 0.00018787358572169843
    }
  }
}