{
  "run": {
    "csv": "/var/lib/neo4j/data/projects/neo4j-mpgnn-thesis/experiment_results/results/run_11_2026-05-13/preagg_neo4j/run_9/measurements.csv",
    "runtime_s": 34.37783425534144,
    "training_time_s": 34.0332266241312,
    "epochs_completed": 90,
    "batches_seen": 360,
    "nbr_training_datapoints": 140.0
  },
  "metrics": {
    "throughput_samples_per_s": 370.22643016357404,
    "epoch_time_s": {
      "count": 90,
      "total_s": 11.468012067489326,
      "mean_s": 0.12742235630543697,
      "p50_s": 0.127126524457708,
      "p90_s": 0.13531774692237378,
      "p99_s": 0.18048483664169898,
      "min_s": 0.10342772491276264,
      "max_s": 0.34246471896767616
    },
    "sampling_phase_time_s": {
      "count": 360,
      "total_s": 8.068523901514709,
      "mean_s": 0.022412566393096415,
      "p50_s": 0.022378417663276196,
      "p90_s": 0.02641343898139894,
      "p99_s": 0.03276953263673935,
      "min_s": 0.014914480969309807,
      "max_s": 0.040190604981034994
    },
    "training_phase_time_s": {
      "count": 360,
      "total_s": 3.122470661532134,
      "mean_s": 0.008673529615367038,
      "p50_s": 0.007904594065621495,
      "p90_s": 0.009206675924360752,
      "p99_s": 0.01028720765374601,
      "min_s": 0.006824675016105175,
      "max_s": 0.21950327698141336
    },
    "convergence_time_s": null,
    "converged_epoch": null,
    "avg_cpu_utilization": null,
    "final_validation_accuracy": 0.7700000230841277,
    "best_validation_accuracy": 0.7800000234140602,
    "time_to_first_validation_accuracy_s": 0.45358553901314735,
    "time_to_best_accuracy_s": 18.788146095350385,
    "final_validation_loss": 0.8544138669967651,
    "best_validation_loss": 0.8517352938652039,
    "time_to_best_loss_s": 33.18337210314348,
    "final_test_accuracy": 0.7900000237940072,
    "best_test_accuracy": 0.7900000237940072,
    "time_to_best_test_accuracy_s": 34.753404637333006,
    "remote_feature_latency_s": {
      "count": 544,
      "total_s": 18.165424315724522,
      "mean_s": 0.03339232410978772,
      "p50_s": 0.01610035775229335,
      "p90_s": 0.07705639656633138,
      "p99_s": 0.08682870383840055,
      "min_s": 0.008353202138096094,
      "max_s": 0.09100263379514217
    },
    "remote_feature_total_s": 18.165424315724522,
    "cache_hits": 544,
    "cache_misses": 544,
    "cache_hit_rate": 0.5,
    "validation_time_s": {
      "count": 90,
      "total_s": 22.853360225446522,
      "mean_s": 0.25392622472718357,
      "p50_s": 0.26178750745020807,
      "p90_s": 0.26972074098885057,
      "p99_s": 0.2792562541505322,
      "min_s": 0.21531503600999713,
      "max_s": 0.2804122264496982
    },
    "saving_weights_time_s": {
      "count": 82,
      "total_s": 0.000536876730620861,
      "mean_s": 6.547277202693428e-06,
      "p50_s": 5.90435229241848e-06,
      "p90_s": 7.5872987508773805e-06,
      "p99_s": 1.5287622809410088e-05,
      "min_s": 5.0156377255916595e-06,
      "max_s": 1.8557067960500717e-05
    },
    "batch_train_loss_mean": 0.6245527406999221,
    "avg_batch_nodes": 356.02222222222224,
    "avg_batch_edges": 571.6777777777778,
    "avg_seed_node_ratio": 0.08500795768597619,
    "topo_query_sent_ms": null,
    "topo_first_record_ms": null,
    "topo_transfer_ms": null,
    "topo_etl_ms": 0.816437803544378,
    "feat_x_query_sent_ms": null,
    "feat_x_first_record_ms": null,
    "feat_x_transfer_ms": null,
    "feat_x_etl_ms": 2.387212297488826,
    "feat_x_etl_parse_ms": null,
    "feat_y_query_sent_ms": null,
    "feat_y_first_record_ms": null,
    "feat_y_transfer_ms": null,
    "feat_y_etl_ms": null,
    "network_baseline_ms": 4.981032814077266,
    "avg_feat_bytes": 3789104.882352941,
    "sampler_avg_db_exec_time_ms": 0,
    "sampler_avg_network_transfer_ms": 2.4136029411764706,
    "sampler_avg_driver_overhead_ms": 4.981032814077266,
    "sampler_avg_result_consumed_after_ms": 2.4136029411764706,
    "sampler_avg_result_available_after_ms": 0.5588235294117647,
    "sampler_avg_client_wall_time_ms": 4.981032814077266,
    "sampler_avg_query_startup_ms": 0.5588235294117647,
    "sampler_avg_exec_serialize_ms": 1.8547794117647058,
    "sampler_avg_client_recv_ms": 2.5674298729007954,
    "feat_x_avg_db_exec_time_ms": 0,
    "feat_x_avg_network_transfer_ms": 21.487132352941178,
    "feat_x_avg_driver_overhead_ms": 33.0568780995878,
    "feat_x_avg_result_consumed_after_ms": 21.487132352941178,
    "feat_x_avg_result_available_after_ms": 1.3088235294117647,
    "feat_x_avg_client_wall_time_ms": 33.0568780995878,
    "feat_x_avg_query_startup_ms": 1.3088235294117647,
    "feat_x_avg_exec_serialize_ms": 20.178308823529413,
    "feat_x_avg_client_recv_ms": 11.569745746646621,
    "topo_fetch_ms": 4.981032814077266
  },
  "notes": [
    "GPU/CPU utilization and explicit DB write/query timings are not in the Measurer CSV (unless you log them); this parser will report None for those.",
    "throughput_samples_per_s assumes nbr_training_datapoints is per-epoch; if it's total across training, remove the * epochs_completed multiplier.",
    "remote_feature_total_s is a proxy for time spent waiting on remote feature reads (DB reads)."
  ]
}