{
  "run": {
    "csv": "/var/lib/neo4j/data/projects/neo4j-mpgnn-thesis/experiment_results/results/run_30_2026-06-01/measurements.csv",
    "runtime_s": 36.0112816542387,
    "training_time_s": 34.132475450634956,
    "epochs_completed": 1,
    "batches_seen": 710,
    "nbr_training_datapoints": 90941.0
  },
  "metrics": {
    "throughput_samples_per_s": 2664.35407333775,
    "epoch_time_s": {
      "count": 1,
      "total_s": 34.4071635985747,
      "mean_s": 34.4071635985747,
      "p50_s": 34.4071635985747,
      "p90_s": 34.4071635985747,
      "p99_s": 34.4071635985747,
      "min_s": 34.4071635985747,
      "max_s": 34.4071635985747
    },
    "sampling_phase_time_s": {
      "count": 710,
      "total_s": 27.27090298756957,
      "mean_s": 0.03840972251770362,
      "p50_s": 0.036909392569214106,
      "p90_s": 0.041906015016138554,
      "p99_s": 0.059350446052848935,
      "min_s": 0.028876851312816143,
      "max_s": 0.2721134563907981
    },
    "training_phase_time_s": {
      "count": 710,
      "total_s": 5.841533612459898,
      "mean_s": 0.008227512130225208,
      "p50_s": 0.008150762878358364,
      "p90_s": 0.008740872703492643,
      "p99_s": 0.011085174400359391,
      "min_s": 0.006781919859349728,
      "max_s": 0.01771404780447483
    },
    "convergence_time_s": null,
    "converged_epoch": null,
    "avg_cpu_utilization": null,
    "final_validation_accuracy": 0.0,
    "best_validation_accuracy": 0.0,
    "time_to_first_validation_accuracy_s": 36.01124689448625,
    "time_to_best_accuracy_s": 36.01124689448625,
    "final_validation_loss": 0.0,
    "best_validation_loss": 0.0,
    "time_to_best_loss_s": 36.01125451549888,
    "final_test_accuracy": 0.0,
    "best_test_accuracy": 0.0,
    "time_to_best_test_accuracy_s": 36.09598245751113,
    "remote_feature_latency_s": {
      "count": 710,
      "total_s": 16.092079893685877,
      "mean_s": 0.022664901258712504,
      "p50_s": 0.02188777318224311,
      "p90_s": 0.02530313851311803,
      "p99_s": 0.03154079509899019,
      "min_s": 0.01692142616957426,
      "max_s": 0.2405884899199009
    },
    "remote_feature_total_s": 16.092079893685877,
    "cache_hits": 710,
    "cache_misses": 710,
    "cache_hit_rate": 0.5,
    "validation_time_s": {
      "count": 1,
      "total_s": 0.07258364092558622,
      "mean_s": 0.07258364092558622,
      "p50_s": 0.07258364092558622,
      "p90_s": 0.07258364092558622,
      "p99_s": 0.07258364092558622,
      "min_s": 0.07258364092558622,
      "max_s": 0.07258364092558622
    },
    "saving_weights_time_s": {
      "count": 1,
      "total_s": 7.129274308681488e-06,
      "mean_s": 7.129274308681488e-06,
      "p50_s": 7.129274308681488e-06,
      "p90_s": 7.129274308681488e-06,
      "p99_s": 7.129274308681488e-06,
      "min_s": 7.129274308681488e-06,
      "max_s": 7.129274308681488e-06
    },
    "batch_train_loss_mean": 2.038183725048119,
    "avg_batch_nodes": 1397.0366197183098,
    "avg_batch_edges": 1464.1830985915492,
    "avg_seed_node_ratio": 0.09255762503285882,
    "topo_query_sent_ms": null,
    "topo_first_record_ms": null,
    "topo_transfer_ms": null,
    "topo_etl_ms": 0.9461652303875332,
    "feat_x_query_sent_ms": null,
    "feat_x_first_record_ms": null,
    "feat_x_transfer_ms": null,
    "feat_x_etl_ms": 1.9132845300498982,
    "feat_x_etl_parse_ms": null,
    "feat_y_query_sent_ms": null,
    "feat_y_first_record_ms": null,
    "feat_y_transfer_ms": null,
    "feat_y_etl_ms": null,
    "network_baseline_ms": 7.92885413262206,
    "avg_feat_bytes": 532358.8507042254,
    "sampler_avg_db_exec_time_ms": 0,
    "sampler_avg_network_transfer_ms": 5.007042253521127,
    "sampler_avg_driver_overhead_ms": 7.92885413262206,
    "sampler_avg_result_consumed_after_ms": 5.007042253521127,
    "sampler_avg_result_available_after_ms": 0.6929577464788732,
    "sampler_avg_client_wall_time_ms": 7.92885413262206,
    "sampler_avg_query_startup_ms": 0.6929577464788732,
    "sampler_avg_exec_serialize_ms": 4.314084507042254,
    "sampler_avg_client_recv_ms": 2.9218118791009333,
    "feat_x_avg_db_exec_time_ms": 0.0,
    "feat_x_avg_network_transfer_ms": 16.449295774647887,
    "feat_x_avg_driver_overhead_ms": 22.257058029915665,
    "feat_x_avg_result_consumed_after_ms": 16.449295774647887,
    "feat_x_avg_result_available_after_ms": 2.1901408450704225,
    "feat_x_avg_client_wall_time_ms": 22.257058029915665,
    "feat_x_avg_query_startup_ms": 2.1901408450704225,
    "feat_x_avg_exec_serialize_ms": 14.259154929577464,
    "feat_x_avg_client_recv_ms": 5.807762255267779,
    "topo_fetch_ms": 7.92885413262206
  },
  "notes": [
    "GPU/CPU utilization and explicit DB write/query timings are not in the Measurer CSV (unless you log them); this parser will report None for those.",
    "throughput_samples_per_s assumes nbr_training_datapoints is per-epoch; if it's total across training, remove the * epochs_completed multiplier.",
    "remote_feature_total_s is a proxy for time spent waiting on remote feature reads (DB reads)."
  ]
}