{
  "run": {
    "csv": "/home/victor.pekkari/thesis-folder/neo4j-mpgnn-thesis/experiment_results/results/run_7_2026-05-11/measurements.csv",
    "runtime_s": 1153.1323294681497,
    "training_time_s": 1070.3024981841445,
    "epochs_completed": 1,
    "batches_seen": 9431,
    "nbr_training_datapoints": 1207179.0
  },
  "metrics": {
    "throughput_samples_per_s": 1127.8858098977416,
    "epoch_time_s": {
      "count": 1,
      "total_s": 1070.553486560937,
      "mean_s": 1070.553486560937,
      "p50_s": 1070.553486560937,
      "p90_s": 1070.553486560937,
      "p99_s": 1070.553486560937,
      "min_s": 1070.553486560937,
      "max_s": 1070.553486560937
    },
    "sampling_phase_time_s": {
      "count": 9431,
      "total_s": 771.0435839705169,
      "mean_s": 0.08175629137636697,
      "p50_s": 0.0797890592366457,
      "p90_s": 0.09000878594815731,
      "p99_s": 0.10047841416671872,
      "min_s": 0.054821988102048635,
      "max_s": 0.653916961979121
    },
    "training_phase_time_s": {
      "count": 9431,
      "total_s": 242.13875486468896,
      "mean_s": 0.02567476989340356,
      "p50_s": 0.0260462393052876,
      "p90_s": 0.030658078845590353,
      "p99_s": 0.034848343254998346,
      "min_s": 0.014588527847081423,
      "max_s": 0.05533073516562581
    },
    "convergence_time_s": null,
    "converged_epoch": null,
    "avg_cpu_utilization": null,
    "final_validation_accuracy": 0.4420000127564858,
    "best_validation_accuracy": 0.4420000127564858,
    "time_to_first_validation_accuracy_s": 1153.132243254222,
    "time_to_best_accuracy_s": 1153.132243254222,
    "final_validation_loss": 1.996325254440308,
    "best_validation_loss": 1.996325254440308,
    "time_to_best_loss_s": 1153.1322562228888,
    "final_test_accuracy": 0.4280000123203378,
    "best_test_accuracy": 0.4280000123203378,
    "time_to_best_test_accuracy_s": 1181.5375312599353,
    "remote_feature_latency_s": {
      "count": 9439,
      "total_s": 474.7206541597843,
      "mean_s": 0.050293532594531655,
      "p50_s": 0.05016988003626466,
      "p90_s": 0.0577263692393899,
      "p99_s": 0.06443267173133792,
      "min_s": 0.032718467991799116,
      "max_s": 0.14030012395232916
    },
    "remote_feature_total_s": 474.7206541597843,
    "cache_hits": 9439,
    "cache_misses": 9439,
    "cache_hit_rate": 0.5,
    "validation_time_s": {
      "count": 1,
      "total_s": 31.710582508239895,
      "mean_s": 31.710582508239895,
      "p50_s": 31.710582508239895,
      "p90_s": 31.710582508239895,
      "p99_s": 31.710582508239895,
      "min_s": 31.710582508239895,
      "max_s": 31.710582508239895
    },
    "saving_weights_time_s": {
      "count": 1,
      "total_s": 1.6904901713132858e-05,
      "mean_s": 1.6904901713132858e-05,
      "p50_s": 1.6904901713132858e-05,
      "p90_s": 1.6904901713132858e-05,
      "p99_s": 1.6904901713132858e-05,
      "min_s": 1.6904901713132858e-05,
      "max_s": 1.6904901713132858e-05
    },
    "batch_train_loss_mean": 2.011832616031138,
    "avg_batch_nodes": 2764.937016223094,
    "avg_batch_edges": 2862.0446400169653,
    "avg_seed_node_ratio": 0.04655899722728024,
    "topo_query_sent_ms": null,
    "topo_first_record_ms": null,
    "topo_transfer_ms": null,
    "topo_etl_ms": 1.9360570144687737,
    "feat_x_query_sent_ms": null,
    "feat_x_first_record_ms": null,
    "feat_x_transfer_ms": null,
    "feat_x_etl_ms": 3.6310642815211502,
    "feat_x_etl_parse_ms": null,
    "feat_y_query_sent_ms": null,
    "feat_y_first_record_ms": null,
    "feat_y_transfer_ms": null,
    "feat_y_etl_ms": null,
    "network_baseline_ms": 17.254157498793045,
    "avg_feat_bytes": 757788.4233499311,
    "sampler_avg_db_exec_time_ms": 0,
    "sampler_avg_network_transfer_ms": 11.931030829537027,
    "sampler_avg_driver_overhead_ms": 17.254157498793045,
    "sampler_avg_result_consumed_after_ms": 11.931030829537027,
    "sampler_avg_result_available_after_ms": 0.6798389659921602,
    "sampler_avg_client_wall_time_ms": 17.254157498793045,
    "sampler_avg_query_startup_ms": 0.6798389659921602,
    "sampler_avg_exec_serialize_ms": 11.251191863544868,
    "sampler_avg_client_recv_ms": 5.323126669256018,
    "feat_x_avg_db_exec_time_ms": 0,
    "feat_x_avg_network_transfer_ms": 42.066638415086345,
    "feat_x_avg_driver_overhead_ms": 49.31635006403625,
    "feat_x_avg_result_consumed_after_ms": 42.066638415086345,
    "feat_x_avg_result_available_after_ms": 2.8409789172581843,
    "feat_x_avg_client_wall_time_ms": 49.31635006403625,
    "feat_x_avg_query_startup_ms": 2.8409789172581843,
    "feat_x_avg_exec_serialize_ms": 39.22565949782816,
    "feat_x_avg_client_recv_ms": 7.249711648949905,
    "topo_fetch_ms": 17.254157498793045
  },
  "notes": [
    "GPU/CPU utilization and explicit DB write/query timings are not in the Measurer CSV (unless you log them); this parser will report None for those.",
    "throughput_samples_per_s assumes nbr_training_datapoints is per-epoch; if it's total across training, remove the * epochs_completed multiplier.",
    "remote_feature_total_s is a proxy for time spent waiting on remote feature reads (DB reads)."
  ]
}