{
  "sampler": {
    "plan_meta": {},
    "global": {
      "sample_count": 9439,
      "avg_client_wall_time_ms": 42.78074991656936,
      "avg_result_available_after_ms": 0.5951901684500477,
      "avg_result_consumed_after_ms": 38.449623900836954,
      "avg_profile_total_time_ms": 0.0,
      "avg_global_memory_bytes": 0.0,
      "avg_root_rows": 0.0,
      "avg_root_db_hits": 0.0,
      "avg_page_cache_hits": 0.0,
      "avg_page_cache_misses": 0.0,
      "avg_db_exec_time_ms": 0,
      "avg_network_transfer_ms": 38.449623900836954,
      "avg_driver_overhead_ms": 42.78074991656936,
      "avg_query_startup_ms": 0.5951901684500477,
      "avg_exec_serialize_ms": 37.85443373238691,
      "avg_client_recv_ms": 4.3311260157324085
    },
    "operators": [],
    "top_by_time_ms": [],
    "top_by_db_hits": [],
    "top_by_memory_bytes": []
  },
  "feat_x": {
    "plan_meta": {},
    "global": {
      "sample_count": 9439,
      "avg_client_wall_time_ms": 44.32801658299287,
      "avg_result_available_after_ms": 1.2633753575590634,
      "avg_result_consumed_after_ms": 39.61108168238161,
      "avg_profile_total_time_ms": 0.0,
      "avg_global_memory_bytes": 0.0,
      "avg_root_rows": 0.0,
      "avg_root_db_hits": 0.0,
      "avg_page_cache_hits": 0.0,
      "avg_page_cache_misses": 0.0,
      "avg_db_exec_time_ms": 0,
      "avg_network_transfer_ms": 39.61108168238161,
      "avg_driver_overhead_ms": 44.32801658299287,
      "avg_query_startup_ms": 1.2633753575590634,
      "avg_exec_serialize_ms": 38.347706324822546,
      "avg_client_recv_ms": 4.716934900611264
    },
    "operators": [],
    "top_by_time_ms": [],
    "top_by_db_hits": [],
    "top_by_memory_bytes": []
  },
  "subphase_metrics": {
    "throughput_samples_per_s": 1000.8944217265233,
    "epoch_time_s": {
      "count": 1,
      "total_s": 1206.2965798564255,
      "mean_s": 1206.2965798564255,
      "p50_s": 1206.2965798564255,
      "p90_s": 1206.2965798564255,
      "p99_s": 1206.2965798564255,
      "min_s": 1206.2965798564255,
      "max_s": 1206.2965798564255
    },
    "sampling_phase_time_s": {
      "count": 9431,
      "total_s": 1045.6914876871742,
      "mean_s": 0.11087811342245511,
      "p50_s": 0.10420890571549535,
      "p90_s": 0.12030236888676882,
      "p99_s": 0.39231686363928114,
      "min_s": 0.06798471184447408,
      "max_s": 0.46520739793777466
    },
    "training_phase_time_s": {
      "count": 9431,
      "total_s": 114.33070670859888,
      "mean_s": 0.012122861489619222,
      "p50_s": 0.012307930737733841,
      "p90_s": 0.014741940423846245,
      "p99_s": 0.016614149138331417,
      "min_s": 0.007324942387640476,
      "max_s": 0.02249821601435542
    },
    "convergence_time_s": null,
    "converged_epoch": null,
    "avg_cpu_utilization": null,
    "final_validation_accuracy": 0.490000014655003,
    "best_validation_accuracy": 0.490000014655003,
    "time_to_first_validation_accuracy_s": 1267.1359750470147,
    "time_to_best_accuracy_s": 1267.1359750470147,
    "final_validation_loss": 1.8173518180847168,
    "best_validation_loss": 1.8173518180847168,
    "time_to_best_loss_s": 1267.1359848948196,
    "final_test_accuracy": 0.4570000132401313,
    "best_test_accuracy": 0.4570000132401313,
    "time_to_best_test_accuracy_s": 1289.2471522539854,
    "remote_feature_latency_s": {
      "count": 9439,
      "total_s": 423.44356476329267,
      "mean_s": 0.04486106205777017,
      "p50_s": 0.044114428106695414,
      "p90_s": 0.05047155749052763,
      "p99_s": 0.06907175505533815,
      "min_s": 0.029536325950175524,
      "max_s": 0.08696305705234408
    },
    "remote_feature_total_s": 423.44356476329267,
    "cache_hits": 9439,
    "cache_misses": 9439,
    "cache_hit_rate": 0.5,
    "validation_time_s": {
      "count": 1,
      "total_s": 22.780580883845687,
      "mean_s": 22.780580883845687,
      "p50_s": 22.780580883845687,
      "p90_s": 22.780580883845687,
      "p99_s": 22.780580883845687,
      "min_s": 22.780580883845687,
      "max_s": 22.780580883845687
    },
    "saving_weights_time_s": {
      "count": 1,
      "total_s": 1.2004747986793518e-05,
      "mean_s": 1.2004747986793518e-05,
      "p50_s": 1.2004747986793518e-05,
      "p90_s": 1.2004747986793518e-05,
      "p99_s": 1.2004747986793518e-05,
      "min_s": 1.2004747986793518e-05,
      "max_s": 1.2004747986793518e-05
    },
    "batch_train_loss_mean": 1.813055330288017,
    "avg_batch_nodes": 2757.9886544374936,
    "avg_batch_edges": 2854.857915385431,
    "avg_seed_node_ratio": 0.04668426837876718,
    "topo_query_sent_ms": null,
    "topo_first_record_ms": null,
    "topo_transfer_ms": null,
    "topo_etl_ms": 1.4437097561852428,
    "feat_x_query_sent_ms": null,
    "feat_x_first_record_ms": null,
    "feat_x_transfer_ms": null,
    "feat_x_etl_ms": 3.041370865115439,
    "feat_x_etl_parse_ms": null,
    "feat_y_query_sent_ms": null,
    "feat_y_first_record_ms": null,
    "feat_y_transfer_ms": null,
    "feat_y_etl_ms": null,
    "network_baseline_ms": 42.78074991656936,
    "avg_feat_bytes": 1412424.7127873716,
    "sampler_avg_db_exec_time_ms": 0,
    "sampler_avg_network_transfer_ms": 38.449623900836954,
    "sampler_avg_driver_overhead_ms": 42.78074991656936,
    "sampler_avg_result_consumed_after_ms": 38.449623900836954,
    "sampler_avg_result_available_after_ms": 0.5951901684500477,
    "sampler_avg_client_wall_time_ms": 42.78074991656936,
    "sampler_avg_query_startup_ms": 0.5951901684500477,
    "sampler_avg_exec_serialize_ms": 37.85443373238691,
    "sampler_avg_client_recv_ms": 4.3311260157324085,
    "feat_x_avg_db_exec_time_ms": 0,
    "feat_x_avg_network_transfer_ms": 39.61108168238161,
    "feat_x_avg_driver_overhead_ms": 44.32801658299287,
    "feat_x_avg_result_consumed_after_ms": 39.61108168238161,
    "feat_x_avg_result_available_after_ms": 1.2633753575590634,
    "feat_x_avg_client_wall_time_ms": 44.32801658299287,
    "feat_x_avg_query_startup_ms": 1.2633753575590634,
    "feat_x_avg_exec_serialize_ms": 38.347706324822546,
    "feat_x_avg_client_recv_ms": 4.716934900611264,
    "topo_fetch_ms": 42.78074991656936
  }
}