{
  "run": {
    "csv": "/var/lib/neo4j/data/projects/neo4j-mpgnn-thesis/experiment_results/results/run_11_2026-05-13/baseline_pyg/run_5/measurements.csv",
    "runtime_s": 3.463685799855739,
    "training_time_s": 3.3908446729183197,
    "epochs_completed": 90,
    "batches_seen": 360,
    "nbr_training_datapoints": 140.0
  },
  "metrics": {
    "throughput_samples_per_s": 3715.888286075885,
    "epoch_time_s": {
      "count": 90,
      "total_s": 2.1017290307208896,
      "mean_s": 0.023352544785787663,
      "p50_s": 0.023034669226035476,
      "p90_s": 0.024255154514685275,
      "p99_s": 0.02971152688842266,
      "min_s": 0.02130775200203061,
      "max_s": 0.04185601230710745
    },
    "sampling_phase_time_s": {
      "count": 360,
      "total_s": 0.35065434873104095,
      "mean_s": 0.0009740398575862249,
      "p50_s": 0.0009549274109303951,
      "p90_s": 0.0010244070552289485,
      "p99_s": 0.0014721712190657861,
      "min_s": 0.0008319211192429066,
      "max_s": 0.0028820200823247433
    },
    "training_phase_time_s": {
      "count": 360,
      "total_s": 1.501792118884623,
      "mean_s": 0.0041716447746795084,
      "p50_s": 0.0041111609898507595,
      "p90_s": 0.00431931484490633,
      "p99_s": 0.006203775205649471,
      "min_s": 0.0035397298634052277,
      "max_s": 0.008380764164030552
    },
    "convergence_time_s": null,
    "converged_epoch": null,
    "avg_cpu_utilization": null,
    "final_validation_accuracy": 0.7640000231617482,
    "best_validation_accuracy": 0.7760000234416334,
    "time_to_first_validation_accuracy_s": 0.11241643689572811,
    "time_to_best_accuracy_s": 2.9224779359064996,
    "final_validation_loss": 0.8276904821395874,
    "best_validation_loss": 0.8276904821395874,
    "time_to_best_loss_s": 3.463660839945078,
    "final_test_accuracy": 0.7830000236140693,
    "best_test_accuracy": 0.7830000236140693,
    "time_to_best_test_accuracy_s": 3.494267644826323,
    "remote_feature_latency_s": {
      "count": 0,
      "total_s": 0.0,
      "mean_s": null,
      "p50_s": null,
      "p90_s": null,
      "p99_s": null,
      "min_s": null,
      "max_s": null
    },
    "remote_feature_total_s": 0.0,
    "cache_hits": 0,
    "cache_misses": 0,
    "cache_hit_rate": null,
    "validation_time_s": {
      "count": 90,
      "total_s": 1.301497588865459,
      "mean_s": 0.014461084320727322,
      "p50_s": 0.010647670598700643,
      "p90_s": 0.011270176339894534,
      "p99_s": 0.050297852498479005,
      "min_s": 0.009945427067577839,
      "max_s": 0.3409823989495635
    },
    "saving_weights_time_s": {
      "count": 70,
      "total_s": 0.0005947691388428211,
      "mean_s": 8.496701983468873e-06,
      "p50_s": 6.086891517043114e-06,
      "p90_s": 6.731832399964333e-06,
      "p99_s": 8.714642375707629e-05,
      "min_s": 4.83635812997818e-06,
      "max_s": 9.559420868754387e-05
    },
    "batch_train_loss_mean": 0.666893546604034,
    "avg_batch_nodes": 355.2361111111111,
    "avg_batch_edges": 568.2222222222222,
    "avg_seed_node_ratio": 0.08515887045063851,
    "topo_query_sent_ms": null,
    "topo_first_record_ms": null,
    "topo_transfer_ms": null,
    "topo_etl_ms": null,
    "feat_x_query_sent_ms": null,
    "feat_x_first_record_ms": null,
    "feat_x_transfer_ms": null,
    "feat_x_etl_ms": null,
    "feat_x_etl_parse_ms": null,
    "feat_y_query_sent_ms": null,
    "feat_y_first_record_ms": null,
    "feat_y_transfer_ms": null,
    "feat_y_etl_ms": null,
    "network_baseline_ms": null,
    "avg_feat_bytes": null
  },
  "notes": [
    "GPU/CPU utilization and explicit DB write/query timings are not in the Measurer CSV (unless you log them); this parser will report None for those.",
    "throughput_samples_per_s assumes nbr_training_datapoints is per-epoch; if it's total across training, remove the * epochs_completed multiplier.",
    "remote_feature_total_s is a proxy for time spent waiting on remote feature reads (DB reads)."
  ]
}