{
  "run": {
    "csv": "/home/victor.pekkari/thesis-folder/neo4j-mpgnn-thesis/experiment_results/results/run_6/measurements.csv",
    "runtime_s": 116.12059115804732,
    "training_time_s": 113.50685390690342,
    "epochs_completed": 1,
    "batches_seen": 1818,
    "nbr_training_datapoints": 90941.0
  },
  "metrics": {
    "throughput_samples_per_s": 801.1939091765191,
    "epoch_time_s": {
      "count": 1,
      "total_s": 113.5652108876966,
      "mean_s": 113.5652108876966,
      "p50_s": 113.5652108876966,
      "p90_s": 113.5652108876966,
      "p99_s": 113.5652108876966,
      "min_s": 113.5652108876966,
      "max_s": 113.5652108876966
    },
    "sampling_phase_time_s": {
      "count": 1818,
      "total_s": 103.43098869314417,
      "mean_s": 0.056892733054534746,
      "p50_s": 0.056402642047032714,
      "p90_s": 0.06448624753393233,
      "p99_s": 0.0735843530250713,
      "min_s": 0.03693278692662716,
      "max_s": 0.28076673625037074
    },
    "training_phase_time_s": {
      "count": 1818,
      "total_s": 8.381875489838421,
      "mean_s": 0.004610492568667999,
      "p50_s": 0.004594449186697602,
      "p90_s": 0.004828940145671368,
      "p99_s": 0.0055696199042722565,
      "min_s": 0.003952294122427702,
      "max_s": 0.010455099865794182
    },
    "convergence_time_s": null,
    "converged_epoch": null,
    "avg_cpu_utilization": null,
    "final_validation_accuracy": 0.5190000158036128,
    "best_validation_accuracy": 0.5190000158036128,
    "time_to_first_validation_accuracy_s": 116.12051745178178,
    "time_to_best_accuracy_s": 116.12051745178178,
    "final_validation_loss": 1.653712272644043,
    "best_validation_loss": 1.653712272644043,
    "time_to_best_loss_s": 116.12052983883768,
    "final_test_accuracy": 0.4910000146262283,
    "best_test_accuracy": 0.4910000146262283,
    "time_to_best_test_accuracy_s": 116.38130431063473,
    "remote_feature_latency_s": {
      "count": 1826,
      "total_s": 53.117301024030894,
      "mean_s": 0.02908943100987453,
      "p50_s": 0.028840252431109548,
      "p90_s": 0.03390505933202803,
      "p99_s": 0.03977976506575942,
      "min_s": 0.013140326831489801,
      "max_s": 0.2135194530710578
    },
    "remote_feature_total_s": 53.117301024030894,
    "cache_hits": 1826,
    "cache_misses": 1826,
    "cache_hit_rate": 0.5,
    "validation_time_s": {
      "count": 1,
      "total_s": 0.7124019148759544,
      "mean_s": 0.7124019148759544,
      "p50_s": 0.7124019148759544,
      "p90_s": 0.7124019148759544,
      "p99_s": 0.7124019148759544,
      "min_s": 0.7124019148759544,
      "max_s": 0.7124019148759544
    },
    "saving_weights_time_s": {
      "count": 1,
      "total_s": 2.337200567126274e-05,
      "mean_s": 2.337200567126274e-05,
      "p50_s": 2.337200567126274e-05,
      "p90_s": 2.337200567126274e-05,
      "p99_s": 2.337200567126274e-05,
      "min_s": 2.337200567126274e-05,
      "max_s": 2.337200567126274e-05
    },
    "batch_train_loss_mean": 1.9618560869832768,
    "avg_batch_nodes": 548.3674367436744,
    "avg_batch_edges": 571.8685368536853,
    "avg_seed_node_ratio": 0.0933047533537145,
    "topo_query_sent_ms": null,
    "topo_first_record_ms": null,
    "topo_transfer_ms": null,
    "topo_etl_ms": 0.43115334183402027,
    "feat_x_query_sent_ms": null,
    "feat_x_first_record_ms": null,
    "feat_x_transfer_ms": null,
    "feat_x_etl_ms": 5.644480018700021,
    "feat_y_query_sent_ms": null,
    "feat_y_first_record_ms": null,
    "feat_y_transfer_ms": null,
    "feat_y_etl_ms": null,
    "network_baseline_ms": 12.613296672298693,
    "sampler_avg_db_exec_time_ms": 6.232784818181818,
    "sampler_avg_network_transfer_ms": 0.6965689605695511,
    "sampler_avg_driver_overhead_ms": 12.613296672298693,
    "sampler_avg_result_consumed_after_ms": 6.929353778751369,
    "sampler_avg_result_available_after_ms": 0.7201533406352684,
    "sampler_avg_client_wall_time_ms": 18.84608149048051,
    "sampler_avg_query_startup_ms": 0.7201533406352684,
    "sampler_avg_exec_serialize_ms": 6.209200438116101,
    "sampler_avg_client_recv_ms": 11.916727711729141,
    "feat_x_avg_db_exec_time_ms": 7.854804374589266,
    "feat_x_avg_network_transfer_ms": 0.4474957349397588,
    "feat_x_avg_driver_overhead_ms": 21.12475065127478,
    "feat_x_avg_result_consumed_after_ms": 8.302300109529025,
    "feat_x_avg_result_available_after_ms": 0.6440306681270537,
    "feat_x_avg_client_wall_time_ms": 28.979555025864045,
    "feat_x_avg_query_startup_ms": 0.6440306681270537,
    "feat_x_avg_exec_serialize_ms": 7.658269441401971,
    "feat_x_avg_client_recv_ms": 20.67725491633502,
    "topo_fetch_ms": 18.84608149048051
  },
  "notes": [
    "GPU/CPU utilization and explicit DB write/query timings are not in the Measurer CSV (unless you log them); this parser will report None for those.",
    "throughput_samples_per_s assumes nbr_training_datapoints is per-epoch; if it's total across training, remove the * epochs_completed multiplier.",
    "remote_feature_total_s is a proxy for time spent waiting on remote feature reads (DB reads)."
  ]
}