{
  "run": {
    "csv": "/home/victor.pekkari/thesis-folder/neo4j-mpgnn-thesis/experiment_results/results/run_1/measurements.csv",
    "runtime_s": 295.0225774659775,
    "training_time_s": 275.4000965729356,
    "epochs_completed": 3,
    "batches_seen": 1947,
    "nbr_training_datapoints": 90941.0
  },
  "metrics": {
    "throughput_samples_per_s": 990.6423541421923,
    "epoch_time_s": {
      "count": 3,
      "total_s": 239.855932647828,
      "mean_s": 79.95197754927601,
      "p50_s": 79.76756909117103,
      "p90_s": 80.4492110580206,
      "p99_s": 80.60258050056174,
      "min_s": 79.468742006924,
      "max_s": 80.61962154973298
    },
    "sampling_phase_time_s": {
      "count": 1947,
      "total_s": 229.68798436783254,
      "mean_s": 0.11797020255153187,
      "p50_s": 0.11635943688452244,
      "p90_s": 0.12986510386690497,
      "p99_s": 0.1503171737026423,
      "min_s": 0.08928211824968457,
      "max_s": 0.4533982458524406
    },
    "training_phase_time_s": {
      "count": 1947,
      "total_s": 10.071004041470587,
      "mean_s": 0.005172575265264811,
      "p50_s": 0.005177988670766354,
      "p90_s": 0.005566059611737728,
      "p99_s": 0.006482569072395563,
      "min_s": 0.0044896770268678665,
      "max_s": 0.012360493186861277
    },
    "convergence_time_s": null,
    "converged_epoch": null,
    "avg_cpu_utilization": 7.020819112627986,
    "final_validation_accuracy": 0.5490788055201812,
    "best_validation_accuracy": 0.5490788055201812,
    "time_to_first_validation_accuracy_s": 100.25607329932973,
    "time_to_best_accuracy_s": 295.0225393990986,
    "final_validation_loss": 1.5750625133514404,
    "best_validation_loss": 1.5750625133514404,
    "time_to_best_loss_s": 295.0225487612188,
    "final_test_accuracy": 0.4903401109091547,
    "best_test_accuracy": 0.4903401109091547,
    "time_to_best_test_accuracy_s": 303.74123282916844,
    "remote_feature_latency_s": {
      "count": 2488,
      "total_s": 183.1971032610163,
      "mean_s": 0.07363227623031202,
      "p50_s": 0.0758189323823899,
      "p90_s": 0.08957812879234553,
      "p99_s": 0.106992665254511,
      "min_s": 0.009504609275609255,
      "max_s": 0.4068988519720733
    },
    "remote_feature_total_s": 183.1971032610163,
    "cache_hits": 2488,
    "cache_misses": 2488,
    "cache_hit_rate": 0.5,
    "validation_time_s": {
      "count": 3,
      "total_s": 53.34597463766113,
      "mean_s": 17.781991545887042,
      "p50_s": 17.815889841876924,
      "p90_s": 17.855961698479952,
      "p99_s": 17.864977866215632,
      "min_s": 17.664105133153498,
      "max_s": 17.865979662630707
    },
    "saving_weights_time_s": {
      "count": 3,
      "total_s": 2.2163614630699158e-05,
      "mean_s": 7.387871543566386e-06,
      "p50_s": 8.343718945980072e-06,
      "p90_s": 8.380599319934845e-06,
      "p99_s": 8.388897404074669e-06,
      "min_s": 5.4300762712955475e-06,
      "max_s": 8.389819413423538e-06
    },
    "batch_train_loss_mean": 1.8183478737220313,
    "avg_batch_nodes": 1525.478171545968,
    "avg_batch_edges": 1600.014381099127,
    "avg_seed_node_ratio": 0.09249168090881087,
    "topo_query_sent_ms": null,
    "topo_first_record_ms": null,
    "topo_transfer_ms": null,
    "topo_etl_ms": 0.93940178129277,
    "feat_x_query_sent_ms": null,
    "feat_x_first_record_ms": null,
    "feat_x_transfer_ms": null,
    "feat_x_etl_ms": 14.991072061736663,
    "feat_y_query_sent_ms": null,
    "feat_y_first_record_ms": null,
    "feat_y_transfer_ms": null,
    "feat_y_etl_ms": null,
    "network_baseline_ms": 9.061169428085167,
    "sampler_avg_db_exec_time_ms": 9.951694888665594,
    "sampler_avg_network_transfer_ms": 0.6753147576366558,
    "sampler_avg_driver_overhead_ms": 9.061169428085167,
    "sampler_avg_result_consumed_after_ms": 10.62700964630225,
    "sampler_avg_client_wall_time_ms": 19.01286431675076,
    "feat_x_avg_db_exec_time_ms": 20.652379545418004,
    "feat_x_avg_network_transfer_ms": 0.5501928018488762,
    "feat_x_avg_driver_overhead_ms": 52.870233876031335,
    "feat_x_avg_result_consumed_after_ms": 21.20257234726688,
    "feat_x_avg_client_wall_time_ms": 73.52261342144934,
    "topo_fetch_ms": 19.01286431675076
  },
  "notes": [
    "GPU/CPU utilization and explicit DB write/query timings are not in the Measurer CSV (unless you log them); this parser will report None for those.",
    "throughput_samples_per_s assumes nbr_training_datapoints is per-epoch; if it's total across training, remove the * epochs_completed multiplier.",
    "remote_feature_total_s is a proxy for time spent waiting on remote feature reads (DB reads)."
  ]
}