{
  "run": {
    "csv": "/var/lib/neo4j/data/projects/neo4j-mpgnn-thesis/experiment_results/results/run_22_2026-05-12/measurements.csv",
    "runtime_s": 432.9475039849058,
    "training_time_s": 344.9252924709581,
    "epochs_completed": 2,
    "batches_seen": 1292,
    "nbr_training_datapoints": 20695.0
  },
  "metrics": {
    "throughput_samples_per_s": 119.99699907041447,
    "epoch_time_s": {
      "count": 2,
      "total_s": 255.93366457615048,
      "mean_s": 127.96683228807524,
      "p50_s": 127.96683228807524,
      "p90_s": 129.59705197857693,
      "p99_s": 129.9638514089398,
      "min_s": 125.92905767494813,
      "max_s": 130.00460690120235
    },
    "sampling_phase_time_s": {
      "count": 1292,
      "total_s": 216.77347877481952,
      "mean_s": 0.16778133032106773,
      "p50_s": 0.1597050093114376,
      "p90_s": 0.21410473356954754,
      "p99_s": 0.2394253420177847,
      "min_s": 0.10948441410437226,
      "max_s": 0.3941831076517701
    },
    "training_phase_time_s": {
      "count": 1292,
      "total_s": 36.55007892847061,
      "mean_s": 0.02828953477435806,
      "p50_s": 0.02992827189154923,
      "p90_s": 0.032729939976707104,
      "p99_s": 0.03656913707032799,
      "min_s": 0.015028805937618017,
      "max_s": 0.04478080291301012
    },
    "convergence_time_s": null,
    "converged_epoch": null,
    "avg_cpu_utilization": null,
    "final_validation_accuracy": 0.9499854959589852,
    "best_validation_accuracy": 0.9499854959589852,
    "time_to_first_validation_accuracy_s": 215.60678823292255,
    "time_to_best_accuracy_s": 432.9474511947483,
    "final_validation_loss": 0.1668325364589691,
    "best_validation_loss": 0.1668325364589691,
    "time_to_best_loss_s": 432.94746478367597,
    "final_test_accuracy": 0.9468115518923056,
    "best_test_accuracy": 0.9468115518923056,
    "time_to_best_test_accuracy_s": 520.1801074868999,
    "remote_feature_latency_s": {
      "count": 1373,
      "total_s": 406.787660155911,
      "mean_s": 0.29627651868602406,
      "p50_s": 0.1251926189288497,
      "p90_s": 0.1881559543311596,
      "p99_s": 3.0856063262373206,
      "min_s": 0.08878288930281997,
      "max_s": 3.2876675999723375
    },
    "remote_feature_total_s": 406.787660155911,
    "cache_hits": 1373,
    "cache_misses": 1373,
    "cache_hit_rate": 0.5,
    "validation_time_s": {
      "count": 2,
      "total_s": 176.57404747698456,
      "mean_s": 88.28702373849228,
      "p50_s": 88.28702373849228,
      "p90_s": 89.04784106286243,
      "p99_s": 89.21902496084572,
      "min_s": 87.3360020830296,
      "max_s": 89.23804539395496
    },
    "saving_weights_time_s": {
      "count": 2,
      "total_s": 2.5383662432432175e-05,
      "mean_s": 1.2691831216216087e-05,
      "p50_s": 1.2691831216216087e-05,
      "p90_s": 1.4026043936610222e-05,
      "p99_s": 1.4326241798698902e-05,
      "min_s": 1.102406531572342e-05,
      "max_s": 1.4359597116708755e-05
    },
    "batch_train_loss_mean": 0.20410872728350477,
    "avg_batch_nodes": 1085.5650154798761,
    "avg_batch_edges": 1450.8831269349846,
    "avg_seed_node_ratio": 0.029633824685847195,
    "topo_query_sent_ms": null,
    "topo_first_record_ms": null,
    "topo_transfer_ms": null,
    "topo_etl_ms": 1.1200182067294104,
    "feat_x_query_sent_ms": null,
    "feat_x_first_record_ms": null,
    "feat_x_transfer_ms": null,
    "feat_x_etl_ms": 17.193946306025968,
    "feat_x_etl_parse_ms": null,
    "feat_y_query_sent_ms": null,
    "feat_y_first_record_ms": null,
    "feat_y_transfer_ms": null,
    "feat_y_etl_ms": null,
    "network_baseline_ms": 7.290645294265858,
    "avg_feat_bytes": 24495801.456664238,
    "sampler_avg_db_exec_time_ms": 0,
    "sampler_avg_network_transfer_ms": 4.0750182083029864,
    "sampler_avg_driver_overhead_ms": 7.290645294265858,
    "sampler_avg_result_consumed_after_ms": 4.0750182083029864,
    "sampler_avg_result_available_after_ms": 0.5761107064821559,
    "sampler_avg_client_wall_time_ms": 7.290645294265858,
    "sampler_avg_query_startup_ms": 0.5761107064821559,
    "sampler_avg_exec_serialize_ms": 3.4989075018208307,
    "sampler_avg_client_recv_ms": 3.215627085962872,
    "feat_x_avg_db_exec_time_ms": 0,
    "feat_x_avg_network_transfer_ms": 155.3918426802622,
    "feat_x_avg_driver_overhead_ms": 295.78298075227724,
    "feat_x_avg_result_consumed_after_ms": 155.3918426802622,
    "feat_x_avg_result_available_after_ms": 1.7698470502549162,
    "feat_x_avg_client_wall_time_ms": 295.78298075227724,
    "feat_x_avg_query_startup_ms": 1.7698470502549162,
    "feat_x_avg_exec_serialize_ms": 153.62199563000726,
    "feat_x_avg_client_recv_ms": 140.39113807201505,
    "topo_fetch_ms": 7.290645294265858
  },
  "notes": [
    "GPU/CPU utilization and explicit DB write/query timings are not in the Measurer CSV (unless you log them); this parser will report None for those.",
    "throughput_samples_per_s assumes nbr_training_datapoints is per-epoch; if it's total across training, remove the * epochs_completed multiplier.",
    "remote_feature_total_s is a proxy for time spent waiting on remote feature reads (DB reads)."
  ]
}