{
  "sampler": {
    "plan_meta": {},
    "global": {
      "sample_count": 604,
      "avg_client_wall_time_ms": 6.392732474626048,
      "avg_result_available_after_ms": 0.4917218543046358,
      "avg_result_consumed_after_ms": 3.3228476821192054,
      "avg_profile_total_time_ms": 0.0,
      "avg_global_memory_bytes": 0.0,
      "avg_root_rows": 0.0,
      "avg_root_db_hits": 0.0,
      "avg_page_cache_hits": 0.0,
      "avg_page_cache_misses": 0.0,
      "avg_db_exec_time_ms": 0,
      "avg_network_transfer_ms": 3.3228476821192054,
      "avg_driver_overhead_ms": 6.392732474626048,
      "avg_query_startup_ms": 0.4917218543046358,
      "avg_exec_serialize_ms": 2.83112582781457,
      "avg_client_recv_ms": 3.069884792506843
    },
    "operators": [],
    "top_by_time_ms": [],
    "top_by_db_hits": [],
    "top_by_memory_bytes": []
  },
  "feat_x": {
    "plan_meta": {},
    "global": {
      "sample_count": 604,
      "avg_client_wall_time_ms": 79.42894931238095,
      "avg_result_available_after_ms": 1.5778145695364238,
      "avg_result_consumed_after_ms": 47.99503311258278,
      "avg_profile_total_time_ms": 0.0,
      "avg_global_memory_bytes": 0.0,
      "avg_root_rows": 0.0,
      "avg_root_db_hits": 0.0,
      "avg_page_cache_hits": 0.0,
      "avg_page_cache_misses": 0.0,
      "avg_db_exec_time_ms": 0,
      "avg_network_transfer_ms": 47.99503311258278,
      "avg_driver_overhead_ms": 79.42894931238095,
      "avg_query_startup_ms": 1.5778145695364238,
      "avg_exec_serialize_ms": 46.41721854304636,
      "avg_client_recv_ms": 31.43391619979817
    },
    "operators": [],
    "top_by_time_ms": [],
    "top_by_db_hits": [],
    "top_by_memory_bytes": []
  },
  "subphase_metrics": {
    "throughput_samples_per_s": 320.9300505583012,
    "epoch_time_s": {
      "count": 200,
      "total_s": 11.964007039088756,
      "mean_s": 0.05982003519544378,
      "p50_s": 0.05782447289675474,
      "p90_s": 0.0621594734955579,
      "p99_s": 0.08738022871781104,
      "min_s": 0.04912800993770361,
      "max_s": 0.30332667706534266
    },
    "sampling_phase_time_s": {
      "count": 200,
      "total_s": 9.801054208073765,
      "mean_s": 0.04900527104036882,
      "p50_s": 0.04725542105734348,
      "p90_s": 0.05099153430201113,
      "p99_s": 0.07122145094908731,
      "min_s": 0.039615511894226074,
      "max_s": 0.2915271674282849
    },
    "training_phase_time_s": {
      "count": 200,
      "total_s": 1.885633240453899,
      "mean_s": 0.009428166202269495,
      "p50_s": 0.00919058732688427,
      "p90_s": 0.010312940692529082,
      "p99_s": 0.013705301457084694,
      "min_s": 0.008167786058038473,
      "max_s": 0.018304163590073586
    },
    "convergence_time_s": null,
    "converged_epoch": null,
    "avg_cpu_utilization": null,
    "final_validation_accuracy": 0.6280000185151203,
    "best_validation_accuracy": 0.6360000188225788,
    "time_to_first_validation_accuracy_s": 0.5468612830154598,
    "time_to_best_accuracy_s": 72.47231273399666,
    "final_validation_loss": 1.1549711227416992,
    "best_validation_loss": 1.1514071226119995,
    "time_to_best_loss_s": 72.47232228610665,
    "final_test_accuracy": 0.6220000184839591,
    "best_test_accuracy": 0.6220000184839591,
    "time_to_best_test_accuracy_s": 76.49829343520105,
    "remote_feature_latency_s": {
      "count": 604,
      "total_s": 48.29540026187897,
      "mean_s": 0.07995927195675326,
      "p50_s": 0.09732385911047459,
      "p90_s": 0.10516294683329762,
      "p99_s": 0.15553087930660708,
      "min_s": 0.02692634193226695,
      "max_s": 0.25861083110794425
    },
    "remote_feature_total_s": 48.29540026187897,
    "cache_hits": 604,
    "cache_misses": 604,
    "cache_hit_rate": 0.5,
    "validation_time_s": {
      "count": 200,
      "total_s": 63.47814847435802,
      "mean_s": 0.3173907423717901,
      "p50_s": 0.3105763732455671,
      "p90_s": 0.3250486903823912,
      "p99_s": 0.5187677528988569,
      "min_s": 0.2977484753355384,
      "max_s": 0.5922167501412332
    },
    "saving_weights_time_s": {
      "count": 149,
      "total_s": 0.0008474546484649181,
      "mean_s": 5.687615090368578e-06,
      "p50_s": 5.345325917005539e-06,
      "p90_s": 6.352178752422333e-06,
      "p99_s": 1.1518634855747224e-05,
      "min_s": 4.5709311962127686e-06,
      "max_s": 1.7321668565273285e-05
    },
    "batch_train_loss_mean": 0.42761412215884775,
    "avg_batch_nodes": 592.205,
    "avg_batch_edges": 993.09,
    "avg_seed_node_ratio": 0.10858044855497048,
    "topo_query_sent_ms": null,
    "topo_first_record_ms": null,
    "topo_transfer_ms": null,
    "topo_etl_ms": 1.0508348755168402,
    "feat_x_query_sent_ms": null,
    "feat_x_first_record_ms": null,
    "feat_x_transfer_ms": null,
    "feat_x_etl_ms": 5.71768587711113,
    "feat_x_etl_parse_ms": null,
    "feat_y_query_sent_ms": null,
    "feat_y_first_record_ms": null,
    "feat_y_transfer_ms": null,
    "feat_y_etl_ms": null,
    "network_baseline_ms": 6.392732474626048,
    "avg_feat_bytes": 15118490.688741721,
    "sampler_avg_db_exec_time_ms": 0,
    "sampler_avg_network_transfer_ms": 3.3228476821192054,
    "sampler_avg_driver_overhead_ms": 6.392732474626048,
    "sampler_avg_result_consumed_after_ms": 3.3228476821192054,
    "sampler_avg_result_available_after_ms": 0.4917218543046358,
    "sampler_avg_client_wall_time_ms": 6.392732474626048,
    "sampler_avg_query_startup_ms": 0.4917218543046358,
    "sampler_avg_exec_serialize_ms": 2.83112582781457,
    "sampler_avg_client_recv_ms": 3.069884792506843,
    "feat_x_avg_db_exec_time_ms": 0,
    "feat_x_avg_network_transfer_ms": 47.99503311258278,
    "feat_x_avg_driver_overhead_ms": 79.42894931238095,
    "feat_x_avg_result_consumed_after_ms": 47.99503311258278,
    "feat_x_avg_result_available_after_ms": 1.5778145695364238,
    "feat_x_avg_client_wall_time_ms": 79.42894931238095,
    "feat_x_avg_query_startup_ms": 1.5778145695364238,
    "feat_x_avg_exec_serialize_ms": 46.41721854304636,
    "feat_x_avg_client_recv_ms": 31.43391619979817,
    "topo_fetch_ms": 6.392732474626048
  }
}