{
  "sampler": {
    "plan_meta": {},
    "global": {
      "sample_count": 64,
      "avg_client_wall_time_ms": 5.6819391757017,
      "avg_result_available_after_ms": 0.609375,
      "avg_result_consumed_after_ms": 3.375,
      "avg_profile_total_time_ms": 0.0,
      "avg_global_memory_bytes": 0.0,
      "avg_root_rows": 0.0,
      "avg_root_db_hits": 0.0,
      "avg_page_cache_hits": 0.0,
      "avg_page_cache_misses": 0.0,
      "avg_db_exec_time_ms": 0,
      "avg_network_transfer_ms": 3.375,
      "avg_driver_overhead_ms": 5.6819391757017,
      "avg_query_startup_ms": 0.609375,
      "avg_exec_serialize_ms": 2.765625,
      "avg_client_recv_ms": 2.3069391757017
    },
    "operators": [],
    "top_by_time_ms": [],
    "top_by_db_hits": [],
    "top_by_memory_bytes": []
  },
  "feat_x": {
    "plan_meta": {},
    "global": {
      "sample_count": 64,
      "avg_client_wall_time_ms": 79.21750206878642,
      "avg_result_available_after_ms": 1.71875,
      "avg_result_consumed_after_ms": 48.796875,
      "avg_profile_total_time_ms": 0.0,
      "avg_global_memory_bytes": 0.0,
      "avg_root_rows": 0.0,
      "avg_root_db_hits": 0.0,
      "avg_page_cache_hits": 0.0,
      "avg_page_cache_misses": 0.0,
      "avg_db_exec_time_ms": 0,
      "avg_network_transfer_ms": 48.796875,
      "avg_driver_overhead_ms": 79.21750206878642,
      "avg_query_startup_ms": 1.71875,
      "avg_exec_serialize_ms": 47.078125,
      "avg_client_recv_ms": 30.420627068786416
    },
    "operators": [],
    "top_by_time_ms": [],
    "top_by_db_hits": [],
    "top_by_memory_bytes": []
  },
  "subphase_metrics": {
    "throughput_samples_per_s": 336.5269523659217,
    "epoch_time_s": {
      "count": 20,
      "total_s": 1.1909600351937115,
      "mean_s": 0.059548001759685575,
      "p50_s": 0.058774298056960106,
      "p90_s": 0.06528874798677863,
      "p99_s": 0.07844408847857265,
      "min_s": 0.050152035895735025,
      "max_s": 0.08043591491878033
    },
    "sampling_phase_time_s": {
      "count": 20,
      "total_s": 0.9771902449429035,
      "mean_s": 0.04885951224714517,
      "p50_s": 0.04851793288253248,
      "p90_s": 0.05417144484817982,
      "p99_s": 0.06249618536792694,
      "min_s": 0.040780187118798494,
      "max_s": 0.06426759995520115
    },
    "training_phase_time_s": {
      "count": 20,
      "total_s": 0.1918057561852038,
      "mean_s": 0.00959028780926019,
      "p50_s": 0.009013143600896,
      "p90_s": 0.010704197641462092,
      "p99_s": 0.015815768186002967,
      "min_s": 0.00833538407459855,
      "max_s": 0.01640772121027112
    },
    "convergence_time_s": null,
    "converged_epoch": null,
    "avg_cpu_utilization": null,
    "final_validation_accuracy": 0.2700000070226302,
    "best_validation_accuracy": 0.2700000070226302,
    "time_to_first_validation_accuracy_s": 0.5372470431029797,
    "time_to_best_accuracy_s": 7.6134317452088,
    "final_validation_loss": 1.7178106307983398,
    "best_validation_loss": 1.7178106307983398,
    "time_to_best_loss_s": 7.613441118039191,
    "final_test_accuracy": 0.2740000077515263,
    "best_test_accuracy": 0.2740000077515263,
    "time_to_best_test_accuracy_s": 8.093426124192774,
    "remote_feature_latency_s": {
      "count": 64,
      "total_s": 5.101427039131522,
      "mean_s": 0.07970979748643003,
      "p50_s": 0.096642178716138,
      "p90_s": 0.10891986358910799,
      "p99_s": 0.12272859521210189,
      "min_s": 0.02961133886128664,
      "max_s": 0.13500769762322307
    },
    "remote_feature_total_s": 5.101427039131522,
    "cache_hits": 64,
    "cache_misses": 64,
    "cache_hit_rate": 0.5,
    "validation_time_s": {
      "count": 20,
      "total_s": 6.322022672742605,
      "mean_s": 0.31610113363713027,
      "p50_s": 0.30870338901877403,
      "p90_s": 0.33604070427827537,
      "p99_s": 0.35451024053152647,
      "min_s": 0.3002438168041408,
      "max_s": 0.3570193159393966
    },
    "saving_weights_time_s": {
      "count": 20,
      "total_s": 0.00012021511793136597,
      "mean_s": 6.010755896568298e-06,
      "p50_s": 5.454523488879204e-06,
      "p90_s": 8.473219349980354e-06,
      "p99_s": 8.9578190818429e-06,
      "min_s": 4.9853697419166565e-06,
      "max_s": 9.047798812389374e-06
    },
    "batch_train_loss_mean": 1.6881526470184327,
    "avg_batch_nodes": 608.0,
    "avg_batch_edges": 1016.0,
    "avg_seed_node_ratio": 0.10556604450045526,
    "topo_query_sent_ms": null,
    "topo_first_record_ms": null,
    "topo_transfer_ms": null,
    "topo_etl_ms": 1.0263673393637873,
    "feat_x_query_sent_ms": null,
    "feat_x_first_record_ms": null,
    "feat_x_transfer_ms": null,
    "feat_x_etl_ms": 5.572353256866336,
    "feat_x_etl_parse_ms": null,
    "feat_y_query_sent_ms": null,
    "feat_y_first_record_ms": null,
    "feat_y_transfer_ms": null,
    "feat_y_etl_ms": null,
    "network_baseline_ms": 5.6819391757017,
    "avg_feat_bytes": 15246176.75,
    "sampler_avg_db_exec_time_ms": 0,
    "sampler_avg_network_transfer_ms": 3.375,
    "sampler_avg_driver_overhead_ms": 5.6819391757017,
    "sampler_avg_result_consumed_after_ms": 3.375,
    "sampler_avg_result_available_after_ms": 0.609375,
    "sampler_avg_client_wall_time_ms": 5.6819391757017,
    "sampler_avg_query_startup_ms": 0.609375,
    "sampler_avg_exec_serialize_ms": 2.765625,
    "sampler_avg_client_recv_ms": 2.3069391757017,
    "feat_x_avg_db_exec_time_ms": 0,
    "feat_x_avg_network_transfer_ms": 48.796875,
    "feat_x_avg_driver_overhead_ms": 79.21750206878642,
    "feat_x_avg_result_consumed_after_ms": 48.796875,
    "feat_x_avg_result_available_after_ms": 1.71875,
    "feat_x_avg_client_wall_time_ms": 79.21750206878642,
    "feat_x_avg_query_startup_ms": 1.71875,
    "feat_x_avg_exec_serialize_ms": 47.078125,
    "feat_x_avg_client_recv_ms": 30.420627068786416,
    "topo_fetch_ms": 5.6819391757017
  }
}