{
  "sampler": {
    "plan_meta": {},
    "global": {
      "sample_count": 454,
      "avg_client_wall_time_ms": 1.6860789134749725,
      "avg_result_available_after_ms": 0.23788546255506607,
      "avg_result_consumed_after_ms": 0.5881057268722467,
      "avg_profile_total_time_ms": 0.0,
      "avg_global_memory_bytes": 0.0,
      "avg_root_rows": 0.0,
      "avg_root_db_hits": 0.0,
      "avg_page_cache_hits": 0.0,
      "avg_page_cache_misses": 0.0,
      "avg_db_exec_time_ms": 0,
      "avg_network_transfer_ms": 0.5881057268722467,
      "avg_driver_overhead_ms": 1.6860789134749725,
      "avg_query_startup_ms": 0.23788546255506607,
      "avg_exec_serialize_ms": 0.3502202643171807,
      "avg_client_recv_ms": 1.0979731866027258
    },
    "operators": [],
    "top_by_time_ms": [],
    "top_by_db_hits": [],
    "top_by_memory_bytes": []
  },
  "feat_x": {
    "plan_meta": {},
    "global": {
      "sample_count": 454,
      "avg_client_wall_time_ms": 5.278185555108285,
      "avg_result_available_after_ms": 0.30837004405286345,
      "avg_result_consumed_after_ms": 2.905286343612335,
      "avg_profile_total_time_ms": 0.0,
      "avg_global_memory_bytes": 0.0,
      "avg_root_rows": 0.0,
      "avg_root_db_hits": 0.0,
      "avg_page_cache_hits": 0.0,
      "avg_page_cache_misses": 0.0,
      "avg_db_exec_time_ms": 0,
      "avg_network_transfer_ms": 2.905286343612335,
      "avg_driver_overhead_ms": 5.278185555108285,
      "avg_query_startup_ms": 0.30837004405286345,
      "avg_exec_serialize_ms": 2.5969162995594712,
      "avg_client_recv_ms": 2.3728992114959504
    },
    "operators": [],
    "top_by_time_ms": [],
    "top_by_db_hits": [],
    "top_by_memory_bytes": []
  },
  "subphase_metrics": {
    "throughput_samples_per_s": 1679.4884837931786,
    "epoch_time_s": {
      "count": 90,
      "total_s": 5.929971459554508,
      "mean_s": 0.06588857177282786,
      "p50_s": 0.03877097897930071,
      "p90_s": 0.04172148391371593,
      "p99_s": 1.188373942581238,
      "min_s": 0.03578545805066824,
      "max_s": 1.3102198749547824
    },
    "sampling_phase_time_s": {
      "count": 360,
      "total_s": 3.393518284894526,
      "mean_s": 0.009426439680262572,
      "p50_s": 0.00696654204512015,
      "p90_s": 0.008190882974304259,
      "p99_s": 0.114425742457388,
      "min_s": 0.005216042045503855,
      "max_s": 0.1292234999127686
    },
    "training_phase_time_s": {
      "count": 360,
      "total_s": 2.381952249677852,
      "mean_s": 0.0066165340268829215,
      "p50_s": 0.002446812519337982,
      "p90_s": 0.0027081164647825063,
      "p99_s": 0.1860913144715597,
      "min_s": 0.0020237499848008156,
      "max_s": 0.22789595799986273
    },
    "convergence_time_s": null,
    "converged_epoch": null,
    "avg_cpu_utilization": null,
    "final_validation_accuracy": 0.81,
    "best_validation_accuracy": 0.81,
    "time_to_first_validation_accuracy_s": 1.3980393330566585,
    "time_to_best_accuracy_s": 7.420894250040874,
    "final_validation_loss": 0.7135297656059265,
    "best_validation_loss": 0.7135297656059265,
    "time_to_best_loss_s": 7.713768542045727,
    "final_test_accuracy": 0.7660000228828847,
    "best_test_accuracy": 0.7660000228828847,
    "time_to_best_test_accuracy_s": 7.879191500018351,
    "remote_feature_latency_s": {
      "count": 454,
      "total_s": 2.5209699326660484,
      "mean_s": 0.005552797208515525,
      "p50_s": 0.004060020495671779,
      "p90_s": 0.008036537503357977,
      "p99_s": 0.0437885937886312,
      "min_s": 0.002779749920591712,
      "max_s": 0.05159020808059722
    },
    "remote_feature_total_s": 2.5209699326660484,
    "cache_hits": 454,
    "cache_misses": 454,
    "cache_hit_rate": 0.5,
    "validation_time_s": {
      "count": 90,
      "total_s": 1.7265168357407674,
      "mean_s": 0.01918352039711964,
      "p50_s": 0.018900187918916345,
      "p90_s": 0.020009533350821583,
      "p99_s": 0.02933065398945473,
      "min_s": 0.01758112490642816,
      "max_s": 0.031494874972850084
    },
    "saving_weights_time_s": {
      "count": 88,
      "total_s": 0.00022186862770467997,
      "mean_s": 2.5212344057349996e-06,
      "p50_s": 2.166023477911949e-06,
      "p90_s": 3.00002284348011e-06,
      "p99_s": 6.838460685685277e-06,
      "min_s": 1.6660196706652641e-06,
      "max_s": 6.875023245811462e-06
    },
    "batch_train_loss_mean": 0.7045362583878968,
    "avg_batch_nodes": 353.025,
    "avg_batch_edges": 568.075,
    "avg_seed_node_ratio": 0.08574140418622145,
    "topo_query_sent_ms": null,
    "topo_first_record_ms": null,
    "topo_transfer_ms": null,
    "topo_etl_ms": 0.1747503564877657,
    "feat_x_query_sent_ms": null,
    "feat_x_first_record_ms": null,
    "feat_x_transfer_ms": null,
    "feat_x_etl_ms": 0.41500247485673114,
    "feat_x_etl_parse_ms": null,
    "feat_y_query_sent_ms": null,
    "feat_y_first_record_ms": null,
    "feat_y_transfer_ms": null,
    "feat_y_etl_ms": null,
    "network_baseline_ms": 1.6860789134749725,
    "sampler_avg_db_exec_time_ms": 0,
    "sampler_avg_network_transfer_ms": 0.5881057268722467,
    "sampler_avg_driver_overhead_ms": 1.6860789134749725,
    "sampler_avg_result_consumed_after_ms": 0.5881057268722467,
    "sampler_avg_result_available_after_ms": 0.23788546255506607,
    "sampler_avg_client_wall_time_ms": 1.6860789134749725,
    "sampler_avg_query_startup_ms": 0.23788546255506607,
    "sampler_avg_exec_serialize_ms": 0.3502202643171807,
    "sampler_avg_client_recv_ms": 1.0979731866027258,
    "feat_x_avg_db_exec_time_ms": 0,
    "feat_x_avg_network_transfer_ms": 2.905286343612335,
    "feat_x_avg_driver_overhead_ms": 5.278185555108285,
    "feat_x_avg_result_consumed_after_ms": 2.905286343612335,
    "feat_x_avg_result_available_after_ms": 0.30837004405286345,
    "feat_x_avg_client_wall_time_ms": 5.278185555108285,
    "feat_x_avg_query_startup_ms": 0.30837004405286345,
    "feat_x_avg_exec_serialize_ms": 2.5969162995594712,
    "feat_x_avg_client_recv_ms": 2.3728992114959504,
    "topo_fetch_ms": 1.6860789134749725
  }
}