{
  "run": {
    "csv": "/Users/victorpekkari/Desktop/neo4j-mpgnn-thesis/experiment_results/results/run_0_2026-03-30/neo4j_udp_hybrid_last_hop/run_1/measurements.csv",
    "runtime_s": 7.878384583978914,
    "training_time_s": 7.633572875056416,
    "epochs_completed": 90,
    "batches_seen": 360,
    "nbr_training_datapoints": 140.0
  },
  "metrics": {
    "throughput_samples_per_s": 1650.6032242348745,
    "epoch_time_s": {
      "count": 90,
      "total_s": 6.075562038691714,
      "mean_s": 0.06750624487435239,
      "p50_s": 0.03908460453385487,
      "p90_s": 0.04268600889481604,
      "p99_s": 1.2716923851391766,
      "min_s": 0.03626724996138364,
      "max_s": 1.2865699579706416
    },
    "sampling_phase_time_s": {
      "count": 360,
      "total_s": 3.511168325669132,
      "mean_s": 0.009753245349080923,
      "p50_s": 0.006964353960938752,
      "p90_s": 0.008269245817791671,
      "p99_s": 0.12499908759025878,
      "min_s": 0.005457791965454817,
      "max_s": 0.14380362501833588
    },
    "training_phase_time_s": {
      "count": 360,
      "total_s": 2.391222210484557,
      "mean_s": 0.006642283918012658,
      "p50_s": 0.0024567084619775414,
      "p90_s": 0.002729745546821505,
      "p99_s": 0.19079936297144784,
      "min_s": 0.0018902919255197048,
      "max_s": 0.2087754999520257
    },
    "convergence_time_s": null,
    "converged_epoch": null,
    "avg_cpu_utilization": null,
    "final_validation_accuracy": 0.82,
    "best_validation_accuracy": 0.82,
    "time_to_first_validation_accuracy_s": 1.3613137919455767,
    "time_to_best_accuracy_s": 5.224578083958477,
    "final_validation_loss": 0.6753089427947998,
    "best_validation_loss": 0.6753089427947998,
    "time_to_best_loss_s": 7.878375499974936,
    "final_test_accuracy": 0.7750000233866339,
    "best_test_accuracy": 0.7750000233866339,
    "time_to_best_test_accuracy_s": 7.989946416928433,
    "remote_feature_latency_s": {
      "count": 454,
      "total_s": 2.518685891991481,
      "mean_s": 0.005547766281919562,
      "p50_s": 0.003982937487307936,
      "p90_s": 0.007901812356431037,
      "p99_s": 0.04212962003541168,
      "min_s": 0.002856958075426519,
      "max_s": 0.05901337508112192
    },
    "remote_feature_total_s": 2.518685891991481,
    "cache_hits": 454,
    "cache_misses": 454,
    "cache_hit_rate": 0.5,
    "validation_time_s": {
      "count": 90,
      "total_s": 1.741968464339152,
      "mean_s": 0.019355205159323912,
      "p50_s": 0.018999645486474037,
      "p90_s": 0.020471008669119328,
      "p99_s": 0.03130414467537775,
      "min_s": 0.016866249963641167,
      "max_s": 0.03154804196674377
    },
    "saving_weights_time_s": {
      "count": 84,
      "total_s": 0.00021954032126814127,
      "mean_s": 2.613575253192158e-06,
      "p50_s": 2.2079329937696457e-06,
      "p90_s": 4.0999730117619055e-06,
      "p99_s": 7.1346689946949495e-06,
      "min_s": 1.4159595593810081e-06,
      "max_s": 7.791910320520401e-06
    },
    "batch_train_loss_mean": 0.6650260799978343,
    "avg_batch_nodes": 354.6972222222222,
    "avg_batch_edges": 570.8472222222222,
    "avg_seed_node_ratio": 0.08534573261884891,
    "topo_query_sent_ms": null,
    "topo_first_record_ms": null,
    "topo_transfer_ms": null,
    "topo_etl_ms": 0.1736803376218427,
    "feat_x_query_sent_ms": null,
    "feat_x_first_record_ms": null,
    "feat_x_transfer_ms": null,
    "feat_x_etl_ms": 0.42010041283000477,
    "feat_x_etl_parse_ms": null,
    "feat_y_query_sent_ms": null,
    "feat_y_first_record_ms": null,
    "feat_y_transfer_ms": null,
    "feat_y_etl_ms": null,
    "network_baseline_ms": 1.840714737311383,
    "sampler_avg_db_exec_time_ms": 0,
    "sampler_avg_network_transfer_ms": 0.552863436123348,
    "sampler_avg_driver_overhead_ms": 1.840714737311383,
    "sampler_avg_result_consumed_after_ms": 0.552863436123348,
    "sampler_avg_result_available_after_ms": 0.31718061674008813,
    "sampler_avg_client_wall_time_ms": 1.840714737311383,
    "sampler_avg_query_startup_ms": 0.31718061674008813,
    "sampler_avg_exec_serialize_ms": 0.23568281938325986,
    "sampler_avg_client_recv_ms": 1.287851301188035,
    "feat_x_avg_db_exec_time_ms": 0,
    "feat_x_avg_network_transfer_ms": 2.8898678414096914,
    "feat_x_avg_driver_overhead_ms": 5.27443870156388,
    "feat_x_avg_result_consumed_after_ms": 2.8898678414096914,
    "feat_x_avg_result_available_after_ms": 0.32819383259911894,
    "feat_x_avg_client_wall_time_ms": 5.27443870156388,
    "feat_x_avg_query_startup_ms": 0.32819383259911894,
    "feat_x_avg_exec_serialize_ms": 2.5616740088105727,
    "feat_x_avg_client_recv_ms": 2.3845708601541884,
    "topo_fetch_ms": 1.840714737311383
  },
  "notes": [
    "GPU/CPU utilization and explicit DB write/query timings are not in the Measurer CSV (unless you log them); this parser will report None for those.",
    "throughput_samples_per_s assumes nbr_training_datapoints is per-epoch; if it's total across training, remove the * epochs_completed multiplier.",
    "remote_feature_total_s is a proxy for time spent waiting on remote feature reads (DB reads)."
  ]
}