{
  "sampler": {
    "plan_meta": {},
    "global": {
      "sample_count": 454,
      "avg_client_wall_time_ms": 4.763942889588175,
      "avg_result_available_after_ms": 0.29515418502202645,
      "avg_result_consumed_after_ms": 3.5176211453744495,
      "avg_profile_total_time_ms": 0.0,
      "avg_global_memory_bytes": 0.0,
      "avg_root_rows": 0.0,
      "avg_root_db_hits": 0.0,
      "avg_page_cache_hits": 0.0,
      "avg_page_cache_misses": 0.0,
      "avg_db_exec_time_ms": 0,
      "avg_network_transfer_ms": 3.5176211453744495,
      "avg_driver_overhead_ms": 4.763942889588175,
      "avg_query_startup_ms": 0.29515418502202645,
      "avg_exec_serialize_ms": 3.222466960352423,
      "avg_client_recv_ms": 1.2463217442137253
    },
    "operators": [],
    "top_by_time_ms": [],
    "top_by_db_hits": [],
    "top_by_memory_bytes": []
  },
  "feat_x": {
    "plan_meta": {},
    "global": {
      "sample_count": 454,
      "avg_client_wall_time_ms": 22.203082312103607,
      "avg_result_available_after_ms": 0.12555066079295155,
      "avg_result_consumed_after_ms": 1.4030837004405285,
      "avg_profile_total_time_ms": 0.0,
      "avg_global_memory_bytes": 0.0,
      "avg_root_rows": 0.0,
      "avg_root_db_hits": 0.0,
      "avg_page_cache_hits": 0.0,
      "avg_page_cache_misses": 0.0,
      "avg_db_exec_time_ms": 0,
      "avg_network_transfer_ms": 1.4030837004405285,
      "avg_driver_overhead_ms": 22.203082312103607,
      "avg_query_startup_ms": 0.12555066079295155,
      "avg_exec_serialize_ms": 1.277533039647577,
      "avg_client_recv_ms": 20.799998611663078
    },
    "operators": [],
    "top_by_time_ms": [],
    "top_by_db_hits": [],
    "top_by_memory_bytes": []
  },
  "subphase_metrics": {
    "throughput_samples_per_s": 832.1461858286224,
    "epoch_time_s": {
      "count": 90,
      "total_s": 12.546126694767736,
      "mean_s": 0.13940140771964152,
      "p50_s": 0.06571404152782634,
      "p90_s": 0.07200308294268326,
      "p99_s": 3.3459616232744884,
      "min_s": 0.057571457931771874,
      "max_s": 3.354933083988726
    },
    "sampling_phase_time_s": {
      "count": 360,
      "total_s": 10.918401919305325,
      "mean_s": 0.030328894220292568,
      "p50_s": 0.014684562047477812,
      "p90_s": 0.017458813113626095,
      "p99_s": 0.6936363147490201,
      "min_s": 0.01091758394613862,
      "max_s": 0.8652398750418797
    },
    "training_phase_time_s": {
      "count": 360,
      "total_s": 1.448904258897528,
      "mean_s": 0.004024734052493133,
      "p50_s": 0.001339645532425493,
      "p90_s": 0.0015357339871115983,
      "p99_s": 0.12033641251386173,
      "min_s": 0.0010106249246746302,
      "max_s": 0.13705775002017617
    },
    "convergence_time_s": null,
    "converged_epoch": null,
    "avg_cpu_utilization": null,
    "final_validation_accuracy": 0.82,
    "best_validation_accuracy": 0.85,
    "time_to_first_validation_accuracy_s": 3.4418034160044044,
    "time_to_best_accuracy_s": 12.215374083025381,
    "final_validation_loss": 0.6498246788978577,
    "best_validation_loss": 0.6498246788978577,
    "time_to_best_loss_s": 15.906366165960208,
    "final_test_accuracy": 0.7850000236327921,
    "best_test_accuracy": 0.7850000236327921,
    "time_to_best_test_accuracy_s": 16.05192958295811,
    "remote_feature_latency_s": {
      "count": 454,
      "total_s": 10.101135828648694,
      "mean_s": 0.022249197860459678,
      "p50_s": 0.009079875017050654,
      "p90_s": 0.018653392093256116,
      "p99_s": 0.6210817350039718,
      "min_s": 0.006608917028643191,
      "max_s": 0.8167283330112696
    },
    "remote_feature_total_s": 10.101135828648694,
    "cache_hits": 454,
    "cache_misses": 454,
    "cache_hit_rate": 0.5,
    "validation_time_s": {
      "count": 90,
      "total_s": 3.306482588406652,
      "mean_s": 0.03673869542674058,
      "p50_s": 0.03632993745850399,
      "p90_s": 0.0410436459351331,
      "p99_s": 0.04325404812931083,
      "min_s": 0.03216758300550282,
      "max_s": 0.04395766707602888
    },
    "saving_weights_time_s": {
      "count": 61,
      "total_s": 0.0001605837605893612,
      "mean_s": 2.632520665399364e-06,
      "p50_s": 2.250075340270996e-06,
      "p90_s": 3.7919962778687477e-06,
      "p99_s": 7.56599474698305e-06,
      "min_s": 1.375097781419754e-06,
      "max_s": 8.16606916487217e-06
    },
    "batch_train_loss_mean": 0.6253658324583538,
    "avg_batch_nodes": 356.30833333333334,
    "avg_batch_edges": 570.3638888888889,
    "avg_seed_node_ratio": 0.0849128738979015,
    "topo_query_sent_ms": null,
    "topo_first_record_ms": null,
    "topo_transfer_ms": null,
    "topo_etl_ms": 0.1737145555209746,
    "feat_x_query_sent_ms": null,
    "feat_x_first_record_ms": null,
    "feat_x_transfer_ms": null,
    "feat_x_etl_ms": 0.4308538525242211,
    "feat_x_etl_parse_ms": 2.214634591520719,
    "feat_y_query_sent_ms": null,
    "feat_y_first_record_ms": null,
    "feat_y_transfer_ms": null,
    "feat_y_etl_ms": null,
    "network_baseline_ms": 4.763942889588175,
    "sampler_avg_db_exec_time_ms": 0,
    "sampler_avg_network_transfer_ms": 3.5176211453744495,
    "sampler_avg_driver_overhead_ms": 4.763942889588175,
    "sampler_avg_result_consumed_after_ms": 3.5176211453744495,
    "sampler_avg_result_available_after_ms": 0.29515418502202645,
    "sampler_avg_client_wall_time_ms": 4.763942889588175,
    "sampler_avg_query_startup_ms": 0.29515418502202645,
    "sampler_avg_exec_serialize_ms": 3.222466960352423,
    "sampler_avg_client_recv_ms": 1.2463217442137253,
    "feat_x_avg_db_exec_time_ms": 0,
    "feat_x_avg_network_transfer_ms": 1.4030837004405285,
    "feat_x_avg_driver_overhead_ms": 22.203082312103607,
    "feat_x_avg_result_consumed_after_ms": 1.4030837004405285,
    "feat_x_avg_result_available_after_ms": 0.12555066079295155,
    "feat_x_avg_client_wall_time_ms": 22.203082312103607,
    "feat_x_avg_query_startup_ms": 0.12555066079295155,
    "feat_x_avg_exec_serialize_ms": 1.277533039647577,
    "feat_x_avg_client_recv_ms": 20.799998611663078,
    "topo_fetch_ms": 4.763942889588175
  }
}