{
  "run": {
    "csv": "/var/lib/neo4j/data/projects/neo4j-mpgnn-thesis/experiment_results/results/run_11_2026-05-13/baseline_pyg/run_7/measurements.csv",
    "runtime_s": 3.0772317508235574,
    "training_time_s": 3.012105967849493,
    "epochs_completed": 90,
    "batches_seen": 360,
    "nbr_training_datapoints": 140.0
  },
  "metrics": {
    "throughput_samples_per_s": 4183.119762216012,
    "epoch_time_s": {
      "count": 90,
      "total_s": 2.0844040946103632,
      "mean_s": 0.023160045495670703,
      "p50_s": 0.022715837694704533,
      "p90_s": 0.024725097324699172,
      "p99_s": 0.03495524689555168,
      "min_s": 0.020938050001859665,
      "max_s": 0.03821965167298913
    },
    "sampling_phase_time_s": {
      "count": 360,
      "total_s": 0.34654409578070045,
      "mean_s": 0.0009626224882797235,
      "p50_s": 0.0009337749797850847,
      "p90_s": 0.0010388138238340617,
      "p99_s": 0.0014791659358888893,
      "min_s": 0.0007924642413854599,
      "max_s": 0.0024187839590013027
    },
    "training_phase_time_s": {
      "count": 360,
      "total_s": 1.484252898953855,
      "mean_s": 0.004122924719316264,
      "p50_s": 0.0040334174409508705,
      "p90_s": 0.0044179420452564976,
      "p99_s": 0.006211725552566357,
      "min_s": 0.0035749441012740135,
      "max_s": 0.007923149969428778
    },
    "convergence_time_s": null,
    "converged_epoch": null,
    "avg_cpu_utilization": null,
    "final_validation_accuracy": 0.7700000232291697,
    "best_validation_accuracy": 0.784000023531529,
    "time_to_first_validation_accuracy_s": 0.10193353984504938,
    "time_to_best_accuracy_s": 2.418515814933926,
    "final_validation_loss": 0.8497853875160217,
    "best_validation_loss": 0.8371411561965942,
    "time_to_best_loss_s": 2.9476255737245083,
    "final_test_accuracy": 0.7900000238702793,
    "best_test_accuracy": 0.7900000238702793,
    "time_to_best_test_accuracy_s": 3.109488784801215,
    "remote_feature_latency_s": {
      "count": 0,
      "total_s": 0.0,
      "mean_s": null,
      "p50_s": null,
      "p90_s": null,
      "p99_s": null,
      "min_s": null,
      "max_s": null
    },
    "remote_feature_total_s": 0.0,
    "cache_hits": 0,
    "cache_misses": 0,
    "cache_hit_rate": null,
    "validation_time_s": {
      "count": 90,
      "total_s": 0.939002594910562,
      "mean_s": 0.010433362165672911,
      "p50_s": 0.010331543628126383,
      "p90_s": 0.011074929544702175,
      "p99_s": 0.012074531088583172,
      "min_s": 0.009599956218153238,
      "max_s": 0.012127926107496023
    },
    "saving_weights_time_s": {
      "count": 65,
      "total_s": 0.00048270169645547867,
      "mean_s": 7.426179945468903e-06,
      "p50_s": 5.447771400213242e-06,
      "p90_s": 6.598234176635742e-06,
      "p99_s": 4.270022734999653e-05,
      "min_s": 4.589557647705078e-06,
      "max_s": 8.484488353133202e-05
    },
    "batch_train_loss_mean": 0.6354965202976018,
    "avg_batch_nodes": 356.2111111111111,
    "avg_batch_edges": 570.6083333333333,
    "avg_seed_node_ratio": 0.08507476526055664,
    "topo_query_sent_ms": null,
    "topo_first_record_ms": null,
    "topo_transfer_ms": null,
    "topo_etl_ms": null,
    "feat_x_query_sent_ms": null,
    "feat_x_first_record_ms": null,
    "feat_x_transfer_ms": null,
    "feat_x_etl_ms": null,
    "feat_x_etl_parse_ms": null,
    "feat_y_query_sent_ms": null,
    "feat_y_first_record_ms": null,
    "feat_y_transfer_ms": null,
    "feat_y_etl_ms": null,
    "network_baseline_ms": null,
    "avg_feat_bytes": null
  },
  "notes": [
    "GPU/CPU utilization and explicit DB write/query timings are not in the Measurer CSV (unless you log them); this parser will report None for those.",
    "throughput_samples_per_s assumes nbr_training_datapoints is per-epoch; if it's total across training, remove the * epochs_completed multiplier.",
    "remote_feature_total_s is a proxy for time spent waiting on remote feature reads (DB reads)."
  ]
}