{
  "sampler": {
    "plan_meta": {},
    "global": {
      "sample_count": 3074,
      "avg_client_wall_time_ms": 37.38207323703898,
      "avg_result_available_after_ms": 0.5605074821080026,
      "avg_result_consumed_after_ms": 31.933962264150942,
      "avg_profile_total_time_ms": 0.0,
      "avg_global_memory_bytes": 0.0,
      "avg_root_rows": 0.0,
      "avg_root_db_hits": 0.0,
      "avg_page_cache_hits": 0.0,
      "avg_page_cache_misses": 0.0,
      "avg_db_exec_time_ms": 0,
      "avg_network_transfer_ms": 31.933962264150942,
      "avg_driver_overhead_ms": 37.38207323703898,
      "avg_query_startup_ms": 0.5605074821080026,
      "avg_exec_serialize_ms": 31.37345478204294,
      "avg_client_recv_ms": 5.448110972888038
    },
    "operators": [],
    "top_by_time_ms": [],
    "top_by_db_hits": [],
    "top_by_memory_bytes": []
  },
  "feat_x": {
    "plan_meta": {},
    "global": {
      "sample_count": 3074,
      "avg_client_wall_time_ms": 43.77390665854112,
      "avg_result_available_after_ms": 3.1789199739752765,
      "avg_result_consumed_after_ms": 35.44502277163305,
      "avg_profile_total_time_ms": 0.0,
      "avg_global_memory_bytes": 0.0,
      "avg_root_rows": 0.0,
      "avg_root_db_hits": 0.0,
      "avg_page_cache_hits": 0.0,
      "avg_page_cache_misses": 0.0,
      "avg_db_exec_time_ms": 0,
      "avg_network_transfer_ms": 35.44502277163305,
      "avg_driver_overhead_ms": 43.77390665854112,
      "avg_query_startup_ms": 3.1789199739752765,
      "avg_exec_serialize_ms": 32.26610279765777,
      "avg_client_recv_ms": 8.328883886908073
    },
    "operators": [],
    "top_by_time_ms": [],
    "top_by_db_hits": [],
    "top_by_memory_bytes": []
  },
  "subphase_metrics": {
    "throughput_samples_per_s": 511.3978474189162,
    "epoch_time_s": {
      "count": 1,
      "total_s": 384.6048735547811,
      "mean_s": 384.6048735547811,
      "p50_s": 384.6048735547811,
      "p90_s": 384.6048735547811,
      "p99_s": 384.6048735547811,
      "min_s": 384.6048735547811,
      "max_s": 384.6048735547811
    },
    "sampling_phase_time_s": {
      "count": 3072,
      "total_s": 305.50308244489133,
      "mean_s": 0.09944761798336306,
      "p50_s": 0.09612859482876956,
      "p90_s": 0.10836795819923281,
      "p99_s": 0.11840031464584172,
      "min_s": 0.08356251381337643,
      "max_s": 0.41953783575445414
    },
    "training_phase_time_s": {
      "count": 3072,
      "total_s": 57.939592618495226,
      "mean_s": 0.018860544472166414,
      "p50_s": 0.018724111141636968,
      "p90_s": 0.019552011974155903,
      "p99_s": 0.0239639357291162,
      "min_s": 0.01649133302271366,
      "max_s": 0.04212400782853365
    },
    "convergence_time_s": null,
    "converged_epoch": null,
    "avg_cpu_utilization": null,
    "final_validation_accuracy": 1.0,
    "best_validation_accuracy": 1.0,
    "time_to_first_validation_accuracy_s": 388.73071609903127,
    "time_to_best_accuracy_s": 388.73071609903127,
    "final_validation_loss": 0.289399117231369,
    "best_validation_loss": 0.289399117231369,
    "time_to_best_loss_s": 388.73072402505204,
    "final_test_accuracy": 0.6,
    "best_test_accuracy": 0.6,
    "time_to_best_test_accuracy_s": 389.7624276569113,
    "remote_feature_latency_s": {
      "count": 3074,
      "total_s": 138.01256584282964,
      "mean_s": 0.04489673579792767,
      "p50_s": 0.04320142394863069,
      "p90_s": 0.051085130171850325,
      "p99_s": 0.0567911237757653,
      "min_s": 0.0021699732169508934,
      "max_s": 0.06732997577637434
    },
    "remote_feature_total_s": 138.01256584282964,
    "cache_hits": 3074,
    "cache_misses": 3074,
    "cache_hit_rate": 0.5,
    "validation_time_s": {
      "count": 1,
      "total_s": 0.6007990408688784,
      "mean_s": 0.6007990408688784,
      "p50_s": 0.6007990408688784,
      "p90_s": 0.6007990408688784,
      "p99_s": 0.6007990408688784,
      "min_s": 0.6007990408688784,
      "max_s": 0.6007990408688784
    },
    "saving_weights_time_s": {
      "count": 1,
      "total_s": 9.3863345682621e-06,
      "mean_s": 9.3863345682621e-06,
      "p50_s": 9.3863345682621e-06,
      "p90_s": 9.3863345682621e-06,
      "p99_s": 9.3863345682621e-06,
      "min_s": 9.3863345682621e-06,
      "max_s": 9.3863345682621e-06
    },
    "batch_train_loss_mean": 0.992573101335438,
    "avg_batch_nodes": 3607.05859375,
    "avg_batch_edges": 3795.6871744791665,
    "avg_seed_node_ratio": 0.017745661129600254,
    "topo_query_sent_ms": null,
    "topo_first_record_ms": null,
    "topo_transfer_ms": null,
    "topo_etl_ms": 2.492522589363056,
    "feat_x_query_sent_ms": null,
    "feat_x_first_record_ms": null,
    "feat_x_transfer_ms": null,
    "feat_x_etl_ms": 4.5697513850201,
    "feat_x_etl_parse_ms": null,
    "feat_y_query_sent_ms": null,
    "feat_y_first_record_ms": null,
    "feat_y_transfer_ms": null,
    "feat_y_etl_ms": null,
    "network_baseline_ms": 37.38207323703898,
    "avg_feat_bytes": 532449.3168510085,
    "sampler_avg_db_exec_time_ms": 0,
    "sampler_avg_network_transfer_ms": 31.933962264150942,
    "sampler_avg_driver_overhead_ms": 37.38207323703898,
    "sampler_avg_result_consumed_after_ms": 31.933962264150942,
    "sampler_avg_result_available_after_ms": 0.5605074821080026,
    "sampler_avg_client_wall_time_ms": 37.38207323703898,
    "sampler_avg_query_startup_ms": 0.5605074821080026,
    "sampler_avg_exec_serialize_ms": 31.37345478204294,
    "sampler_avg_client_recv_ms": 5.448110972888038,
    "feat_x_avg_db_exec_time_ms": 0,
    "feat_x_avg_network_transfer_ms": 35.44502277163305,
    "feat_x_avg_driver_overhead_ms": 43.77390665854112,
    "feat_x_avg_result_consumed_after_ms": 35.44502277163305,
    "feat_x_avg_result_available_after_ms": 3.1789199739752765,
    "feat_x_avg_client_wall_time_ms": 43.77390665854112,
    "feat_x_avg_query_startup_ms": 3.1789199739752765,
    "feat_x_avg_exec_serialize_ms": 32.26610279765777,
    "feat_x_avg_client_recv_ms": 8.328883886908073,
    "topo_fetch_ms": 37.38207323703898
  }
}