{
  "sampler": {
    "plan_meta": {},
    "global": {
      "sample_count": 404,
      "avg_client_wall_time_ms": 7.250050066665995,
      "avg_result_available_after_ms": 0.46782178217821785,
      "avg_result_consumed_after_ms": 3.8613861386138613,
      "avg_profile_total_time_ms": 0.0,
      "avg_global_memory_bytes": 0.0,
      "avg_root_rows": 0.0,
      "avg_root_db_hits": 0.0,
      "avg_page_cache_hits": 0.0,
      "avg_page_cache_misses": 0.0,
      "avg_db_exec_time_ms": 0,
      "avg_network_transfer_ms": 3.8613861386138613,
      "avg_driver_overhead_ms": 7.250050066665995,
      "avg_query_startup_ms": 0.46782178217821785,
      "avg_exec_serialize_ms": 3.3935643564356432,
      "avg_client_recv_ms": 3.388663928052134
    },
    "operators": [],
    "top_by_time_ms": [],
    "top_by_db_hits": [],
    "top_by_memory_bytes": []
  },
  "feat_x": {
    "plan_meta": {},
    "global": {
      "sample_count": 404,
      "avg_client_wall_time_ms": 108.99172074594858,
      "avg_result_available_after_ms": 0.5024752475247525,
      "avg_result_consumed_after_ms": 41.98267326732673,
      "avg_profile_total_time_ms": 0.0,
      "avg_global_memory_bytes": 0.0,
      "avg_root_rows": 0.0,
      "avg_root_db_hits": 0.0,
      "avg_page_cache_hits": 0.0,
      "avg_page_cache_misses": 0.0,
      "avg_db_exec_time_ms": 0,
      "avg_network_transfer_ms": 41.98267326732673,
      "avg_driver_overhead_ms": 108.99172074594858,
      "avg_query_startup_ms": 0.5024752475247525,
      "avg_exec_serialize_ms": 41.48019801980198,
      "avg_client_recv_ms": 67.00904747862185
    },
    "operators": [],
    "top_by_time_ms": [],
    "top_by_db_hits": [],
    "top_by_memory_bytes": []
  },
  "subphase_metrics": {
    "throughput_samples_per_s": 408.21915411401733,
    "epoch_time_s": {
      "count": 200,
      "total_s": 0.02796065015718341,
      "mean_s": 0.00013980325078591705,
      "p50_s": 0.00012767850421369076,
      "p90_s": 0.0001442911569029093,
      "p99_s": 0.00023872186895459232,
      "min_s": 0.00011614058166742325,
      "max_s": 0.0010552559979259968
    },
    "sampling_phase_time_s": {
      "count": 0,
      "total_s": 0.0,
      "mean_s": null,
      "p50_s": null,
      "p90_s": null,
      "p99_s": null,
      "min_s": null,
      "max_s": null
    },
    "training_phase_time_s": {
      "count": 0,
      "total_s": 0.0,
      "mean_s": null,
      "p50_s": null,
      "p90_s": null,
      "p99_s": null,
      "min_s": null,
      "max_s": null
    },
    "convergence_time_s": null,
    "converged_epoch": null,
    "avg_cpu_utilization": null,
    "final_validation_accuracy": 0.1360000036313336,
    "best_validation_accuracy": 0.1360000036313336,
    "time_to_first_validation_accuracy_s": 0.4516318738460541,
    "time_to_best_accuracy_s": 0.4516318738460541,
    "final_validation_loss": 1.806631326675415,
    "best_validation_loss": 1.806631326675415,
    "time_to_best_loss_s": 0.45164352003484964,
    "final_test_accuracy": 0.1250000041829229,
    "best_test_accuracy": 0.1250000041829229,
    "time_to_best_test_accuracy_s": 59.60227141715586,
    "remote_feature_latency_s": {
      "count": 404,
      "total_s": 44.086275659967214,
      "mean_s": 0.10912444470288914,
      "p50_s": 0.10789247788488865,
      "p90_s": 0.11613235343247652,
      "p99_s": 0.11934810121078042,
      "min_s": 0.04793067695572972,
      "max_s": 0.1450625592842698
    },
    "remote_feature_total_s": 44.086275659967214,
    "cache_hits": 404,
    "cache_misses": 404,
    "cache_hit_rate": 0.5,
    "validation_time_s": {
      "count": 200,
      "total_s": 59.0608672760427,
      "mean_s": 0.2953043363802135,
      "p50_s": 0.294077034574002,
      "p90_s": 0.3010945445857942,
      "p99_s": 0.35515943703707187,
      "min_s": 0.2703542662784457,
      "max_s": 0.5072425259277225
    },
    "saving_weights_time_s": {
      "count": 1,
      "total_s": 8.153263479471207e-06,
      "mean_s": 8.153263479471207e-06,
      "p50_s": 8.153263479471207e-06,
      "p90_s": 8.153263479471207e-06,
      "p99_s": 8.153263479471207e-06,
      "min_s": 8.153263479471207e-06,
      "max_s": 8.153263479471207e-06
    },
    "batch_train_loss_mean": null,
    "avg_batch_nodes": null,
    "avg_batch_edges": null,
    "avg_seed_node_ratio": null,
    "topo_query_sent_ms": null,
    "topo_first_record_ms": null,
    "topo_transfer_ms": null,
    "topo_etl_ms": 1.2805622997739823,
    "feat_x_query_sent_ms": null,
    "feat_x_first_record_ms": null,
    "feat_x_transfer_ms": null,
    "feat_x_etl_ms": 6.394534491666473,
    "feat_x_etl_parse_ms": null,
    "feat_y_query_sent_ms": null,
    "feat_y_first_record_ms": null,
    "feat_y_transfer_ms": null,
    "feat_y_etl_ms": null,
    "network_baseline_ms": 7.250050066665995,
    "avg_feat_bytes": 21952813.87128713,
    "sampler_avg_db_exec_time_ms": 0,
    "sampler_avg_network_transfer_ms": 3.8613861386138613,
    "sampler_avg_driver_overhead_ms": 7.250050066665995,
    "sampler_avg_result_consumed_after_ms": 3.8613861386138613,
    "sampler_avg_result_available_after_ms": 0.46782178217821785,
    "sampler_avg_client_wall_time_ms": 7.250050066665995,
    "sampler_avg_query_startup_ms": 0.46782178217821785,
    "sampler_avg_exec_serialize_ms": 3.3935643564356432,
    "sampler_avg_client_recv_ms": 3.388663928052134,
    "feat_x_avg_db_exec_time_ms": 0,
    "feat_x_avg_network_transfer_ms": 41.98267326732673,
    "feat_x_avg_driver_overhead_ms": 108.99172074594858,
    "feat_x_avg_result_consumed_after_ms": 41.98267326732673,
    "feat_x_avg_result_available_after_ms": 0.5024752475247525,
    "feat_x_avg_client_wall_time_ms": 108.99172074594858,
    "feat_x_avg_query_startup_ms": 0.5024752475247525,
    "feat_x_avg_exec_serialize_ms": 41.48019801980198,
    "feat_x_avg_client_recv_ms": 67.00904747862185,
    "topo_fetch_ms": 7.250050066665995
  }
}