{
  "sampler": {
    "plan_meta": {},
    "global": {
      "sample_count": 770,
      "avg_client_wall_time_ms": 135.75666394120978,
      "avg_result_available_after_ms": 0.6844155844155844,
      "avg_result_consumed_after_ms": 124.22597402597403,
      "avg_profile_total_time_ms": 0.0,
      "avg_global_memory_bytes": 0.0,
      "avg_root_rows": 0.0,
      "avg_root_db_hits": 0.0,
      "avg_page_cache_hits": 0.0,
      "avg_page_cache_misses": 0.0,
      "avg_db_exec_time_ms": 0,
      "avg_network_transfer_ms": 124.22597402597403,
      "avg_driver_overhead_ms": 135.75666394120978,
      "avg_query_startup_ms": 0.6844155844155844,
      "avg_exec_serialize_ms": 123.54155844155844,
      "avg_client_recv_ms": 11.530689915235754
    },
    "operators": [],
    "top_by_time_ms": [],
    "top_by_db_hits": [],
    "top_by_memory_bytes": []
  },
  "feat_x": {
    "plan_meta": {},
    "global": {
      "sample_count": 770,
      "avg_client_wall_time_ms": 163.74638777214113,
      "avg_result_available_after_ms": 11.176623376623377,
      "avg_result_consumed_after_ms": 134.7948051948052,
      "avg_profile_total_time_ms": 0.0,
      "avg_global_memory_bytes": 0.0,
      "avg_root_rows": 0.0,
      "avg_root_db_hits": 0.0,
      "avg_page_cache_hits": 0.0,
      "avg_page_cache_misses": 0.0,
      "avg_db_exec_time_ms": 0,
      "avg_network_transfer_ms": 134.7948051948052,
      "avg_driver_overhead_ms": 163.74638777214113,
      "avg_query_startup_ms": 11.176623376623377,
      "avg_exec_serialize_ms": 123.61818181818182,
      "avg_client_recv_ms": 28.951582577335927
    },
    "operators": [],
    "top_by_time_ms": [],
    "top_by_db_hits": [],
    "top_by_memory_bytes": []
  },
  "subphase_metrics": {
    "throughput_samples_per_s": 575.3687584224853,
    "epoch_time_s": {
      "count": 1,
      "total_s": 342.3197373142466,
      "mean_s": 342.3197373142466,
      "p50_s": 342.3197373142466,
      "p90_s": 342.3197373142466,
      "p99_s": 342.3197373142466,
      "min_s": 342.3197373142466,
      "max_s": 342.3197373142466
    },
    "sampling_phase_time_s": {
      "count": 768,
      "total_s": 281.0763142975047,
      "mean_s": 0.3659847842415426,
      "p50_s": 0.3547517762053758,
      "p90_s": 0.4043841842096299,
      "p99_s": 0.4376755075948317,
      "min_s": 0.3261769888922572,
      "max_s": 0.8474597837775946
    },
    "training_phase_time_s": {
      "count": 768,
      "total_s": 43.04865237046033,
      "mean_s": 0.05605293277403689,
      "p50_s": 0.05509807914495468,
      "p90_s": 0.05758915515616537,
      "p99_s": 0.07948327354621146,
      "min_s": 0.05267184507101774,
      "max_s": 0.09552187519147992
    },
    "convergence_time_s": null,
    "converged_epoch": null,
    "avg_cpu_utilization": null,
    "final_validation_accuracy": 1.0,
    "best_validation_accuracy": 1.0,
    "time_to_first_validation_accuracy_s": 346.95971158659086,
    "time_to_best_accuracy_s": 346.95971158659086,
    "final_validation_loss": 0.4767076671123504,
    "best_validation_loss": 0.4767076671123504,
    "time_to_best_loss_s": 346.95971933659166,
    "final_test_accuracy": 0.58,
    "best_test_accuracy": 0.58,
    "time_to_best_test_accuracy_s": 347.9745582086034,
    "remote_feature_latency_s": {
      "count": 770,
      "total_s": 128.9268619371578,
      "mean_s": 0.1674374830352699,
      "p50_s": 0.16090469644404948,
      "p90_s": 0.1935698612127453,
      "p99_s": 0.20702012993860985,
      "min_s": 0.002511862199753523,
      "max_s": 0.27263028221204877
    },
    "remote_feature_total_s": 128.9268619371578,
    "cache_hits": 770,
    "cache_misses": 770,
    "cache_hit_rate": 0.5,
    "validation_time_s": {
      "count": 1,
      "total_s": 0.5816834927536547,
      "mean_s": 0.5816834927536547,
      "p50_s": 0.5816834927536547,
      "p90_s": 0.5816834927536547,
      "p99_s": 0.5816834927536547,
      "min_s": 0.5816834927536547,
      "max_s": 0.5816834927536547
    },
    "saving_weights_time_s": {
      "count": 1,
      "total_s": 7.939990609884262e-06,
      "mean_s": 7.939990609884262e-06,
      "p50_s": 7.939990609884262e-06,
      "p90_s": 7.939990609884262e-06,
      "p99_s": 7.939990609884262e-06,
      "min_s": 7.939990609884262e-06,
      "max_s": 7.939990609884262e-06
    },
    "batch_train_loss_mean": 1.416615281564494,
    "avg_batch_nodes": 14224.305989583334,
    "avg_batch_edges": 15138.342447916666,
    "avg_seed_node_ratio": 0.017998158407930186,
    "topo_query_sent_ms": null,
    "topo_first_record_ms": null,
    "topo_transfer_ms": null,
    "topo_etl_ms": 9.598185011342942,
    "feat_x_query_sent_ms": null,
    "feat_x_first_record_ms": null,
    "feat_x_transfer_ms": null,
    "feat_x_etl_ms": 17.24902665145792,
    "feat_x_etl_parse_ms": null,
    "feat_y_query_sent_ms": null,
    "feat_y_first_record_ms": null,
    "feat_y_transfer_ms": null,
    "feat_y_etl_ms": null,
    "network_baseline_ms": 135.75666394120978,
    "avg_feat_bytes": 2118495.064935065,
    "sampler_avg_db_exec_time_ms": 0,
    "sampler_avg_network_transfer_ms": 124.22597402597403,
    "sampler_avg_driver_overhead_ms": 135.75666394120978,
    "sampler_avg_result_consumed_after_ms": 124.22597402597403,
    "sampler_avg_result_available_after_ms": 0.6844155844155844,
    "sampler_avg_client_wall_time_ms": 135.75666394120978,
    "sampler_avg_query_startup_ms": 0.6844155844155844,
    "sampler_avg_exec_serialize_ms": 123.54155844155844,
    "sampler_avg_client_recv_ms": 11.530689915235754,
    "feat_x_avg_db_exec_time_ms": 0,
    "feat_x_avg_network_transfer_ms": 134.7948051948052,
    "feat_x_avg_driver_overhead_ms": 163.74638777214113,
    "feat_x_avg_result_consumed_after_ms": 134.7948051948052,
    "feat_x_avg_result_available_after_ms": 11.176623376623377,
    "feat_x_avg_client_wall_time_ms": 163.74638777214113,
    "feat_x_avg_query_startup_ms": 11.176623376623377,
    "feat_x_avg_exec_serialize_ms": 123.61818181818182,
    "feat_x_avg_client_recv_ms": 28.951582577335927,
    "topo_fetch_ms": 135.75666394120978
  }
}