{
  "run": {
    "csv": "/Users/victorpekkari/Desktop/neo4j-mpgnn-thesis/experiment_results/sampler_comparison/comparison_15/Neo4jNeighborSampler/run_13/measurements.csv",
    "runtime_s": 47.893067625002004,
    "training_time_s": 46.05444479099242,
    "epochs_completed": 100,
    "batches_seen": 400,
    "nbr_training_datapoints": 140.0
  },
  "metrics": {
    "throughput_samples_per_s": 303.98803119950315,
    "epoch_time_s": {
      "count": 100,
      "total_s": 12.648437122959876,
      "mean_s": 0.12648437122959877,
      "p50_s": 0.1246651249966817,
      "p90_s": 0.1335813042067457,
      "p99_s": 0.1451482387472062,
      "min_s": 0.11415070900693536,
      "max_s": 0.17145637501380406
    },
    "sampling_phase_time_s": {
      "count": 400,
      "total_s": 12.023978542885743,
      "mean_s": 0.03005994635721436,
      "p50_s": 0.029414187505608425,
      "p90_s": 0.03322222859133035,
      "p99_s": 0.04163836831779918,
      "min_s": 0.02572670902009122,
      "max_s": 0.05057758299517445
    },
    "training_phase_time_s": {
      "count": 400,
      "total_s": 0.5943008879839908,
      "mean_s": 0.001485752219959977,
      "p50_s": 0.001499354504630901,
      "p90_s": 0.001721763104433194,
      "p99_s": 0.001886181504523847,
      "min_s": 0.0011055000068154186,
      "max_s": 0.002239583001937717
    },
    "convergence_time_s": null,
    "converged_epoch": null,
    "avg_cpu_utilization": 57.10434782608695,
    "final_validation_accuracy": 0.7740000236367227,
    "best_validation_accuracy": 0.7820000239441813,
    "time_to_first_validation_accuracy_s": 1.9495344999886584,
    "time_to_best_accuracy_s": 20.588322249997873,
    "final_validation_loss": 0.8454441428184509,
    "best_validation_loss": 0.8323562145233154,
    "time_to_best_loss_s": 45.13078466698062,
    "final_test_accuracy": 0.7840000230513898,
    "best_test_accuracy": 0.7840000230513898,
    "time_to_best_test_accuracy_s": 48.66616220897413,
    "remote_feature_latency_s": {
      "count": 0,
      "total_s": 0.0,
      "mean_s": null,
      "p50_s": null,
      "p90_s": null,
      "p99_s": null,
      "min_s": null,
      "max_s": null
    },
    "remote_feature_total_s": 0.0,
    "cache_hits": 0,
    "cache_misses": 0,
    "cache_hit_rate": null,
    "validation_time_s": {
      "count": 100,
      "total_s": 33.808740543201566,
      "mean_s": 0.33808740543201565,
      "p50_s": 0.3363504790031584,
      "p90_s": 0.3490174088918138,
      "p99_s": 0.3973259875783698,
      "min_s": 0.31915004100301303,
      "max_s": 0.42408366699237376
    },
    "saving_weights_time_s": {
      "count": 66,
      "total_s": 0.0001489600690547377,
      "mean_s": 2.2569707432536013e-06,
      "p50_s": 2.145505277439952e-06,
      "p90_s": 2.52100289799273e-06,
      "p99_s": 4.375092976260906e-06,
      "min_s": 1.7499842215329409e-06,
      "max_s": 7.0829992182552814e-06
    },
    "batch_train_loss_mean": 0.5405815593060106,
    "avg_batch_nodes": 349.1025,
    "avg_batch_edges": 542.575,
    "avg_seed_node_ratio": 0.08617220305680162
  },
  "notes": [
    "GPU/CPU utilization and explicit DB write/query timings are not in the Measurer CSV (unless you log them); this parser will report None for those.",
    "throughput_samples_per_s assumes nbr_training_datapoints is per-epoch; if it's total across training, remove the * epochs_completed multiplier.",
    "remote_feature_total_s is a proxy for time spent waiting on remote feature reads (DB reads)."
  ]
}