{
  "sampler": {
    "plan_meta": {},
    "global": {
      "sample_count": 544,
      "avg_client_wall_time_ms": 4.922458271133056,
      "avg_result_available_after_ms": 0.6066176470588235,
      "avg_result_consumed_after_ms": 2.380514705882353,
      "avg_profile_total_time_ms": 0.0,
      "avg_global_memory_bytes": 0.0,
      "avg_root_rows": 0.0,
      "avg_root_db_hits": 0.0,
      "avg_page_cache_hits": 0.0,
      "avg_page_cache_misses": 0.0,
      "avg_db_exec_time_ms": 0,
      "avg_network_transfer_ms": 2.380514705882353,
      "avg_driver_overhead_ms": 4.922458271133056,
      "avg_query_startup_ms": 0.6066176470588235,
      "avg_exec_serialize_ms": 1.7738970588235294,
      "avg_client_recv_ms": 2.5419435652507034
    },
    "operators": [],
    "top_by_time_ms": [],
    "top_by_db_hits": [],
    "top_by_memory_bytes": []
  },
  "feat_x": {
    "plan_meta": {},
    "global": {
      "sample_count": 544,
      "avg_client_wall_time_ms": 31.50825226860915,
      "avg_result_available_after_ms": 1.3272058823529411,
      "avg_result_consumed_after_ms": 19.797794117647058,
      "avg_profile_total_time_ms": 0.0,
      "avg_global_memory_bytes": 0.0,
      "avg_root_rows": 0.0,
      "avg_root_db_hits": 0.0,
      "avg_page_cache_hits": 0.0,
      "avg_page_cache_misses": 0.0,
      "avg_db_exec_time_ms": 0,
      "avg_network_transfer_ms": 19.797794117647058,
      "avg_driver_overhead_ms": 31.50825226860915,
      "avg_query_startup_ms": 1.3272058823529411,
      "avg_exec_serialize_ms": 18.470588235294116,
      "avg_client_recv_ms": 11.710458150962094
    },
    "operators": [],
    "top_by_time_ms": [],
    "top_by_db_hits": [],
    "top_by_memory_bytes": []
  },
  "subphase_metrics": {
    "throughput_samples_per_s": 380.8084237275053,
    "epoch_time_s": {
      "count": 90,
      "total_s": 11.191308185923845,
      "mean_s": 0.12434786873248717,
      "p50_s": 0.1254912947770208,
      "p90_s": 0.13205073457211258,
      "p99_s": 0.1659855840960516,
      "min_s": 0.10349388094618917,
      "max_s": 0.38441824400797486
    },
    "sampling_phase_time_s": {
      "count": 360,
      "total_s": 7.735470452345908,
      "mean_s": 0.021487417923183077,
      "p50_s": 0.021573302568867803,
      "p90_s": 0.025631579430773856,
      "p99_s": 0.030074026887305087,
      "min_s": 0.01457684300839901,
      "max_s": 0.041315577924251556
    },
    "training_phase_time_s": {
      "count": 360,
      "total_s": 3.1911878595128655,
      "mean_s": 0.00886441072086907,
      "p50_s": 0.008103851461783051,
      "p90_s": 0.009089329512789845,
      "p99_s": 0.010851741237565882,
      "min_s": 0.006775919813662767,
      "max_s": 0.25688498793169856
    },
    "convergence_time_s": null,
    "converged_epoch": null,
    "avg_cpu_utilization": null,
    "final_validation_accuracy": 0.7760000233691124,
    "best_validation_accuracy": 0.7820000235090551,
    "time_to_first_validation_accuracy_s": 0.3891458320431411,
    "time_to_best_accuracy_s": 31.077616384252906,
    "final_validation_loss": 0.8622952103614807,
    "best_validation_loss": 0.8622952103614807,
    "time_to_best_loss_s": 33.42283899523318,
    "final_test_accuracy": 0.7760000234341313,
    "best_test_accuracy": 0.7760000234341313,
    "time_to_best_test_accuracy_s": 33.790785427205265,
    "remote_feature_latency_s": {
      "count": 544,
      "total_s": 17.320075451862067,
      "mean_s": 0.031838373992393504,
      "p50_s": 0.01529150316491723,
      "p90_s": 0.07565358513966201,
      "p99_s": 0.08881073402240874,
      "min_s": 0.008427760098129511,
      "max_s": 0.09050848009064794
    },
    "remote_feature_total_s": 17.320075451862067,
    "cache_hits": 544,
    "cache_misses": 544,
    "cache_hit_rate": 0.5,
    "validation_time_s": {
      "count": 90,
      "total_s": 22.178345096297562,
      "mean_s": 0.24642605662552847,
      "p50_s": 0.25792570458725095,
      "p90_s": 0.2670116469729692,
      "p99_s": 0.27491162239573896,
      "min_s": 0.208553918171674,
      "max_s": 0.2901073573157191
    },
    "saving_weights_time_s": {
      "count": 84,
      "total_s": 0.0005611609667539597,
      "mean_s": 6.680487699451901e-06,
      "p50_s": 6.463145837187767e-06,
      "p90_s": 7.7852513641119e-06,
      "p99_s": 9.692567400634294e-06,
      "min_s": 5.268026143312454e-06,
      "max_s": 1.2451782822608948e-05
    },
    "batch_train_loss_mean": 0.6585029265946812,
    "avg_batch_nodes": 354.4638888888889,
    "avg_batch_edges": 570.7555555555556,
    "avg_seed_node_ratio": 0.08548667183994589,
    "topo_query_sent_ms": null,
    "topo_first_record_ms": null,
    "topo_transfer_ms": null,
    "topo_etl_ms": 0.7948905087473309,
    "feat_x_query_sent_ms": null,
    "feat_x_first_record_ms": null,
    "feat_x_transfer_ms": null,
    "feat_x_etl_ms": 1.9912488171351417,
    "feat_x_etl_parse_ms": null,
    "feat_y_query_sent_ms": null,
    "feat_y_first_record_ms": null,
    "feat_y_transfer_ms": null,
    "feat_y_etl_ms": null,
    "network_baseline_ms": 4.922458271133056,
    "avg_feat_bytes": 3788177.6470588236,
    "sampler_avg_db_exec_time_ms": 0,
    "sampler_avg_network_transfer_ms": 2.380514705882353,
    "sampler_avg_driver_overhead_ms": 4.922458271133056,
    "sampler_avg_result_consumed_after_ms": 2.380514705882353,
    "sampler_avg_result_available_after_ms": 0.6066176470588235,
    "sampler_avg_client_wall_time_ms": 4.922458271133056,
    "sampler_avg_query_startup_ms": 0.6066176470588235,
    "sampler_avg_exec_serialize_ms": 1.7738970588235294,
    "sampler_avg_client_recv_ms": 2.5419435652507034,
    "feat_x_avg_db_exec_time_ms": 0,
    "feat_x_avg_network_transfer_ms": 19.797794117647058,
    "feat_x_avg_driver_overhead_ms": 31.50825226860915,
    "feat_x_avg_result_consumed_after_ms": 19.797794117647058,
    "feat_x_avg_result_available_after_ms": 1.3272058823529411,
    "feat_x_avg_client_wall_time_ms": 31.50825226860915,
    "feat_x_avg_query_startup_ms": 1.3272058823529411,
    "feat_x_avg_exec_serialize_ms": 18.470588235294116,
    "feat_x_avg_client_recv_ms": 11.710458150962094,
    "topo_fetch_ms": 4.922458271133056
  }
}