{
  "run": {
    "csv": "/Users/victorpekkari/Desktop/neo4j-mpgnn-thesis/experiment_results/sampler_comparison/comparison_15/Neo4jNeighborSampler/run_8/measurements.csv",
    "runtime_s": 47.98330087499926,
    "training_time_s": 46.055157042021165,
    "epochs_completed": 100,
    "batches_seen": 400,
    "nbr_training_datapoints": 140.0
  },
  "metrics": {
    "throughput_samples_per_s": 303.9833299716309,
    "epoch_time_s": {
      "count": 100,
      "total_s": 12.61953424513922,
      "mean_s": 0.12619534245139222,
      "p50_s": 0.12439414551772643,
      "p90_s": 0.13342305421538186,
      "p99_s": 0.14370051066565814,
      "min_s": 0.1160761250066571,
      "max_s": 0.18502574999001808
    },
    "sampling_phase_time_s": {
      "count": 400,
      "total_s": 11.98986131986021,
      "mean_s": 0.029974653299650527,
      "p50_s": 0.029343062517000362,
      "p90_s": 0.03265566699556076,
      "p99_s": 0.04218076308694435,
      "min_s": 0.026000707992352545,
      "max_s": 0.058006665989523754
    },
    "training_phase_time_s": {
      "count": 400,
      "total_s": 0.6032950420631096,
      "mean_s": 0.0015082376051577739,
      "p50_s": 0.0014564584998879582,
      "p90_s": 0.0016778786055510863,
      "p99_s": 0.0019851385260699315,
      "min_s": 0.0010858750029001385,
      "max_s": 0.014569416001904756
    },
    "convergence_time_s": null,
    "converged_epoch": null,
    "avg_cpu_utilization": 57.0304347826087,
    "final_validation_accuracy": 0.7620000232843164,
    "best_validation_accuracy": 0.7680000230616538,
    "time_to_first_validation_accuracy_s": 2.052141208027024,
    "time_to_best_accuracy_s": 42.516796833020635,
    "final_validation_loss": 0.8858321309089661,
    "best_validation_loss": 0.8742619752883911,
    "time_to_best_loss_s": 47.07752275001258,
    "final_test_accuracy": 0.7710000226627394,
    "best_test_accuracy": 0.7710000226627394,
    "time_to_best_test_accuracy_s": 48.78595641700667,
    "remote_feature_latency_s": {
      "count": 0,
      "total_s": 0.0,
      "mean_s": null,
      "p50_s": null,
      "p90_s": null,
      "p99_s": null,
      "min_s": null,
      "max_s": null
    },
    "remote_feature_total_s": 0.0,
    "cache_hits": 0,
    "cache_misses": 0,
    "cache_hit_rate": null,
    "validation_time_s": {
      "count": 100,
      "total_s": 33.83105029532453,
      "mean_s": 0.33831050295324533,
      "p50_s": 0.33659152100153733,
      "p90_s": 0.3503088829893386,
      "p99_s": 0.3900598768581404,
      "min_s": 0.3191744590003509,
      "max_s": 0.4017008750233799
    },
    "saving_weights_time_s": {
      "count": 68,
      "total_s": 0.0001557100040372461,
      "mean_s": 2.289853000547737e-06,
      "p50_s": 2.1875021047890186e-06,
      "p90_s": 2.6249996153637768e-06,
      "p99_s": 4.292359808459872e-06,
      "min_s": 1.7080164980143309e-06,
      "max_s": 6.832997314631939e-06
    },
    "batch_train_loss_mean": 0.5266322677768767,
    "avg_batch_nodes": 349.2525,
    "avg_batch_edges": 554.8625,
    "avg_seed_node_ratio": 0.08605135592928657
  },
  "notes": [
    "GPU/CPU utilization and explicit DB write/query timings are not in the Measurer CSV (unless you log them); this parser will report None for those.",
    "throughput_samples_per_s assumes nbr_training_datapoints is per-epoch; if it's total across training, remove the * epochs_completed multiplier.",
    "remote_feature_total_s is a proxy for time spent waiting on remote feature reads (DB reads)."
  ]
}