{
  "sampler": {
    "plan_meta": {},
    "global": {
      "sample_count": 454,
      "avg_client_wall_time_ms": 5.328395627008234,
      "avg_result_available_after_ms": 0.30837004405286345,
      "avg_result_consumed_after_ms": 4.072687224669603,
      "avg_profile_total_time_ms": 0.0,
      "avg_global_memory_bytes": 0.0,
      "avg_root_rows": 0.0,
      "avg_root_db_hits": 0.0,
      "avg_page_cache_hits": 0.0,
      "avg_page_cache_misses": 0.0,
      "avg_db_exec_time_ms": 0,
      "avg_network_transfer_ms": 4.072687224669603,
      "avg_driver_overhead_ms": 5.328395627008234,
      "avg_query_startup_ms": 0.30837004405286345,
      "avg_exec_serialize_ms": 3.7643171806167395,
      "avg_client_recv_ms": 1.2557084023386311
    },
    "operators": [],
    "top_by_time_ms": [],
    "top_by_db_hits": [],
    "top_by_memory_bytes": []
  },
  "feat_x": {
    "plan_meta": {},
    "global": {
      "sample_count": 454,
      "avg_client_wall_time_ms": 22.17415014732145,
      "avg_result_available_after_ms": 0.13215859030837004,
      "avg_result_consumed_after_ms": 1.4955947136563876,
      "avg_profile_total_time_ms": 0.0,
      "avg_global_memory_bytes": 0.0,
      "avg_root_rows": 0.0,
      "avg_root_db_hits": 0.0,
      "avg_page_cache_hits": 0.0,
      "avg_page_cache_misses": 0.0,
      "avg_db_exec_time_ms": 0,
      "avg_network_transfer_ms": 1.4955947136563876,
      "avg_driver_overhead_ms": 22.17415014732145,
      "avg_query_startup_ms": 0.13215859030837004,
      "avg_exec_serialize_ms": 1.3634361233480177,
      "avg_client_recv_ms": 20.67855543366506
    },
    "operators": [],
    "top_by_time_ms": [],
    "top_by_db_hits": [],
    "top_by_memory_bytes": []
  },
  "subphase_metrics": {
    "throughput_samples_per_s": 828.6220252472152,
    "epoch_time_s": {
      "count": 90,
      "total_s": 12.433139380533248,
      "mean_s": 0.1381459931170361,
      "p50_s": 0.06814547907561064,
      "p90_s": 0.0725470419973135,
      "p99_s": 3.1905262750724797,
      "min_s": 0.057249250006861985,
      "max_s": 3.239993624971248
    },
    "sampling_phase_time_s": {
      "count": 360,
      "total_s": 10.907180581474677,
      "mean_s": 0.03029772383742966,
      "p50_s": 0.015249687479808927,
      "p90_s": 0.01788077501114458,
      "p99_s": 0.6798424735933085,
      "min_s": 0.011211249977350235,
      "max_s": 0.8108150840271264
    },
    "training_phase_time_s": {
      "count": 360,
      "total_s": 1.363560400903225,
      "mean_s": 0.003787667780286736,
      "p50_s": 0.0013275414821691811,
      "p90_s": 0.0014731744187884033,
      "p99_s": 0.11096483206027197,
      "min_s": 0.0010177080985158682,
      "max_s": 0.12424325000029057
    },
    "convergence_time_s": null,
    "converged_epoch": null,
    "avg_cpu_utilization": null,
    "final_validation_accuracy": 0.86,
    "best_validation_accuracy": 0.88,
    "time_to_first_validation_accuracy_s": 3.3404790830099955,
    "time_to_best_accuracy_s": 14.805401457939297,
    "final_validation_loss": 0.6301606893539429,
    "best_validation_loss": 0.6257485151290894,
    "time_to_best_loss_s": 15.66723954200279,
    "final_test_accuracy": 0.788000023470196,
    "best_test_accuracy": 0.788000023470196,
    "time_to_best_test_accuracy_s": 16.209674832993187,
    "remote_feature_latency_s": {
      "count": 454,
      "total_s": 10.087500710738823,
      "mean_s": 0.02221916456109873,
      "p50_s": 0.009219875035341829,
      "p90_s": 0.019034850015304982,
      "p99_s": 0.6007710809668053,
      "min_s": 0.0069724590284749866,
      "max_s": 0.7579687499674037
    },
    "remote_feature_total_s": 10.087500710738823,
    "cache_hits": 454,
    "cache_misses": 454,
    "cache_hit_rate": 0.5,
    "validation_time_s": {
      "count": 90,
      "total_s": 3.4990847061853856,
      "mean_s": 0.038878718957615396,
      "p50_s": 0.039781708503142,
      "p90_s": 0.041324004414491355,
      "p99_s": 0.04528720337897539,
      "min_s": 0.03300483396742493,
      "max_s": 0.050267791957594454
    },
    "saving_weights_time_s": {
      "count": 64,
      "total_s": 0.00015158194582909346,
      "mean_s": 2.3684679035795853e-06,
      "p50_s": 2.3334287106990814e-06,
      "p90_s": 2.874992787837982e-06,
      "p99_s": 4.983169492334119e-06,
      "min_s": 1.5830155462026596e-06,
      "max_s": 7.082941010594368e-06
    },
    "batch_train_loss_mean": 0.6365135749025891,
    "avg_batch_nodes": 357.45,
    "avg_batch_edges": 573.2333333333333,
    "avg_seed_node_ratio": 0.0845974561363656,
    "topo_query_sent_ms": null,
    "topo_first_record_ms": null,
    "topo_transfer_ms": null,
    "topo_etl_ms": 0.17157542141819052,
    "feat_x_query_sent_ms": null,
    "feat_x_first_record_ms": null,
    "feat_x_transfer_ms": null,
    "feat_x_etl_ms": 0.4296507173533744,
    "feat_x_etl_parse_ms": 2.1366071284723995,
    "feat_y_query_sent_ms": null,
    "feat_y_first_record_ms": null,
    "feat_y_transfer_ms": null,
    "feat_y_etl_ms": null,
    "network_baseline_ms": 5.328395627008234,
    "sampler_avg_db_exec_time_ms": 0,
    "sampler_avg_network_transfer_ms": 4.072687224669603,
    "sampler_avg_driver_overhead_ms": 5.328395627008234,
    "sampler_avg_result_consumed_after_ms": 4.072687224669603,
    "sampler_avg_result_available_after_ms": 0.30837004405286345,
    "sampler_avg_client_wall_time_ms": 5.328395627008234,
    "sampler_avg_query_startup_ms": 0.30837004405286345,
    "sampler_avg_exec_serialize_ms": 3.7643171806167395,
    "sampler_avg_client_recv_ms": 1.2557084023386311,
    "feat_x_avg_db_exec_time_ms": 0,
    "feat_x_avg_network_transfer_ms": 1.4955947136563876,
    "feat_x_avg_driver_overhead_ms": 22.17415014732145,
    "feat_x_avg_result_consumed_after_ms": 1.4955947136563876,
    "feat_x_avg_result_available_after_ms": 0.13215859030837004,
    "feat_x_avg_client_wall_time_ms": 22.17415014732145,
    "feat_x_avg_query_startup_ms": 0.13215859030837004,
    "feat_x_avg_exec_serialize_ms": 1.3634361233480177,
    "feat_x_avg_client_recv_ms": 20.67855543366506,
    "topo_fetch_ms": 5.328395627008234
  }
}