{
  "config": {
    "dataset_name": "papers100M",
    "training_dataset_config": "papers100M",
    "training_implementation_config": "baseline_neo4j",
    "node_label": "Paper",
    "edge_type": "CITES",
    "feature_property": "feature_vector",
    "feature_property_type": "byte[]",
    "target_property": "subject",
    "nodeid_property": "id",
    "split_property_name": "split",
    "split_property_type": "str",
    "feature_dim": 128,
    "nbr_classes": 172,
    "node_counts": [
      1,
      2,
      4,
      8,
      16,
      32,
      64,
      128
    ],
    "nbr_runs": [
      3,
      3,
      3,
      3,
      3,
      3,
      3,
      3
    ],
    "inference_batch_size": 256,
    "num_neighbors": [
      10,
      5
    ],
    "num_hops": 2
  },
  "model": {
    "model_class": "GCN",
    "hidden_dim1": 256,
    "hidden_dim2": 128,
    "checkpoint_path": null,
    "model_name": "experiment_gcn_papers100M",
    "strategies": [
      "neighborhood_sampling",
      "in_db_java",
      "in_db_cypher_opt"
    ]
  },
  "results": {
    "1": {
      "neighborhood_sampling": {
        "accuracy": {
          "mean": 0.0,
          "ci95": 0.0
        },
        "total_time_s": {
          "mean": 0.7412938441460332,
          "ci95": 1.4213410179087205
        },
        "ms_per_node": {
          "mean": 741.2938441460332,
          "ci95": 1421.3410179087207
        },
        "throughput_nodes_per_s": {
          "mean": 43.96947835958025,
          "ci95": 46.15346807982368
        },
        "peak_memory_mb": {
          "mean": 0.04729239145914713,
          "ci95": 0.02787176250734705
        },
        "p50_batch_ms": {
          "mean": 103.95318952699502,
          "ci95": 191.68387011295312
        },
        "p95_batch_ms": {
          "mean": 103.95318952699502,
          "ci95": 191.68387011295312
        },
        "n_batches": {
          "mean": 1.0,
          "ci95": 0.0
        }
      },
      "in_db_java": {
        "accuracy": {
          "mean": 0.0,
          "ci95": 0.0
        },
        "total_time_s": {
          "mean": 0.01961476495489478,
          "ci95": 0.02862766967980641
        },
        "ms_per_node": {
          "mean": 19.61476495489478,
          "ci95": 28.62766967980641
        },
        "throughput_nodes_per_s": {
          "mean": 140.04129593894555,
          "ci95": 117.36983347268837
        },
        "peak_memory_mb": {
          "mean": 0.013033548990885416,
          "ci95": 0.0006031290690104167
        },
        "p50_batch_ms": {
          "mean": 19.598933402448893,
          "ci95": 28.623072593567773
        },
        "p95_batch_ms": {
          "mean": 19.598933402448893,
          "ci95": 28.623072593567773
        },
        "n_batches": {
          "mean": 1.0,
          "ci95": 0.0
        }
      },
      "_ns_vs_java_agreement": {
        "mean": 100.0,
        "ci95": 0.0
      }
    },
    "2": {
      "neighborhood_sampling": {
        "accuracy": {
          "mean": 0.5,
          "ci95": 0.0
        },
        "total_time_s": {
          "mean": 0.20872436634575328,
          "ci95": 0.3337653919444989
        },
        "ms_per_node": {
          "mean": 104.36218317287664,
          "ci95": 166.88269597224945
        },
        "throughput_nodes_per_s": {
          "mean": 67.92446413277537,
          "ci95": 101.22607108237928
        },
        "peak_memory_mb": {
          "mean": 0.04245313008626302,
          "ci95": 0.011673197358431527
        },
        "p50_batch_ms": {
          "mean": 3.1867297366261482,
          "ci95": 1.2551517368320297
        },
        "p95_batch_ms": {
          "mean": 3.1867297366261482,
          "ci95": 1.2551517368320297
        },
        "n_batches": {
          "mean": 1.0,
          "ci95": 0.0
        }
      },
      "in_db_java": {
        "accuracy": {
          "mean": 0.3333333333333333,
          "ci95": 0.3266666666666667
        },
        "total_time_s": {
          "mean": 0.019027740073700745,
          "ci95": 0.02001492324102269
        },
        "ms_per_node": {
          "mean": 9.513870036850372,
          "ci95": 10.007461620511346
        },
        "throughput_nodes_per_s": {
          "mean": 183.29710427270933,
          "ci95": 158.47770065566945
        },
        "peak_memory_mb": {
          "mean": 0.013272603352864584,
          "ci95": 0.0005091065441124524
        },
        "p50_batch_ms": {
          "mean": 19.00865805024902,
          "ci95": 20.00889201669514
        },
        "p95_batch_ms": {
          "mean": 19.00865805024902,
          "ci95": 20.00889201669514
        },
        "n_batches": {
          "mean": 1.0,
          "ci95": 0.0
        }
      },
      "_ns_vs_java_agreement": {
        "mean": 83.33333333333334,
        "ci95": 32.666666666666664
      }
    },
    "4": {
      "neighborhood_sampling": {
        "accuracy": {
          "mean": 0.5,
          "ci95": 0.2829016319029166
        },
        "total_time_s": {
          "mean": 0.01764829596504569,
          "ci95": 0.004022306611442105
        },
        "ms_per_node": {
          "mean": 4.412073991261423,
          "ci95": 1.005576652860526
        },
        "throughput_nodes_per_s": {
          "mean": 233.58811818112812,
          "ci95": 58.62946535708484
        },
        "peak_memory_mb": {
          "mean": 0.049634297688802086,
          "ci95": 0.014228269655844778
        },
        "p50_batch_ms": {
          "mean": 2.3957868106663227,
          "ci95": 0.08670744119598923
        },
        "p95_batch_ms": {
          "mean": 2.3957868106663227,
          "ci95": 0.08670744119598923
        },
        "n_batches": {
          "mean": 1.0,
          "ci95": 0.0
        }
      },
      "in_db_java": {
        "accuracy": {
          "mean": 0.5833333333333334,
          "ci95": 0.32666666666666666
        },
        "total_time_s": {
          "mean": 0.013074397885551056,
          "ci95": 0.003169807417348942
        },
        "ms_per_node": {
          "mean": 3.268599471387764,
          "ci95": 0.7924518543372354
        },
        "throughput_nodes_per_s": {
          "mean": 316.8354127320602,
          "ci95": 86.4494045164072
        },
        "peak_memory_mb": {
          "mean": 0.013104756673177084,
          "ci95": 0.0005183919270833334
        },
        "p50_batch_ms": {
          "mean": 13.058789695302645,
          "ci95": 3.1704476521080003
        },
        "p95_batch_ms": {
          "mean": 13.058789695302645,
          "ci95": 3.1704476521080003
        },
        "n_batches": {
          "mean": 1.0,
          "ci95": 0.0
        }
      },
      "_ns_vs_java_agreement": {
        "mean": 83.33333333333334,
        "ci95": 32.666666666666664
      }
    },
    "8": {
      "neighborhood_sampling": {
        "accuracy": {
          "mean": 0.25,
          "ci95": 0.1414508159514583
        },
        "total_time_s": {
          "mean": 0.10199547031273444,
          "ci95": 0.16039392417145562
        },
        "ms_per_node": {
          "mean": 12.749433789091805,
          "ci95": 20.049240521431955
        },
        "throughput_nodes_per_s": {
          "mean": 275.43241060230935,
          "ci95": 241.8474235167484
        },
        "peak_memory_mb": {
          "mean": 0.07861264546712239,
          "ci95": 0.0417537771261436
        },
        "p50_batch_ms": {
          "mean": 83.86947540566325,
          "ci95": 159.38809956133844
        },
        "p95_batch_ms": {
          "mean": 83.86947540566325,
          "ci95": 159.38809956133844
        },
        "n_batches": {
          "mean": 1.0,
          "ci95": 0.0
        }
      },
      "in_db_java": {
        "accuracy": {
          "mean": 0.25,
          "ci95": 0.1414508159514583
        },
        "total_time_s": {
          "mean": 0.013775728642940521,
          "ci95": 0.016199950048540208
        },
        "ms_per_node": {
          "mean": 1.7219660803675652,