{
  "run": {
    "csv": "/home/victor.pekkari/thesis-folder/neo4j-mpgnn-thesis/experiment_results/results/run_3_2026-05-11/measurements.csv",
    "runtime_s": 373.3286219309084,
    "training_time_s": 368.4948960710317,
    "epochs_completed": 1,
    "batches_seen": 1536,
    "nbr_training_datapoints": 196615.0
  },
  "metrics": {
    "throughput_samples_per_s": 533.5623426439539,
    "epoch_time_s": {
      "count": 1,
      "total_s": 368.83370496192947,
      "mean_s": 368.83370496192947,
      "p50_s": 368.83370496192947,
      "p90_s": 368.83370496192947,
      "p99_s": 368.83370496192947,
      "min_s": 368.83370496192947,
      "max_s": 368.83370496192947
    },
    "sampling_phase_time_s": {
      "count": 1536,
      "total_s": 299.3960376866162,
      "mean_s": 0.19491929536889074,
      "p50_s": 0.189509337535128,
      "p90_s": 0.21156491641886532,
      "p99_s": 0.2358535113045947,
      "min_s": 0.17087452486157417,
      "max_s": 0.5679591912776232
    },
    "training_phase_time_s": {
      "count": 1536,
      "total_s": 48.67016873182729,
      "mean_s": 0.03168630776811673,
      "p50_s": 0.03106945799663663,
      "p90_s": 0.0327031877823174,
      "p99_s": 0.04453600412234669,
      "min_s": 0.029447399079799652,
      "max_s": 0.06325162574648857
    },
    "convergence_time_s": null,
    "converged_epoch": null,
    "avg_cpu_utilization": null,
    "final_validation_accuracy": 1.0,
    "best_validation_accuracy": 1.0,
    "time_to_first_validation_accuracy_s": 373.3285704939626,
    "time_to_best_accuracy_s": 373.3285704939626,
    "final_validation_loss": 0.3467394411563873,
    "best_validation_loss": 0.3467394411563873,
    "time_to_best_loss_s": 373.32858069380745,
    "final_test_accuracy": 0.6,
    "best_test_accuracy": 0.6,
    "time_to_best_test_accuracy_s": 374.34561626659706,
    "remote_feature_latency_s": {
      "count": 1538,
      "total_s": 132.39539258554578,
      "mean_s": 0.08608283002961364,
      "p50_s": 0.08350161649286747,
      "p90_s": 0.09845859170891344,
      "p99_s": 0.10564661176409565,
      "min_s": 0.038565635681152344,
      "max_s": 0.30325345834717155
    },
    "remote_feature_total_s": 132.39539258554578,
    "cache_hits": 1538,
    "cache_misses": 1538,
    "cache_hit_rate": 0.5,
    "validation_time_s": {
      "count": 1,
      "total_s": 0.7171306400559843,
      "mean_s": 0.7171306400559843,
      "p50_s": 0.7171306400559843,
      "p90_s": 0.7171306400559843,
      "p99_s": 0.7171306400559843,
      "min_s": 0.7171306400559843,
      "max_s": 0.7171306400559843
    },
    "saving_weights_time_s": {
      "count": 1,
      "total_s": 1.0337214916944504e-05,
      "mean_s": 1.0337214916944504e-05,
      "p50_s": 1.0337214916944504e-05,
      "p90_s": 1.0337214916944504e-05,
      "p99_s": 1.0337214916944504e-05,
      "min_s": 1.0337214916944504e-05,
      "max_s": 1.0337214916944504e-05
    },
    "batch_train_loss_mean": 1.1500531514757313,
    "avg_batch_nodes": 7179.866536458333,
    "avg_batch_edges": 7583.742838541667,
    "avg_seed_node_ratio": 0.0178289277240551,
    "topo_query_sent_ms": null,
    "topo_first_record_ms": null,
    "topo_transfer_ms": null,
    "topo_etl_ms": 4.957941238755077,
    "feat_x_query_sent_ms": null,
    "feat_x_first_record_ms": null,
    "feat_x_transfer_ms": null,
    "feat_x_etl_ms": 8.928341255432434,
    "feat_x_etl_parse_ms": null,
    "feat_y_query_sent_ms": null,
    "feat_y_first_record_ms": null,
    "feat_y_transfer_ms": null,
    "feat_y_etl_ms": null,
    "network_baseline_ms": 76.03088948089673,
    "avg_feat_bytes": 1063004.1612483745,
    "sampler_avg_db_exec_time_ms": 0,
    "sampler_avg_network_transfer_ms": 67.81599479843953,
    "sampler_avg_driver_overhead_ms": 76.03088948089673,
    "sampler_avg_result_consumed_after_ms": 67.81599479843953,
    "sampler_avg_result_available_after_ms": 0.6326397919375812,
    "sampler_avg_client_wall_time_ms": 76.03088948089673,
    "sampler_avg_query_startup_ms": 0.6326397919375812,
    "sampler_avg_exec_serialize_ms": 67.18335500650196,
    "sampler_avg_client_recv_ms": 8.2148946824572,
    "feat_x_avg_db_exec_time_ms": 0,
    "feat_x_avg_network_transfer_ms": 68.57152145643693,
    "feat_x_avg_driver_overhead_ms": 83.99183017968338,
    "feat_x_avg_result_consumed_after_ms": 68.57152145643693,
    "feat_x_avg_result_available_after_ms": 5.7438231469440835,
    "feat_x_avg_client_wall_time_ms": 83.99183017968338,
    "feat_x_avg_query_startup_ms": 5.7438231469440835,
    "feat_x_avg_exec_serialize_ms": 62.827698309492845,
    "feat_x_avg_client_recv_ms": 15.42030872324645,
    "topo_fetch_ms": 76.03088948089673
  },
  "notes": [
    "GPU/CPU utilization and explicit DB write/query timings are not in the Measurer CSV (unless you log them); this parser will report None for those.",
    "throughput_samples_per_s assumes nbr_training_datapoints is per-epoch; if it's total across training, remove the * epochs_completed multiplier.",
    "remote_feature_total_s is a proxy for time spent waiting on remote feature reads (DB reads)."
  ]
}