{
  "sampler": {
    "plan_meta": {},
    "global": {
      "sample_count": 1538,
      "avg_client_wall_time_ms": 242.4644764954217,
      "avg_result_available_after_ms": 0.5513654096228868,
      "avg_result_consumed_after_ms": 237.6553966189857,
      "avg_profile_total_time_ms": 0.0,
      "avg_global_memory_bytes": 0.0,
      "avg_root_rows": 0.0,
      "avg_root_db_hits": 0.0,
      "avg_page_cache_hits": 0.0,
      "avg_page_cache_misses": 0.0,
      "avg_db_exec_time_ms": 0,
      "avg_network_transfer_ms": 237.6553966189857,
      "avg_driver_overhead_ms": 242.4644764954217,
      "avg_query_startup_ms": 0.5513654096228868,
      "avg_exec_serialize_ms": 237.1040312093628,
      "avg_client_recv_ms": 4.809079876436016
    },
    "operators": [],
    "top_by_time_ms": [],
    "top_by_db_hits": [],
    "top_by_memory_bytes": []
  },
  "feat_x": {
    "plan_meta": {},
    "global": {
      "sample_count": 1538,
      "avg_client_wall_time_ms": 75.65908829629498,
      "avg_result_available_after_ms": 2.554616384915475,
      "avg_result_consumed_after_ms": 66.81404421326398,
      "avg_profile_total_time_ms": 0.0,
      "avg_global_memory_bytes": 0.0,
      "avg_root_rows": 0.0,
      "avg_root_db_hits": 0.0,
      "avg_page_cache_hits": 0.0,
      "avg_page_cache_misses": 0.0,
      "avg_db_exec_time_ms": 0,
      "avg_network_transfer_ms": 66.81404421326398,
      "avg_driver_overhead_ms": 75.65908829629498,
      "avg_query_startup_ms": 2.554616384915475,
      "avg_exec_serialize_ms": 64.2594278283485,
      "avg_client_recv_ms": 8.845044083030999
    },
    "operators": [],
    "top_by_time_ms": [],
    "top_by_db_hits": [],
    "top_by_memory_bytes": []
  },
  "subphase_metrics": {
    "throughput_samples_per_s": 307.73891032547374,
    "epoch_time_s": {
      "count": 1,
      "total_s": 639.3287639841437,
      "mean_s": 639.3287639841437,
      "p50_s": 639.3287639841437,
      "p90_s": 639.3287639841437,
      "p99_s": 639.3287639841437,
      "min_s": 639.3287639841437,
      "max_s": 639.3287639841437
    },
    "sampling_phase_time_s": {
      "count": 1536,
      "total_s": 601.7722221175209,
      "mean_s": 0.3917787904410943,
      "p50_s": 0.3679254297167063,
      "p90_s": 0.5076332753524184,
      "p99_s": 0.6546547902282328,
      "min_s": 0.3143335790373385,
      "max_s": 0.7232130081392825
    },
    "training_phase_time_s": {
      "count": 1536,
      "total_s": 19.57798894448206,
      "mean_s": 0.012746086552397173,
      "p50_s": 0.01259032660163939,
      "p90_s": 0.013936795527115464,
      "p99_s": 0.015226353099569684,
      "min_s": 0.010584240779280663,
      "max_s": 0.02277743211016059
    },
    "convergence_time_s": null,
    "converged_epoch": null,
    "avg_cpu_utilization": null,
    "final_validation_accuracy": 1.0,
    "best_validation_accuracy": 1.0,
    "time_to_first_validation_accuracy_s": 643.27708191704,
    "time_to_best_accuracy_s": 643.27708191704,
    "final_validation_loss": 0.3826072514057159,
    "best_validation_loss": 0.3826072514057159,
    "time_to_best_loss_s": 643.2770917052403,
    "final_test_accuracy": 0.65,
    "best_test_accuracy": 0.65,
    "time_to_best_test_accuracy_s": 644.7233948851936,
    "remote_feature_latency_s": {
      "count": 1538,
      "total_s": 118.18412300059572,
      "mean_s": 0.07684273277021829,
      "p50_s": 0.0755844684317708,
      "p90_s": 0.08208869048394261,
      "p99_s": 0.09212325068656352,
      "min_s": 0.04557517124339938,
      "max_s": 0.20976987900212407
    },
    "remote_feature_total_s": 118.18412300059572,
    "cache_hits": 1538,
    "cache_misses": 1538,
    "cache_hit_rate": 0.5,
    "validation_time_s": {
      "count": 1,
      "total_s": 0.8803634569048882,
      "mean_s": 0.8803634569048882,
      "p50_s": 0.8803634569048882,
      "p90_s": 0.8803634569048882,
      "p99_s": 0.8803634569048882,
      "min_s": 0.8803634569048882,
      "max_s": 0.8803634569048882
    },
    "saving_weights_time_s": {
      "count": 1,
      "total_s": 1.658918336033821e-05,
      "mean_s": 1.658918336033821e-05,
      "p50_s": 1.658918336033821e-05,
      "p90_s": 1.658918336033821e-05,
      "p99_s": 1.658918336033821e-05,
      "min_s": 1.658918336033821e-05,
      "max_s": 1.658918336033821e-05
    },
    "batch_train_loss_mean": 0.7897107406752184,
    "avg_batch_nodes": 7178.670572916667,
    "avg_batch_edges": 7584.192057291667,
    "avg_seed_node_ratio": 0.017831877799140482,
    "topo_query_sent_ms": null,
    "topo_first_record_ms": null,
    "topo_transfer_ms": null,
    "topo_etl_ms": 3.6969308142510324,
    "feat_x_query_sent_ms": null,
    "feat_x_first_record_ms": null,
    "feat_x_transfer_ms": null,
    "feat_x_etl_ms": 7.807881382726356,
    "feat_x_etl_parse_ms": null,
    "feat_y_query_sent_ms": null,
    "feat_y_first_record_ms": null,
    "feat_y_transfer_ms": null,
    "feat_y_etl_ms": null,
    "network_baseline_ms": 242.4644764954217,
    "avg_feat_bytes": 2868861.118335501,
    "sampler_avg_db_exec_time_ms": 0,
    "sampler_avg_network_transfer_ms": 237.6553966189857,
    "sampler_avg_driver_overhead_ms": 242.4644764954217,
    "sampler_avg_result_consumed_after_ms": 237.6553966189857,
    "sampler_avg_result_available_after_ms": 0.5513654096228868,
    "sampler_avg_client_wall_time_ms": 242.4644764954217,
    "sampler_avg_query_startup_ms": 0.5513654096228868,
    "sampler_avg_exec_serialize_ms": 237.1040312093628,
    "sampler_avg_client_recv_ms": 4.809079876436016,
    "feat_x_avg_db_exec_time_ms": 0,
    "feat_x_avg_network_transfer_ms": 66.81404421326398,
    "feat_x_avg_driver_overhead_ms": 75.65908829629498,
    "feat_x_avg_result_consumed_after_ms": 66.81404421326398,
    "feat_x_avg_result_available_after_ms": 2.554616384915475,
    "feat_x_avg_client_wall_time_ms": 75.65908829629498,
    "feat_x_avg_query_startup_ms": 2.554616384915475,
    "feat_x_avg_exec_serialize_ms": 64.2594278283485,
    "feat_x_avg_client_recv_ms": 8.845044083030999,
    "topo_fetch_ms": 242.4644764954217
  }
}