{
  "run": {
    "csv": "/Users/victorpekkari/Desktop/neo4j-mpgnn-thesis/experiment_results/sampler_comparison/comparison_15/PyGNeighborLoader/run_2/measurements.csv",
    "runtime_s": 2.6597365829802584,
    "training_time_s": 1.1727150410006288,
    "epochs_completed": 100,
    "batches_seen": 400,
    "nbr_training_datapoints": 140.0
  },
  "metrics": {
    "throughput_samples_per_s": 11938.109012445499,
    "epoch_time_s": {
      "count": 100,
      "total_s": 0.6897935800661799,
      "mean_s": 0.006897935800661798,
      "p50_s": 0.006513916508993134,
      "p90_s": 0.006987125601153821,
      "p99_s": 0.02017711689491993,
      "min_s": 0.00533041701419279,
      "max_s": 0.028224125009728596
    },
    "sampling_phase_time_s": {
      "count": 400,
      "total_s": 0.13782716882997192,
      "mean_s": 0.0003445679220749298,
      "p50_s": 0.0003397710097488016,
      "p90_s": 0.0004043829976581037,
      "p99_s": 0.0005747729813447217,
      "min_s": 0.00023020899971015751,
      "max_s": 0.0009180830093100667
    },
    "training_phase_time_s": {
      "count": 400,
      "total_s": 0.5217202009807806,
      "mean_s": 0.0013043005024519516,
      "p50_s": 0.0012572080013342202,
      "p90_s": 0.0014436999888857828,
      "p99_s": 0.0020042347483104094,
      "min_s": 0.0009311249887105078,
      "max_s": 0.014600791997509077
    },
    "convergence_time_s": null,
    "converged_epoch": null,
    "avg_cpu_utilization": 138.4,
    "final_validation_accuracy": 0.7840000241116972,
    "best_validation_accuracy": 0.7840000241116972,
    "time_to_first_validation_accuracy_s": 1.5002943330036942,
    "time_to_best_accuracy_s": 2.659727541002212,
    "final_validation_loss": 0.8276407718658447,
    "best_validation_loss": 0.8276407718658447,
    "time_to_best_loss_s": 2.6597297499829438,
    "final_test_accuracy": 0.7880000236227402,
    "best_test_accuracy": 0.7880000236227402,
    "time_to_best_test_accuracy_s": 3.531264833000023,
    "remote_feature_latency_s": {
      "count": 0,
      "total_s": 0.0,
      "mean_s": null,
      "p50_s": null,
      "p90_s": null,
      "p99_s": null,
      "min_s": null,
      "max_s": null
    },
    "remote_feature_total_s": 0.0,
    "cache_hits": 0,
    "cache_misses": 0,
    "cache_hit_rate": null,
    "validation_time_s": {
      "count": 100,
      "total_s": 0.5044159568788018,
      "mean_s": 0.005044159568788018,
      "p50_s": 0.004988416985725053,
      "p90_s": 0.005358875004458242,
      "p99_s": 0.007046415908262136,
      "min_s": 0.0044473749876488,
      "max_s": 0.007463000016286969
    },
    "saving_weights_time_s": {
      "count": 77,
      "total_s": 0.0001772457908373326,
      "mean_s": 2.301893387497826e-06,
      "p50_s": 2.082990249618888e-06,
      "p90_s": 2.6661960873752846e-06,
      "p99_s": 7.081081857904791e-06,
      "min_s": 1.3750104699283838e-06,
      "max_s": 7.208000170066953e-06
    },
    "batch_train_loss_mean": 0.5857310152007267,
    "avg_batch_nodes": 353.2775,
    "avg_batch_edges": 569.5375,
    "avg_seed_node_ratio": 0.08597971936173746
  },
  "notes": [
    "GPU/CPU utilization and explicit DB write/query timings are not in the Measurer CSV (unless you log them); this parser will report None for those.",
    "throughput_samples_per_s assumes nbr_training_datapoints is per-epoch; if it's total across training, remove the * epochs_completed multiplier.",
    "remote_feature_total_s is a proxy for time spent waiting on remote feature reads (DB reads)."
  ]
}