{
  "run": {
    "csv": "/Users/victorpekkari/Desktop/neo4j-mpgnn-thesis/experiment_results/sampler_comparison/comparison_15/PyGNeighborLoader/run_4/measurements.csv",
    "runtime_s": 2.6470092499803286,
    "training_time_s": 1.1091003330075182,
    "epochs_completed": 100,
    "batches_seen": 400,
    "nbr_training_datapoints": 140.0
  },
  "metrics": {
    "throughput_samples_per_s": 12622.843563698667,
    "epoch_time_s": {
      "count": 100,
      "total_s": 0.6463030399463605,
      "mean_s": 0.006463030399463605,
      "p50_s": 0.006184770492836833,
      "p90_s": 0.006719512795098126,
      "p99_s": 0.018255844426748838,
      "min_s": 0.005142790992977098,
      "max_s": 0.023738999996567145
    },
    "sampling_phase_time_s": {
      "count": 400,
      "total_s": 0.13521068077534437,
      "mean_s": 0.0003380267019383609,
      "p50_s": 0.00030337450152728707,
      "p90_s": 0.0004220250091748312,
      "p99_s": 0.0005071639714878981,
      "min_s": 0.00022595797781832516,
      "max_s": 0.0066549590264912695
    },
    "training_phase_time_s": {
      "count": 400,
      "total_s": 0.4857738589053042,
      "mean_s": 0.0012144346472632605,
      "p50_s": 0.001170333503978327,
      "p90_s": 0.001482379194931127,
      "p99_s": 0.0017170990796876134,
      "min_s": 0.0009007499902509153,
      "max_s": 0.00713191699469462
    },
    "convergence_time_s": null,
    "converged_epoch": null,
    "avg_cpu_utilization": 137.05,
    "final_validation_accuracy": 0.7720000236142488,
    "best_validation_accuracy": 0.7880000240841238,
    "time_to_first_validation_accuracy_s": 1.54743083298672,
    "time_to_best_accuracy_s": 2.4713699579879176,
    "final_validation_loss": 0.8342227339744568,
    "best_validation_loss": 0.8169601559638977,
    "time_to_best_loss_s": 2.6366327079886105,
    "final_test_accuracy": 0.7910000236889604,
    "best_test_accuracy": 0.7910000236889604,
    "time_to_best_test_accuracy_s": 3.5831803329929244,
    "remote_feature_latency_s": {
      "count": 0,
      "total_s": 0.0,
      "mean_s": null,
      "p50_s": null,
      "p90_s": null,
      "p99_s": null,
      "min_s": null,
      "max_s": null
    },
    "remote_feature_total_s": 0.0,
    "cache_hits": 0,
    "cache_misses": 0,
    "cache_hit_rate": null,
    "validation_time_s": {
      "count": 100,
      "total_s": 0.4820843728957698,
      "mean_s": 0.004820843728957698,
      "p50_s": 0.004764145502122119,
      "p90_s": 0.005189899995457381,
      "p99_s": 0.0056679661729140225,
      "min_s": 0.004196750000119209,
      "max_s": 0.005932708998443559
    },
    "saving_weights_time_s": {
      "count": 71,
      "total_s": 0.0001595838402863592,
      "mean_s": 2.247659722343087e-06,
      "p50_s": 2.042012056335807e-06,
      "p90_s": 2.500019036233425e-06,
      "p99_s": 5.966192111372946e-06,
      "min_s": 1.5420082490891218e-06,
      "max_s": 6.374990334734321e-06
    },
    "batch_train_loss_mean": 0.5843449279107154,
    "avg_batch_nodes": 352.9475,
    "avg_batch_edges": 569.3625,
    "avg_seed_node_ratio": 0.08604942368463288
  },
  "notes": [
    "GPU/CPU utilization and explicit DB write/query timings are not in the Measurer CSV (unless you log them); this parser will report None for those.",
    "throughput_samples_per_s assumes nbr_training_datapoints is per-epoch; if it's total across training, remove the * epochs_completed multiplier.",
    "remote_feature_total_s is a proxy for time spent waiting on remote feature reads (DB reads)."
  ]
}