{
  "sampler": {
    "plan_meta": {},
    "global": {
      "sample_count": 727,
      "avg_client_wall_time_ms": 12.761525528574621,
      "avg_result_available_after_ms": 0.5818431911966988,
      "avg_result_consumed_after_ms": 7.579092159559835,
      "avg_profile_total_time_ms": 0.0,
      "avg_global_memory_bytes": 0.0,
      "avg_root_rows": 0.0,
      "avg_root_db_hits": 0.0,
      "avg_page_cache_hits": 0.0,
      "avg_page_cache_misses": 0.0,
      "avg_db_exec_time_ms": 0,
      "avg_network_transfer_ms": 7.579092159559835,
      "avg_driver_overhead_ms": 12.761525528574621,
      "avg_query_startup_ms": 0.5818431911966988,
      "avg_exec_serialize_ms": 6.997248968363136,
      "avg_client_recv_ms": 5.182433369014786
    },
    "operators": [],
    "top_by_time_ms": [],
    "top_by_db_hits": [],
    "top_by_memory_bytes": []
  },
  "feat_x": {
    "plan_meta": {},
    "global": {
      "sample_count": 727,
      "avg_client_wall_time_ms": 668.6087394936428,
      "avg_result_available_after_ms": 3.204951856946355,
      "avg_result_consumed_after_ms": 349.1375515818432,
      "avg_profile_total_time_ms": 0.0,
      "avg_global_memory_bytes": 0.0,
      "avg_root_rows": 0.0,
      "avg_root_db_hits": 0.0,
      "avg_page_cache_hits": 0.0,
      "avg_page_cache_misses": 0.0,
      "avg_db_exec_time_ms": 0,
      "avg_network_transfer_ms": 349.1375515818432,
      "avg_driver_overhead_ms": 668.6087394936428,
      "avg_query_startup_ms": 3.204951856946355,
      "avg_exec_serialize_ms": 345.9325997248968,
      "avg_client_recv_ms": 319.47118791179963
    },
    "operators": [],
    "top_by_time_ms": [],
    "top_by_db_hits": [],
    "top_by_memory_bytes": []
  },
  "subphase_metrics": {
    "throughput_samples_per_s": 101.7189133629578,
    "epoch_time_s": {
      "count": 2,
      "total_s": 306.8985794899054,
      "mean_s": 153.4492897449527,
      "p50_s": 153.4492897449527,
      "p90_s": 154.3248326696921,
      "p99_s": 154.5218298277585,
      "min_s": 152.35486108902842,
      "max_s": 154.54371840087697
    },
    "sampling_phase_time_s": {
      "count": 646,
      "total_s": 271.86487032845616,
      "mean_s": 0.42084345252083,
      "p50_s": 0.3941409564577043,
      "p90_s": 0.5039999219588935,
      "p99_s": 0.7722098753089085,
      "min_s": 0.3101543067023158,
      "max_s": 0.819935061968863
    },
    "training_phase_time_s": {
      "count": 646,
      "total_s": 32.817571569699794,
      "mean_s": 0.05080119438034024,
      "p50_s": 0.05102144065313041,
      "p90_s": 0.05548079591244459,
      "p99_s": 0.05874789599329233,
      "min_s": 0.03752950904890895,
      "max_s": 0.06047655222937465
    },
    "convergence_time_s": null,
    "converged_epoch": null,
    "avg_cpu_utilization": null,
    "final_validation_accuracy": 0.9504204046458375,
    "best_validation_accuracy": 0.9504204046458375,
    "time_to_first_validation_accuracy_s": 253.35361568583176,
    "time_to_best_accuracy_s": 504.00603861687705,
    "final_validation_loss": 0.1704811155796051,
    "best_validation_loss": 0.1704811155796051,
    "time_to_best_loss_s": 504.00605230778456,
    "final_test_accuracy": 0.9439130012961258,
    "best_test_accuracy": 0.9439130012961258,
    "time_to_best_test_accuracy_s": 594.9935581670143,
    "remote_feature_latency_s": {
      "count": 727,
      "total_s": 486.6623944481835,
      "mean_s": 0.669411821799427,
      "p50_s": 0.33914912631735206,
      "p90_s": 2.790292934514582,
      "p99_s": 3.930967658925802,
      "min_s": 0.25208635115996003,
      "max_s": 4.431260604877025
    },
    "remote_feature_total_s": 486.6623944481835,
    "cache_hits": 727,
    "cache_misses": 727,
    "cache_hit_rate": 0.5,
    "validation_time_s": {
      "count": 2,
      "total_s": 196.67299365298823,
      "mean_s": 98.33649682649411,
      "p50_s": 98.33649682649411,
      "p90_s": 100.11877473224885,
      "p99_s": 100.51978726104367,
      "min_s": 96.10864944430068,
      "max_s": 100.56434420868754
    },
    "saving_weights_time_s": {
      "count": 2,
      "total_s": 2.772221341729164e-05,
      "mean_s": 1.386110670864582e-05,
      "p50_s": 1.386110670864582e-05,
      "p90_s": 1.70393381267786e-05,
      "p99_s": 1.775444019585848e-05,
      "min_s": 9.888317435979843e-06,
      "max_s": 1.7833895981311798e-05
    },
    "batch_train_loss_mean": 0.2254695770829547,
    "avg_batch_nodes": 2106.2275541795666,
    "avg_batch_edges": 2884.7925696594425,
    "avg_seed_node_ratio": 0.030469861613534575,
    "topo_query_sent_ms": null,
    "topo_first_record_ms": null,
    "topo_transfer_ms": null,
    "topo_etl_ms": 1.982917185447485,
    "feat_x_query_sent_ms": null,
    "feat_x_first_record_ms": null,
    "feat_x_transfer_ms": null,
    "feat_x_etl_ms": 32.63372878519693,
    "feat_x_etl_parse_ms": null,
    "feat_y_query_sent_ms": null,
    "feat_y_first_record_ms": null,
    "feat_y_transfer_ms": null,
    "feat_y_etl_ms": null,
    "network_baseline_ms": 12.761525528574621,
    "avg_feat_bytes": 46057158.56946355,
    "sampler_avg_db_exec_time_ms": 0,
    "sampler_avg_network_transfer_ms": 7.579092159559835,
    "sampler_avg_driver_overhead_ms": 12.761525528574621,
    "sampler_avg_result_consumed_after_ms": 7.579092159559835,
    "sampler_avg_result_available_after_ms": 0.5818431911966988,
    "sampler_avg_client_wall_time_ms": 12.761525528574621,
    "sampler_avg_query_startup_ms": 0.5818431911966988,
    "sampler_avg_exec_serialize_ms": 6.997248968363136,
    "sampler_avg_client_recv_ms": 5.182433369014786,
    "feat_x_avg_db_exec_time_ms": 0,
    "feat_x_avg_network_transfer_ms": 349.1375515818432,
    "feat_x_avg_driver_overhead_ms": 668.6087394936428,
    "feat_x_avg_result_consumed_after_ms": 349.1375515818432,
    "feat_x_avg_result_available_after_ms": 3.204951856946355,
    "feat_x_avg_client_wall_time_ms": 668.6087394936428,
    "feat_x_avg_query_startup_ms": 3.204951856946355,
    "feat_x_avg_exec_serialize_ms": 345.9325997248968,
    "feat_x_avg_client_recv_ms": 319.47118791179963,
    "topo_fetch_ms": 12.761525528574621
  }
}