{
  "run": {
    "csv": "/Users/victorpekkari/Desktop/neo4j-mpgnn-thesis/experiment_results/sampler_comparison/comparison_15/Neo4jNeighborSampler/run_14/measurements.csv",
    "runtime_s": 47.87016795901582,
    "training_time_s": 46.02806650000275,
    "epochs_completed": 100,
    "batches_seen": 400,
    "nbr_training_datapoints": 140.0
  },
  "metrics": {
    "throughput_samples_per_s": 304.1622441385663,
    "epoch_time_s": {
      "count": 100,
      "total_s": 12.698868744890206,
      "mean_s": 0.12698868744890204,
      "p50_s": 0.12478431248746347,
      "p90_s": 0.13397293361194898,
      "p99_s": 0.17744535684352747,
      "min_s": 0.11390879200189374,
      "max_s": 0.19087874999968335
    },
    "sampling_phase_time_s": {
      "count": 400,
      "total_s": 12.056974458188051,
      "mean_s": 0.030142436145470127,
      "p50_s": 0.028969042003154755,
      "p90_s": 0.034128579488606196,
      "p99_s": 0.04223060583288315,
      "min_s": 0.024901374999899417,
      "max_s": 0.08235524999327026
    },
    "training_phase_time_s": {
      "count": 400,
      "total_s": 0.6103324233263265,
      "mean_s": 0.0015258310583158164,
      "p50_s": 0.001461228501284495,
      "p90_s": 0.0017160040966700764,
      "p99_s": 0.0019325073281652291,
      "min_s": 0.001090957986889407,
      "max_s": 0.014058457978535444
    },
    "convergence_time_s": null,
    "converged_epoch": null,
    "avg_cpu_utilization": 57.11304347826086,
    "final_validation_accuracy": 0.7700000231566487,
    "best_validation_accuracy": 0.7740000233466385,
    "time_to_first_validation_accuracy_s": 1.9746888750232756,
    "time_to_best_accuracy_s": 43.685718542023096,
    "final_validation_loss": 0.8412123918533325,
    "best_validation_loss": 0.837303638458252,
    "time_to_best_loss_s": 43.68572375000804,
    "final_test_accuracy": 0.7720000230915973,
    "best_test_accuracy": 0.7720000230915973,
    "time_to_best_test_accuracy_s": 48.76410733402008,
    "remote_feature_latency_s": {
      "count": 0,
      "total_s": 0.0,
      "mean_s": null,
      "p50_s": null,
      "p90_s": null,
      "p99_s": null,
      "min_s": null,
      "max_s": null
    },
    "remote_feature_total_s": 0.0,
    "cache_hits": 0,
    "cache_misses": 0,
    "cache_hit_rate": null,
    "validation_time_s": {
      "count": 100,
      "total_s": 33.732014247303596,
      "mean_s": 0.33732014247303593,
      "p50_s": 0.3364868334901985,
      "p90_s": 0.3461431333213113,
      "p99_s": 0.38854211923084236,
      "min_s": 0.3182503750140313,
      "max_s": 0.41875308300950564
    },
    "saving_weights_time_s": {
      "count": 74,
      "total_s": 0.00022108416305854917,
      "mean_s": 2.9876238251155293e-06,
      "p50_s": 2.1249870769679546e-06,
      "p90_s": 2.779389615170658e-06,
      "p99_s": 1.7973674403037706e-05,
      "min_s": 1.7500133253633976e-06,
      "max_s": 4.933300078846514e-05
    },
    "batch_train_loss_mean": 0.5641989312088117,
    "avg_batch_nodes": 349.8675,
    "avg_batch_edges": 564.7825,
    "avg_seed_node_ratio": 0.08656314215915735
  },
  "notes": [
    "GPU/CPU utilization and explicit DB write/query timings are not in the Measurer CSV (unless you log them); this parser will report None for those.",
    "throughput_samples_per_s assumes nbr_training_datapoints is per-epoch; if it's total across training, remove the * epochs_completed multiplier.",
    "remote_feature_total_s is a proxy for time spent waiting on remote feature reads (DB reads)."
  ]
}