{
  "sampler": {
    "plan_meta": {},
    "global": {
      "sample_count": 544,
      "avg_client_wall_time_ms": 4.951106794418164,
      "avg_result_available_after_ms": 0.5772058823529411,
      "avg_result_consumed_after_ms": 2.4761029411764706,
      "avg_profile_total_time_ms": 0.0,
      "avg_global_memory_bytes": 0.0,
      "avg_root_rows": 0.0,
      "avg_root_db_hits": 0.0,
      "avg_page_cache_hits": 0.0,
      "avg_page_cache_misses": 0.0,
      "avg_db_exec_time_ms": 0,
      "avg_network_transfer_ms": 2.4761029411764706,
      "avg_driver_overhead_ms": 4.951106794418164,
      "avg_query_startup_ms": 0.5772058823529411,
      "avg_exec_serialize_ms": 1.8988970588235294,
      "avg_client_recv_ms": 2.475003853241694
    },
    "operators": [],
    "top_by_time_ms": [],
    "top_by_db_hits": [],
    "top_by_memory_bytes": []
  },
  "feat_x": {
    "plan_meta": {},
    "global": {
      "sample_count": 544,
      "avg_client_wall_time_ms": 33.42244394469376,
      "avg_result_available_after_ms": 1.3253676470588236,
      "avg_result_consumed_after_ms": 21.547794117647058,
      "avg_profile_total_time_ms": 0.0,
      "avg_global_memory_bytes": 0.0,
      "avg_root_rows": 0.0,
      "avg_root_db_hits": 0.0,
      "avg_page_cache_hits": 0.0,
      "avg_page_cache_misses": 0.0,
      "avg_db_exec_time_ms": 0,
      "avg_network_transfer_ms": 21.547794117647058,
      "avg_driver_overhead_ms": 33.42244394469376,
      "avg_query_startup_ms": 1.3253676470588236,
      "avg_exec_serialize_ms": 20.222426470588236,
      "avg_client_recv_ms": 11.874649827046703
    },
    "operators": [],
    "top_by_time_ms": [],
    "top_by_db_hits": [],
    "top_by_memory_bytes": []
  },
  "subphase_metrics": {
    "throughput_samples_per_s": 370.9240215726394,
    "epoch_time_s": {
      "count": 90,
      "total_s": 11.323938663117588,
      "mean_s": 0.12582154070130652,
      "p50_s": 0.1240428052842617,
      "p90_s": 0.13307696469128133,
      "p99_s": 0.19281686118338248,
      "min_s": 0.10143785364925861,
      "max_s": 0.3414597609080374
    },
    "sampling_phase_time_s": {
      "count": 360,
      "total_s": 8.180834820959717,
      "mean_s": 0.02272454116933255,
      "p50_s": 0.02191741787828505,
      "p90_s": 0.02590333791449666,
      "p99_s": 0.0350022863224149,
      "min_s": 0.012705567292869091,
      "max_s": 0.24072173424065113
    },
    "training_phase_time_s": {
      "count": 360,
      "total_s": 2.8710431093350053,
      "mean_s": 0.007975119748152792,
      "p50_s": 0.007825249107554555,
      "p90_s": 0.008858174458146096,
      "p99_s": 0.010243757311254749,
      "min_s": 0.006617248058319092,
      "max_s": 0.011417025234550238
    },
    "convergence_time_s": null,
    "converged_epoch": null,
    "avg_cpu_utilization": null,
    "final_validation_accuracy": 0.7760000232240704,
    "best_validation_accuracy": 0.7800000234140602,
    "time_to_first_validation_accuracy_s": 0.46591686783358455,
    "time_to_best_accuracy_s": 31.63082027481869,
    "final_validation_loss": 0.8389252424240112,
    "best_validation_loss": 0.8387322425842285,
    "time_to_best_loss_s": 33.932109569665045,
    "final_test_accuracy": 0.7880000237752844,
    "best_test_accuracy": 0.7880000237752844,
    "time_to_best_test_accuracy_s": 34.63597895205021,
    "remote_feature_latency_s": {
      "count": 544,
      "total_s": 18.357176444958895,
      "mean_s": 0.03374480964146856,
      "p50_s": 0.015710754552856088,
      "p90_s": 0.07782792807556689,
      "p99_s": 0.0906293882662431,
      "min_s": 0.006542356684803963,
      "max_s": 0.23148674704134464
    },
    "remote_feature_total_s": 18.357176444958895,
    "cache_hits": 544,
    "cache_misses": 544,
    "cache_hit_rate": 0.5,
    "validation_time_s": {
      "count": 90,
      "total_s": 22.88753626635298,
      "mean_s": 0.2543059585150331,
      "p50_s": 0.2605526221450418,
      "p90_s": 0.2710283421445638,
      "p99_s": 0.2865830724779516,
      "min_s": 0.21497429301962256,
      "max_s": 0.3079590890556574
    },
    "saving_weights_time_s": {
      "count": 88,
      "total_s": 0.0008138595148921013,
      "mean_s": 9.248403578319333e-06,
      "p50_s": 6.42961822450161e-06,
      "p90_s": 7.875589653849602e-06,
      "p99_s": 9.12055373191833e-05,
      "min_s": 5.135778337717056e-06,
      "max_s": 9.986711665987968e-05
    },
    "batch_train_loss_mean": 0.6596784907910559,
    "avg_batch_nodes": 354.1361111111111,
    "avg_batch_edges": 571.0805555555555,
    "avg_seed_node_ratio": 0.08548746884922234,
    "topo_query_sent_ms": null,
    "topo_first_record_ms": null,
    "topo_transfer_ms": null,
    "topo_etl_ms": 0.8005144516252639,
    "feat_x_query_sent_ms": null,
    "feat_x_first_record_ms": null,
    "feat_x_transfer_ms": null,
    "feat_x_etl_ms": 2.300045460715945,
    "feat_x_etl_parse_ms": null,
    "feat_y_query_sent_ms": null,
    "feat_y_first_record_ms": null,
    "feat_y_transfer_ms": null,
    "feat_y_etl_ms": null,
    "network_baseline_ms": 4.951106794418164,
    "avg_feat_bytes": 3788830.9264705884,
    "sampler_avg_db_exec_time_ms": 0,
    "sampler_avg_network_transfer_ms": 2.4761029411764706,
    "sampler_avg_driver_overhead_ms": 4.951106794418164,
    "sampler_avg_result_consumed_after_ms": 2.4761029411764706,
    "sampler_avg_result_available_after_ms": 0.5772058823529411,
    "sampler_avg_client_wall_time_ms": 4.951106794418164,
    "sampler_avg_query_startup_ms": 0.5772058823529411,
    "sampler_avg_exec_serialize_ms": 1.8988970588235294,
    "sampler_avg_client_recv_ms": 2.475003853241694,
    "feat_x_avg_db_exec_time_ms": 0,
    "feat_x_avg_network_transfer_ms": 21.547794117647058,
    "feat_x_avg_driver_overhead_ms": 33.42244394469376,
    "feat_x_avg_result_consumed_after_ms": 21.547794117647058,
    "feat_x_avg_result_available_after_ms": 1.3253676470588236,
    "feat_x_avg_client_wall_time_ms": 33.42244394469376,
    "feat_x_avg_query_startup_ms": 1.3253676470588236,
    "feat_x_avg_exec_serialize_ms": 20.222426470588236,
    "feat_x_avg_client_recv_ms": 11.874649827046703,
    "topo_fetch_ms": 4.951106794418164
  }
}