{
  "run": {
    "csv": "/Users/victorpekkari/Desktop/neo4j-mpgnn-thesis/experiment_results/sampler_comparison/comparison_15/Neo4jNeighborSampler/run_9/measurements.csv",
    "runtime_s": 47.31741587500437,
    "training_time_s": 45.37290854199091,
    "epochs_completed": 100,
    "batches_seen": 400,
    "nbr_training_datapoints": 140.0
  },
  "metrics": {
    "throughput_samples_per_s": 308.554167010112,
    "epoch_time_s": {
      "count": 100,
      "total_s": 12.241326874122024,
      "mean_s": 0.12241326874122023,
      "p50_s": 0.12035081250360236,
      "p90_s": 0.13011965841287748,
      "p99_s": 0.14023601310240358,
      "min_s": 0.11106079100864008,
      "max_s": 0.17808837498887442
    },
    "sampling_phase_time_s": {
      "count": 400,
      "total_s": 11.653453550272388,
      "mean_s": 0.02913363387568097,
      "p50_s": 0.02879158350697253,
      "p90_s": 0.033148908306611706,
      "p99_s": 0.04183338727860245,
      "min_s": 0.02364491601474583,
      "max_s": 0.06142395897768438
    },
    "training_phase_time_s": {
      "count": 400,
      "total_s": 0.574134172842605,
      "mean_s": 0.0014353354321065125,
      "p50_s": 0.0013848749949829653,
      "p90_s": 0.0016238536016317084,
      "p99_s": 0.001835105420905165,
      "min_s": 0.001041792012983933,
      "max_s": 0.012780332996044308
    },
    "convergence_time_s": null,
    "converged_epoch": null,
    "avg_cpu_utilization": 55.78260869565217,
    "final_validation_accuracy": 0.7540000229768578,
    "best_validation_accuracy": 0.7680000232066959,
    "time_to_first_validation_accuracy_s": 2.0579005829931702,
    "time_to_best_accuracy_s": 25.360256332991412,
    "final_validation_loss": 0.8772897124290466,
    "best_validation_loss": 0.8706926107406616,
    "time_to_best_loss_s": 45.89232804099447,
    "final_test_accuracy": 0.7810000234428023,
    "best_test_accuracy": 0.7810000234428023,
    "time_to_best_test_accuracy_s": 48.739660999999614,
    "remote_feature_latency_s": {
      "count": 0,
      "total_s": 0.0,
      "mean_s": null,
      "p50_s": null,
      "p90_s": null,
      "p99_s": null,
      "min_s": null,
      "max_s": null
    },
    "remote_feature_total_s": 0.0,
    "cache_hits": 0,
    "cache_misses": 0,
    "cache_hit_rate": null,
    "validation_time_s": {
      "count": 100,
      "total_s": 33.542118253040826,
      "mean_s": 0.33542118253040826,
      "p50_s": 0.3330858744739089,
      "p90_s": 0.3456908994092373,
      "p99_s": 0.3853835569904186,
      "min_s": 0.31688687499263324,
      "max_s": 0.38647404199582525
    },
    "saving_weights_time_s": {
      "count": 70,
      "total_s": 0.00021304507390595973,
      "mean_s": 3.0435010557994245e-06,
      "p50_s": 2.1669839043170214e-06,
      "p90_s": 3.088088124059141e-06,
      "p99_s": 1.8712712626438684e-05,
      "min_s": 1.6659905668348074e-06,
      "max_s": 4.774998524226248e-05
    },
    "batch_train_loss_mean": 0.5622908444982022,
    "avg_batch_nodes": 335.0,
    "avg_batch_edges": 536.445,
    "avg_seed_node_ratio": 0.09135493943610679
  },
  "notes": [
    "GPU/CPU utilization and explicit DB write/query timings are not in the Measurer CSV (unless you log them); this parser will report None for those.",
    "throughput_samples_per_s assumes nbr_training_datapoints is per-epoch; if it's total across training, remove the * epochs_completed multiplier.",
    "remote_feature_total_s is a proxy for time spent waiting on remote feature reads (DB reads)."
  ]
}