{
  "sampler": {
    "plan_meta": {},
    "global": {
      "sample_count": 1004,
      "avg_client_wall_time_ms": 4.6447223572772875,
      "avg_result_available_after_ms": 0.45717131474103584,
      "avg_result_consumed_after_ms": 2.164342629482072,
      "avg_profile_total_time_ms": 0.0,
      "avg_global_memory_bytes": 0.0,
      "avg_root_rows": 0.0,
      "avg_root_db_hits": 0.0,
      "avg_page_cache_hits": 0.0,
      "avg_page_cache_misses": 0.0,
      "avg_db_exec_time_ms": 0,
      "avg_network_transfer_ms": 2.164342629482072,
      "avg_driver_overhead_ms": 4.6447223572772875,
      "avg_query_startup_ms": 0.45717131474103584,
      "avg_exec_serialize_ms": 1.707171314741036,
      "avg_client_recv_ms": 2.4803797277952158
    },
    "operators": [],
    "top_by_time_ms": [],
    "top_by_db_hits": [],
    "top_by_memory_bytes": []
  },
  "feat_x": {
    "plan_meta": {},
    "global": {
      "sample_count": 1004,
      "avg_client_wall_time_ms": 58.156964427557774,
      "avg_result_available_after_ms": 0.3954183266932271,
      "avg_result_consumed_after_ms": 24.808764940239044,
      "avg_profile_total_time_ms": 0.0,
      "avg_global_memory_bytes": 0.0,
      "avg_root_rows": 0.0,
      "avg_root_db_hits": 0.0,
      "avg_page_cache_hits": 0.0,
      "avg_page_cache_misses": 0.0,
      "avg_db_exec_time_ms": 0,
      "avg_network_transfer_ms": 24.808764940239044,
      "avg_driver_overhead_ms": 58.156964427557774,
      "avg_query_startup_ms": 0.3954183266932271,
      "avg_exec_serialize_ms": 24.413346613545816,
      "avg_client_recv_ms": 33.34819948731873
    },
    "operators": [],
    "top_by_time_ms": [],
    "top_by_db_hits": [],
    "top_by_memory_bytes": []
  },
  "subphase_metrics": {
    "throughput_samples_per_s": 297.4492170382511,
    "epoch_time_s": {
      "count": 200,
      "total_s": 20.317855619825423,
      "mean_s": 0.10158927809912711,
      "p50_s": 0.09880305780097842,
      "p90_s": 0.10805882532149554,
      "p99_s": 0.12878123832400887,
      "min_s": 0.08630716474726796,
      "max_s": 0.34205163503065705
    },
    "sampling_phase_time_s": {
      "count": 600,
      "total_s": 16.924735539592803,
      "mean_s": 0.028207892565988005,
      "p50_s": 0.02784561598673463,
      "p90_s": 0.03344366820529104,
      "p99_s": 0.042036393308080726,
      "min_s": 0.016342548187822104,
      "max_s": 0.2745832852087915
    },
    "training_phase_time_s": {
      "count": 600,
      "total_s": 3.0280912057496607,
      "mean_s": 0.005046818676249435,
      "p50_s": 0.004930458962917328,
      "p90_s": 0.005433579860255122,
      "p99_s": 0.006800614399835467,
      "min_s": 0.004270777106285095,
      "max_s": 0.00981533294543624
    },
    "convergence_time_s": null,
    "converged_epoch": null,
    "avg_cpu_utilization": null,
    "final_validation_accuracy": 0.6520000190023699,
    "best_validation_accuracy": 0.6540000190248438,
    "time_to_first_validation_accuracy_s": 0.579531179741025,
    "time_to_best_accuracy_s": 79.93914967495948,
    "final_validation_loss": 1.1218247413635254,
    "best_validation_loss": 1.101311206817627,
    "time_to_best_loss_s": 19.0872152117081,
    "final_test_accuracy": 0.6500000185935341,
    "best_test_accuracy": 0.6500000185935341,
    "time_to_best_test_accuracy_s": 81.52509358990937,
    "remote_feature_latency_s": {
      "count": 1004,
      "total_s": 58.52232884289697,
      "mean_s": 0.058289172154279846,
      "p50_s": 0.02539935614913702,
      "p90_s": 0.11660115970298648,
      "p99_s": 0.13044807536061853,
      "min_s": 0.011466719675809145,
      "max_s": 0.1663099331781268
    },
    "remote_feature_total_s": 58.52232884289697,
    "cache_hits": 1004,
    "cache_misses": 1004,
    "cache_hit_rate": 0.5,
    "validation_time_s": {
      "count": 200,
      "total_s": 60.69318445911631,
      "mean_s": 0.30346592229558156,
      "p50_s": 0.29475819738581777,
      "p90_s": 0.3277387091889977,
      "p99_s": 0.3534249002579594,
      "min_s": 0.285688241943717,
      "max_s": 0.4966338244266808
    },
    "saving_weights_time_s": {
      "count": 40,
      "total_s": 0.0003068540245294571,
      "mean_s": 7.671350613236427e-06,
      "p50_s": 5.731359124183655e-06,
      "p90_s": 8.202344179153443e-06,
      "p99_s": 4.426374100148675e-05,
      "min_s": 5.058944225311279e-06,
      "max_s": 6.148125976324081e-05
    },
    "batch_train_loss_mean": 0.1453067782653185,
    "avg_batch_nodes": 328.9216666666667,
    "avg_batch_edges": 517.34,
    "avg_seed_node_ratio": 0.09902945337849292,
    "topo_query_sent_ms": null,
    "topo_first_record_ms": null,
    "topo_transfer_ms": null,
    "topo_etl_ms": 0.7245754122741491,
    "feat_x_query_sent_ms": null,
    "feat_x_first_record_ms": null,
    "feat_x_transfer_ms": null,
    "feat_x_etl_ms": 3.5441893355112035,
    "feat_x_etl_parse_ms": null,
    "feat_y_query_sent_ms": null,
    "feat_y_first_record_ms": null,
    "feat_y_transfer_ms": null,
    "feat_y_etl_ms": null,
    "network_baseline_ms": 4.6447223572772875,
    "avg_feat_bytes": 11745148.844621513,
    "sampler_avg_db_exec_time_ms": 0,
    "sampler_avg_network_transfer_ms": 2.164342629482072,
    "sampler_avg_driver_overhead_ms": 4.6447223572772875,
    "sampler_avg_result_consumed_after_ms": 2.164342629482072,
    "sampler_avg_result_available_after_ms": 0.45717131474103584,
    "sampler_avg_client_wall_time_ms": 4.6447223572772875,
    "sampler_avg_query_startup_ms": 0.45717131474103584,
    "sampler_avg_exec_serialize_ms": 1.707171314741036,
    "sampler_avg_client_recv_ms": 2.4803797277952158,
    "feat_x_avg_db_exec_time_ms": 0,
    "feat_x_avg_network_transfer_ms": 24.808764940239044,
    "feat_x_avg_driver_overhead_ms": 58.156964427557774,
    "feat_x_avg_result_consumed_after_ms": 24.808764940239044,
    "feat_x_avg_result_available_after_ms": 0.3954183266932271,
    "feat_x_avg_client_wall_time_ms": 58.156964427557774,
    "feat_x_avg_query_startup_ms": 0.3954183266932271,
    "feat_x_avg_exec_serialize_ms": 24.413346613545816,
    "feat_x_avg_client_recv_ms": 33.34819948731873,
    "topo_fetch_ms": 4.6447223572772875
  }
}