{
  "sampler": {
    "plan_meta": {},
    "global": {
      "sample_count": 104,
      "avg_client_wall_time_ms": 4.330146851806114,
      "avg_result_available_after_ms": 0.5096153846153846,
      "avg_result_consumed_after_ms": 2.2884615384615383,
      "avg_profile_total_time_ms": 0.0,
      "avg_global_memory_bytes": 0.0,
      "avg_root_rows": 0.0,
      "avg_root_db_hits": 0.0,
      "avg_page_cache_hits": 0.0,
      "avg_page_cache_misses": 0.0,
      "avg_db_exec_time_ms": 0,
      "avg_network_transfer_ms": 2.2884615384615383,
      "avg_driver_overhead_ms": 4.330146851806114,
      "avg_query_startup_ms": 0.5096153846153846,
      "avg_exec_serialize_ms": 1.7788461538461537,
      "avg_client_recv_ms": 2.0416853133445754
    },
    "operators": [],
    "top_by_time_ms": [],
    "top_by_db_hits": [],
    "top_by_memory_bytes": []
  },
  "feat_x": {
    "plan_meta": {},
    "global": {
      "sample_count": 104,
      "avg_client_wall_time_ms": 60.80381699855654,
      "avg_result_available_after_ms": 0.5192307692307693,
      "avg_result_consumed_after_ms": 28.740384615384617,
      "avg_profile_total_time_ms": 0.0,
      "avg_global_memory_bytes": 0.0,
      "avg_root_rows": 0.0,
      "avg_root_db_hits": 0.0,
      "avg_page_cache_hits": 0.0,
      "avg_page_cache_misses": 0.0,
      "avg_db_exec_time_ms": 0,
      "avg_network_transfer_ms": 28.740384615384617,
      "avg_driver_overhead_ms": 60.80381699855654,
      "avg_query_startup_ms": 0.5192307692307693,
      "avg_exec_serialize_ms": 28.221153846153847,
      "avg_client_recv_ms": 32.06343238317193
    },
    "operators": [],
    "top_by_time_ms": [],
    "top_by_db_hits": [],
    "top_by_memory_bytes": []
  },
  "subphase_metrics": {
    "throughput_samples_per_s": 307.45903000900927,
    "epoch_time_s": {
      "count": 20,
      "total_s": 1.9501141095533967,
      "mean_s": 0.09750570547766983,
      "p50_s": 0.09653556509874761,
      "p90_s": 0.10456287250854075,
      "p99_s": 0.11458982874173669,
      "min_s": 0.0901398453861475,
      "max_s": 0.1167318457737565
    },
    "sampling_phase_time_s": {
      "count": 60,
      "total_s": 1.6011804328300059,
      "mean_s": 0.026686340547166766,
      "p50_s": 0.026389362290501595,
      "p90_s": 0.031726340670138596,
      "p99_s": 0.03974645234178749,
      "min_s": 0.0176812713034451,
      "max_s": 0.04512582812458277
    },
    "training_phase_time_s": {
      "count": 60,
      "total_s": 0.3098900676704943,
      "mean_s": 0.005164834461174906,
      "p50_s": 0.005008347565308213,
      "p90_s": 0.005909415381029248,
      "p99_s": 0.007642751755192865,
      "min_s": 0.004257498309016228,
      "max_s": 0.00950421579182148
    },
    "convergence_time_s": null,
    "converged_epoch": null,
    "avg_cpu_utilization": null,
    "final_validation_accuracy": 0.4580000128337472,
    "best_validation_accuracy": 0.4580000128337472,
    "time_to_first_validation_accuracy_s": 0.5640221522189677,
    "time_to_best_accuracy_s": 8.27707399893552,
    "final_validation_loss": 1.425466537475586,
    "best_validation_loss": 1.425466537475586,
    "time_to_best_loss_s": 8.277087762951851,
    "final_test_accuracy": 0.4470000135278779,
    "best_test_accuracy": 0.4470000135278779,
    "time_to_best_test_accuracy_s": 8.736019643954933,
    "remote_feature_latency_s": {
      "count": 104,
      "total_s": 6.337176148314029,
      "mean_s": 0.06093438604148105,
      "p50_s": 0.024548732908442616,
      "p90_s": 0.12305042371153832,
      "p99_s": 0.12853812924120575,
      "min_s": 0.01253834180533886,
      "max_s": 0.1370179927907884
    },
    "remote_feature_total_s": 6.337176148314029,
    "cache_hits": 104,
    "cache_misses": 104,
    "cache_hit_rate": 0.5,
    "validation_time_s": {
      "count": 20,
      "total_s": 6.219784988090396,
      "mean_s": 0.3109892494045198,
      "p50_s": 0.3123911910224706,
      "p90_s": 0.32208775691688063,
      "p99_s": 0.3374195842957124,
      "min_s": 0.27180431596934795,
      "max_s": 0.3406982757151127
    },
    "saving_weights_time_s": {
      "count": 20,
      "total_s": 0.0001279786229133606,
      "mean_s": 6.39893114566803e-06,
      "p50_s": 6.327172741293907e-06,
      "p90_s": 8.057523518800736e-06,
      "p99_s": 8.435589261353016e-06,
      "min_s": 4.984904080629349e-06,
      "max_s": 8.454080671072006e-06
    },
    "batch_train_loss_mean": 1.3466835508743922,
    "avg_batch_nodes": 327.8833333333333,
    "avg_batch_edges": 517.8,
    "avg_seed_node_ratio": 0.09957147851156804,
    "topo_query_sent_ms": null,
    "topo_first_record_ms": null,
    "topo_transfer_ms": null,
    "topo_etl_ms": 0.7286582571955827,
    "feat_x_query_sent_ms": null,
    "feat_x_first_record_ms": null,
    "feat_x_transfer_ms": null,
    "feat_x_etl_ms": 3.447671985038771,
    "feat_x_etl_parse_ms": null,
    "feat_y_query_sent_ms": null,
    "feat_y_first_record_ms": null,
    "feat_y_transfer_ms": null,
    "feat_y_etl_ms": null,
    "network_baseline_ms": 4.330146851806114,
    "avg_feat_bytes": 11966386.923076924,
    "sampler_avg_db_exec_time_ms": 0,
    "sampler_avg_network_transfer_ms": 2.2884615384615383,
    "sampler_avg_driver_overhead_ms": 4.330146851806114,
    "sampler_avg_result_consumed_after_ms": 2.2884615384615383,
    "sampler_avg_result_available_after_ms": 0.5096153846153846,
    "sampler_avg_client_wall_time_ms": 4.330146851806114,
    "sampler_avg_query_startup_ms": 0.5096153846153846,
    "sampler_avg_exec_serialize_ms": 1.7788461538461537,
    "sampler_avg_client_recv_ms": 2.0416853133445754,
    "feat_x_avg_db_exec_time_ms": 0,
    "feat_x_avg_network_transfer_ms": 28.740384615384617,
    "feat_x_avg_driver_overhead_ms": 60.80381699855654,
    "feat_x_avg_result_consumed_after_ms": 28.740384615384617,
    "feat_x_avg_result_available_after_ms": 0.5192307692307693,
    "feat_x_avg_client_wall_time_ms": 60.80381699855654,
    "feat_x_avg_query_startup_ms": 0.5192307692307693,
    "feat_x_avg_exec_serialize_ms": 28.221153846153847,
    "feat_x_avg_client_recv_ms": 32.06343238317193,
    "topo_fetch_ms": 4.330146851806114
  }
}