{
  "sampler": {
    "plan_meta": {},
    "global": {
      "sample_count": 1373,
      "avg_client_wall_time_ms": 12.88924133879908,
      "avg_result_available_after_ms": 0.6678805535324108,
      "avg_result_consumed_after_ms": 7.607428987618354,
      "avg_profile_total_time_ms": 0.0,
      "avg_global_memory_bytes": 0.0,
      "avg_root_rows": 0.0,
      "avg_root_db_hits": 0.0,
      "avg_page_cache_hits": 0.0,
      "avg_page_cache_misses": 0.0,
      "avg_db_exec_time_ms": 0,
      "avg_network_transfer_ms": 7.607428987618354,
      "avg_driver_overhead_ms": 12.88924133879908,
      "avg_query_startup_ms": 0.6678805535324108,
      "avg_exec_serialize_ms": 6.939548434085943,
      "avg_client_recv_ms": 5.281812351180726
    },
    "operators": [],
    "top_by_time_ms": [],
    "top_by_db_hits": [],
    "top_by_memory_bytes": []
  },
  "feat_x": {
    "plan_meta": {},
    "global": {
      "sample_count": 1373,
      "avg_client_wall_time_ms": 1859.9451679908668,
      "avg_result_available_after_ms": 0.9927166788055353,
      "avg_result_consumed_after_ms": 340.87764020393297,
      "avg_profile_total_time_ms": 0.0,
      "avg_global_memory_bytes": 0.0,
      "avg_root_rows": 0.0,
      "avg_root_db_hits": 0.0,
      "avg_page_cache_hits": 0.0,
      "avg_page_cache_misses": 0.0,
      "avg_db_exec_time_ms": 0,
      "avg_network_transfer_ms": 340.87764020393297,
      "avg_driver_overhead_ms": 1859.9451679908668,
      "avg_query_startup_ms": 0.9927166788055353,
      "avg_exec_serialize_ms": 339.8849235251274,
      "avg_client_recv_ms": 1519.0675277869339
    },
    "operators": [],
    "top_by_time_ms": [],
    "top_by_db_hits": [],
    "top_by_memory_bytes": []
  },
  "subphase_metrics": {
    "throughput_samples_per_s": 24.041839700068067,
    "epoch_time_s": {
      "count": 2,
      "total_s": 1249.5470263897441,
      "mean_s": 624.7735131948721,
      "p50_s": 624.7735131948721,
      "p90_s": 626.6359106411692,
      "p99_s": 627.054950066586,
      "min_s": 622.4455163870007,
      "max_s": 627.1015100027435
    },
    "sampling_phase_time_s": {
      "count": 1292,
      "total_s": 1229.691302374471,
      "mean_s": 0.9517734538502097,
      "p50_s": 0.9694511462002993,
      "p90_s": 1.157424157904461,
      "p99_s": 1.333253254634328,
      "min_s": 0.45421089930459857,
      "max_s": 1.5091921319253743
    },
    "training_phase_time_s": {
      "count": 1292,
      "total_s": 14.42991424864158,
      "mean_s": 0.01116866427913435,
      "p50_s": 0.011044991901144385,
      "p90_s": 0.012478431407362224,
      "p99_s": 0.013891392587684095,
      "min_s": 0.008520609233528376,
      "max_s": 0.02040250413119793
    },
    "convergence_time_s": null,
    "converged_epoch": null,
    "avg_cpu_utilization": null,
    "final_validation_accuracy": 0.9594085170629564,
    "best_validation_accuracy": 0.9594085170629564,
    "time_to_first_validation_accuracy_s": 1096.07190090511,
    "time_to_best_accuracy_s": 2191.3641364430077,
    "final_validation_loss": 0.1386616080999374,
    "best_validation_loss": 0.1386616080999374,
    "time_to_best_loss_s": 2191.364149814006,
    "final_test_accuracy": 0.9502898125916902,
    "best_test_accuracy": 0.9502898125916902,
    "time_to_best_test_accuracy_s": 2660.7837713030167,
    "remote_feature_latency_s": {
      "count": 1373,
      "total_s": 2553.8924032351933,
      "mean_s": 1.860081866886521,
      "p50_s": 0.9276630617678165,
      "p90_s": 1.1794944400899112,
      "p99_s": 18.058991202823815,
      "min_s": 0.42274130275473,
      "max_s": 18.923291221261024
    },
    "remote_feature_total_s": 2553.8924032351933,
    "cache_hits": 1373,
    "cache_misses": 1373,
    "cache_hit_rate": 0.5,
    "validation_time_s": {
      "count": 2,
      "total_s": 941.3615020569414,
      "mean_s": 470.6807510284707,
      "p50_s": 470.6807510284707,
      "p90_s": 472.67281575854867,
      "p99_s": 473.12103032281624,
      "min_s": 468.1906701158732,
      "max_s": 473.1708319410682
    },
    "saving_weights_time_s": {
      "count": 2,
      "total_s": 2.9014423489570618e-05,
      "mean_s": 1.4507211744785309e-05,
      "p50_s": 1.4507211744785309e-05,
      "p90_s": 1.5727244317531586e-05,
      "p99_s": 1.6001751646399498e-05,
      "min_s": 1.2982171028852463e-05,
      "max_s": 1.6032252460718155e-05
    },
    "batch_train_loss_mean": 0.18359336500083479,
    "avg_batch_nodes": 2250.811145510836,
    "avg_batch_edges": 3583.329721362229,
    "avg_seed_node_ratio": 0.014380920328293254,
    "topo_query_sent_ms": null,
    "topo_first_record_ms": null,
    "topo_transfer_ms": null,
    "topo_etl_ms": 2.247792149053511,
    "feat_x_query_sent_ms": null,
    "feat_x_first_record_ms": null,
    "feat_x_transfer_ms": null,
    "feat_x_etl_ms": 36.634222104418306,
    "feat_x_etl_parse_ms": null,
    "feat_y_query_sent_ms": null,
    "feat_y_first_record_ms": null,
    "feat_y_transfer_ms": null,
    "feat_y_etl_ms": null,
    "network_baseline_ms": 12.88924133879908,
    "avg_feat_bytes": 95631835.41150765,
    "sampler_avg_db_exec_time_ms": 0,
    "sampler_avg_network_transfer_ms": 7.607428987618354,
    "sampler_avg_driver_overhead_ms": 12.88924133879908,
    "sampler_avg_result_consumed_after_ms": 7.607428987618354,
    "sampler_avg_result_available_after_ms": 0.6678805535324108,
    "sampler_avg_client_wall_time_ms": 12.88924133879908,
    "sampler_avg_query_startup_ms": 0.6678805535324108,
    "sampler_avg_exec_serialize_ms": 6.939548434085943,
    "sampler_avg_client_recv_ms": 5.281812351180726,
    "feat_x_avg_db_exec_time_ms": 0,
    "feat_x_avg_network_transfer_ms": 340.87764020393297,
    "feat_x_avg_driver_overhead_ms": 1859.9451679908668,
    "feat_x_avg_result_consumed_after_ms": 340.87764020393297,
    "feat_x_avg_result_available_after_ms": 0.9927166788055353,
    "feat_x_avg_client_wall_time_ms": 1859.9451679908668,
    "feat_x_avg_query_startup_ms": 0.9927166788055353,
    "feat_x_avg_exec_serialize_ms": 339.8849235251274,
    "feat_x_avg_client_recv_ms": 1519.0675277869339,
    "topo_fetch_ms": 12.88924133879908
  }
}