{
  "sampler": {
    "plan_meta": {},
    "global": {
      "sample_count": 1538,
      "avg_client_wall_time_ms": 280.12247349381425,
      "avg_result_available_after_ms": 1.0656697009102731,
      "avg_result_consumed_after_ms": 274.408322496749,
      "avg_profile_total_time_ms": 0.0,
      "avg_global_memory_bytes": 0.0,
      "avg_root_rows": 0.0,
      "avg_root_db_hits": 0.0,
      "avg_page_cache_hits": 0.0,
      "avg_page_cache_misses": 0.0,
      "avg_db_exec_time_ms": 0,
      "avg_network_transfer_ms": 274.408322496749,
      "avg_driver_overhead_ms": 280.12247349381425,
      "avg_query_startup_ms": 1.0656697009102731,
      "avg_exec_serialize_ms": 273.3426527958387,
      "avg_client_recv_ms": 5.714150997065246
    },
    "operators": [],
    "top_by_time_ms": [],
    "top_by_db_hits": [],
    "top_by_memory_bytes": []
  },
  "feat_x": {
    "plan_meta": {},
    "global": {
      "sample_count": 1538,
      "avg_client_wall_time_ms": 328.81408739836235,
      "avg_result_available_after_ms": 1.5949284785435631,
      "avg_result_consumed_after_ms": 70.32639791937581,
      "avg_profile_total_time_ms": 0.0,
      "avg_global_memory_bytes": 0.0,
      "avg_root_rows": 0.0,
      "avg_root_db_hits": 0.0,
      "avg_page_cache_hits": 0.0,
      "avg_page_cache_misses": 0.0,
      "avg_db_exec_time_ms": 0,
      "avg_network_transfer_ms": 70.32639791937581,
      "avg_driver_overhead_ms": 328.81408739836235,
      "avg_query_startup_ms": 1.5949284785435631,
      "avg_exec_serialize_ms": 68.73146944083224,
      "avg_client_recv_ms": 258.48768947898657
    },
    "operators": [],
    "top_by_time_ms": [],
    "top_by_db_hits": [],
    "top_by_memory_bytes": []
  },
  "subphase_metrics": {
    "throughput_samples_per_s": 170.84231827664772,
    "epoch_time_s": {
      "count": 1,
      "total_s": 1152.7782890959643,
      "mean_s": 1152.7782890959643,
      "p50_s": 1152.7782890959643,
      "p90_s": 1152.7782890959643,
      "p99_s": 1152.7782890959643,
      "min_s": 1152.7782890959643,
      "max_s": 1152.7782890959643
    },
    "sampling_phase_time_s": {
      "count": 1536,
      "total_s": 1121.839673853945,
      "mean_s": 0.7303643709986621,
      "p50_s": 0.6667500049807131,
      "p90_s": 0.8908454079646617,
      "p99_s": 1.2690759060904462,
      "min_s": 0.5838326360099018,
      "max_s": 1.9755928413942456
    },
    "training_phase_time_s": {
      "count": 1536,
      "total_s": 11.897460873704404,
      "mean_s": 0.007745742756317971,
      "p50_s": 0.0077262758277356625,
      "p90_s": 0.008182526333257556,
      "p99_s": 0.00967042569536716,
      "min_s": 0.006461277138441801,
      "max_s": 0.014839474111795425
    },
    "convergence_time_s": null,
    "converged_epoch": null,
    "avg_cpu_utilization": null,
    "final_validation_accuracy": 1.0,
    "best_validation_accuracy": 1.0,
    "time_to_first_validation_accuracy_s": 1156.4342834181152,
    "time_to_best_accuracy_s": 1156.4342834181152,
    "final_validation_loss": 0.4687474370002746,
    "best_validation_loss": 0.4687474370002746,
    "time_to_best_loss_s": 1156.434292953927,
    "final_test_accuracy": 0.67,
    "best_test_accuracy": 0.67,
    "time_to_best_test_accuracy_s": 1157.6961848507635,
    "remote_feature_latency_s": {
      "count": 1538,
      "total_s": 505.95658163446933,
      "mean_s": 0.328970469203166,
      "p50_s": 0.29831326100975275,
      "p90_s": 0.4827366533223539,
      "p99_s": 0.5683421875722704,
      "min_s": 0.0059468382969498634,
      "max_s": 0.7385471309535205
    },
    "remote_feature_total_s": 505.95658163446933,
    "cache_hits": 1538,
    "cache_misses": 1538,
    "cache_hit_rate": 0.5,
    "validation_time_s": {
      "count": 1,
      "total_s": 0.8476380757056177,
      "mean_s": 0.8476380757056177,
      "p50_s": 0.8476380757056177,
      "p90_s": 0.8476380757056177,
      "p99_s": 0.8476380757056177,
      "min_s": 0.8476380757056177,
      "max_s": 0.8476380757056177
    },
    "saving_weights_time_s": {
      "count": 1,
      "total_s": 1.1084601283073425e-05,
      "mean_s": 1.1084601283073425e-05,
      "p50_s": 1.1084601283073425e-05,
      "p90_s": 1.1084601283073425e-05,
      "p99_s": 1.1084601283073425e-05,
      "min_s": 1.1084601283073425e-05,
      "max_s": 1.1084601283073425e-05
    },
    "batch_train_loss_mean": 0.8775594306450026,
    "avg_batch_nodes": 7177.673828125,
    "avg_batch_edges": 7584.134114583333,
    "avg_seed_node_ratio": 0.017834430019626236,
    "topo_query_sent_ms": null,
    "topo_first_record_ms": null,
    "topo_transfer_ms": null,
    "topo_etl_ms": 3.5860929199129887,
    "feat_x_query_sent_ms": null,
    "feat_x_first_record_ms": null,
    "feat_x_transfer_ms": null,
    "feat_x_etl_ms": 7.973172960764158,
    "feat_x_etl_parse_ms": 101.05578571779627,
    "feat_y_query_sent_ms": null,
    "feat_y_first_record_ms": null,
    "feat_y_transfer_ms": null,
    "feat_y_etl_ms": null,
    "network_baseline_ms": 280.12247349381425,
    "avg_feat_bytes": 2868467.6202860856,
    "sampler_avg_db_exec_time_ms": 0,
    "sampler_avg_network_transfer_ms": 274.408322496749,
    "sampler_avg_driver_overhead_ms": 280.12247349381425,
    "sampler_avg_result_consumed_after_ms": 274.408322496749,
    "sampler_avg_result_available_after_ms": 1.0656697009102731,
    "sampler_avg_client_wall_time_ms": 280.12247349381425,
    "sampler_avg_query_startup_ms": 1.0656697009102731,
    "sampler_avg_exec_serialize_ms": 273.3426527958387,
    "sampler_avg_client_recv_ms": 5.714150997065246,
    "feat_x_avg_db_exec_time_ms": 0,
    "feat_x_avg_network_transfer_ms": 70.32639791937581,
    "feat_x_avg_driver_overhead_ms": 328.81408739836235,
    "feat_x_avg_result_consumed_after_ms": 70.32639791937581,
    "feat_x_avg_result_available_after_ms": 1.5949284785435631,
    "feat_x_avg_client_wall_time_ms": 328.81408739836235,
    "feat_x_avg_query_startup_ms": 1.5949284785435631,
    "feat_x_avg_exec_serialize_ms": 68.73146944083224,
    "feat_x_avg_client_recv_ms": 258.48768947898657,
    "topo_fetch_ms": 280.12247349381425
  }
}