{
  "sampler": {
    "plan_meta": {},
    "global": {
      "sample_count": 454,
      "avg_client_wall_time_ms": 2.8716139656918265,
      "avg_result_available_after_ms": 0.36784140969163,
      "avg_result_consumed_after_ms": 1.2687224669603525,
      "avg_profile_total_time_ms": 0.0,
      "avg_global_memory_bytes": 0.0,
      "avg_root_rows": 0.0,
      "avg_root_db_hits": 0.0,
      "avg_page_cache_hits": 0.0,
      "avg_page_cache_misses": 0.0,
      "avg_db_exec_time_ms": 0,
      "avg_network_transfer_ms": 1.2687224669603525,
      "avg_driver_overhead_ms": 2.8716139656918265,
      "avg_query_startup_ms": 0.36784140969163,
      "avg_exec_serialize_ms": 0.9008810572687225,
      "avg_client_recv_ms": 1.602891498731474
    },
    "operators": [],
    "top_by_time_ms": [],
    "top_by_db_hits": [],
    "top_by_memory_bytes": []
  },
  "feat_x": {
    "plan_meta": {},
    "global": {
      "sample_count": 454,
      "avg_client_wall_time_ms": 22.99480322473539,
      "avg_result_available_after_ms": 0.3237885462555066,
      "avg_result_consumed_after_ms": 2.73568281938326,
      "avg_profile_total_time_ms": 0.0,
      "avg_global_memory_bytes": 0.0,
      "avg_root_rows": 0.0,
      "avg_root_db_hits": 0.0,
      "avg_page_cache_hits": 0.0,
      "avg_page_cache_misses": 0.0,
      "avg_db_exec_time_ms": 0,
      "avg_network_transfer_ms": 2.73568281938326,
      "avg_driver_overhead_ms": 22.99480322473539,
      "avg_query_startup_ms": 0.3237885462555066,
      "avg_exec_serialize_ms": 2.4118942731277535,
      "avg_client_recv_ms": 20.259120405352128
    },
    "operators": [],
    "top_by_time_ms": [],
    "top_by_db_hits": [],
    "top_by_memory_bytes": []
  },
  "subphase_metrics": {
    "throughput_samples_per_s": 841.6599170307222,
    "epoch_time_s": {
      "count": 90,
      "total_s": 12.616950917989016,
      "mean_s": 0.14018834353321127,
      "p50_s": 0.06272416649153456,
      "p90_s": 0.06700159200700001,
      "p99_s": 3.450518409288488,
      "min_s": 0.057038041995838284,
      "max_s": 3.5368874589912593
    },
    "sampling_phase_time_s": {
      "count": 360,
      "total_s": 10.871668339474127,
      "mean_s": 0.03019907872076146,
      "p50_s": 0.014158895995933563,
      "p90_s": 0.015960683533921837,
      "p99_s": 0.7610695255175237,
      "min_s": 0.00958691700361669,
      "max_s": 0.7985363339539617
    },
    "training_phase_time_s": {
      "count": 360,
      "total_s": 1.5567678052466363,
      "mean_s": 0.00432435501457399,
      "p50_s": 0.0013466664822772145,
      "p90_s": 0.0015887130750343204,
      "p99_s": 0.12983571910881447,
      "min_s": 0.001030959072522819,
      "max_s": 0.16912874998524785
    },
    "convergence_time_s": null,
    "converged_epoch": null,
    "avg_cpu_utilization": null,
    "final_validation_accuracy": 0.83,
    "best_validation_accuracy": 0.83,
    "time_to_first_validation_accuracy_s": 3.6288021659711376,
    "time_to_best_accuracy_s": 11.919375458033755,
    "final_validation_loss": 0.6658486127853394,
    "best_validation_loss": 0.6652743816375732,
    "time_to_best_loss_s": 15.483873791061342,
    "final_test_accuracy": 0.7870000238803312,
    "best_test_accuracy": 0.7870000238803312,
    "time_to_best_test_accuracy_s": 15.836458291043527,
    "remote_feature_latency_s": {
      "count": 454,
      "total_s": 10.460385889746249,
      "mean_s": 0.023040497554507156,
      "p50_s": 0.009468375006690621,
      "p90_s": 0.018781629379373044,
      "p99_s": 0.6980351799936032,
      "min_s": 0.0064438749104738235,
      "max_s": 0.7486084579722956
    },
    "remote_feature_total_s": 10.460385889746249,
    "cache_hits": 454,
    "cache_misses": 454,
    "cache_hit_rate": 0.5,
    "validation_time_s": {
      "count": 90,
      "total_s": 2.9979925914667547,
      "mean_s": 0.033311028794075055,
      "p50_s": 0.03276856243610382,
      "p90_s": 0.03505235774209723,
      "p99_s": 0.04453904534573665,
      "min_s": 0.02895966696087271,
      "max_s": 0.07996208395343274
    },
    "saving_weights_time_s": {
      "count": 84,
      "total_s": 0.0002235777210444212,
      "mean_s": 2.6616395362431094e-06,
      "p50_s": 2.1249870769679546e-06,
      "p90_s": 2.7962261810898783e-06,
      "p99_s": 1.2455214746296454e-05,
      "min_s": 1.458916813135147e-06,
      "max_s": 3.583298530429602e-05
    },
    "batch_train_loss_mean": 0.6393261202611029,
    "avg_batch_nodes": 354.13055555555553,
    "avg_batch_edges": 569.9555555555555,
    "avg_seed_node_ratio": 0.08546948563533124,
    "topo_query_sent_ms": null,
    "topo_first_record_ms": null,
    "topo_transfer_ms": null,
    "topo_etl_ms": 0.16986379642983168,
    "feat_x_query_sent_ms": null,
    "feat_x_first_record_ms": null,
    "feat_x_transfer_ms": null,
    "feat_x_etl_ms": 0.4296636050936278,
    "feat_x_etl_parse_ms": 2.370982427541823,
    "feat_y_query_sent_ms": null,
    "feat_y_first_record_ms": null,
    "feat_y_transfer_ms": null,
    "feat_y_etl_ms": null,
    "network_baseline_ms": 2.8716139656918265,
    "sampler_avg_db_exec_time_ms": 0,
    "sampler_avg_network_transfer_ms": 1.2687224669603525,
    "sampler_avg_driver_overhead_ms": 2.8716139656918265,
    "sampler_avg_result_consumed_after_ms": 1.2687224669603525,
    "sampler_avg_result_available_after_ms": 0.36784140969163,
    "sampler_avg_client_wall_time_ms": 2.8716139656918265,
    "sampler_avg_query_startup_ms": 0.36784140969163,
    "sampler_avg_exec_serialize_ms": 0.9008810572687225,
    "sampler_avg_client_recv_ms": 1.602891498731474,
    "feat_x_avg_db_exec_time_ms": 0,
    "feat_x_avg_network_transfer_ms": 2.73568281938326,
    "feat_x_avg_driver_overhead_ms": 22.99480322473539,
    "feat_x_avg_result_consumed_after_ms": 2.73568281938326,
    "feat_x_avg_result_available_after_ms": 0.3237885462555066,
    "feat_x_avg_client_wall_time_ms": 22.99480322473539,
    "feat_x_avg_query_startup_ms": 0.3237885462555066,
    "feat_x_avg_exec_serialize_ms": 2.4118942731277535,
    "feat_x_avg_client_recv_ms": 20.259120405352128,
    "topo_fetch_ms": 2.8716139656918265
  }
}