{
  "run": {
    "csv": "/Users/victorpekkari/Desktop/neo4j-mpgnn-thesis/experiment_results/sampler_comparison/comparison_15/PyGNeighborLoader/run_6/measurements.csv",
    "runtime_s": 2.669153583003208,
    "training_time_s": 1.1114839169895276,
    "epochs_completed": 100,
    "batches_seen": 400,
    "nbr_training_datapoints": 140.0
  },
  "metrics": {
    "throughput_samples_per_s": 12595.773799335962,
    "epoch_time_s": {
      "count": 100,
      "total_s": 0.6491632479883265,
      "mean_s": 0.006491632479883265,
      "p50_s": 0.00624816698837094,
      "p90_s": 0.006714783288771287,
      "p99_s": 0.00834958283056052,
      "min_s": 0.005274582974379882,
      "max_s": 0.032707624981412664
    },
    "sampling_phase_time_s": {
      "count": 400,
      "total_s": 0.13354696694295853,
      "mean_s": 0.0003338674173573963,
      "p50_s": 0.0003100000030826777,
      "p90_s": 0.0004275711951777339,
      "p99_s": 0.0005542706820415332,
      "min_s": 0.00022745801834389567,
      "max_s": 0.0022880420146975666
    },
    "training_phase_time_s": {
      "count": 400,
      "total_s": 0.48584792608744465,
      "mean_s": 0.0012146198152186117,
      "p50_s": 0.0011706045042956248,
      "p90_s": 0.0014917503052856774,
      "p99_s": 0.0017819062498165288,
      "min_s": 0.000896625017048791,
      "max_s": 0.003694541985169053
    },
    "convergence_time_s": null,
    "converged_epoch": null,
    "avg_cpu_utilization": 137.25,
    "final_validation_accuracy": 0.7780000238992335,
    "best_validation_accuracy": 0.7880000238665609,
    "time_to_first_validation_accuracy_s": 1.571462124993559,
    "time_to_best_accuracy_s": 2.5061985829961486,
    "final_validation_loss": 0.8318809270858765,
    "best_validation_loss": 0.8212342262268066,
    "time_to_best_loss_s": 2.6154854579945095,
    "final_test_accuracy": 0.7900000237940072,
    "best_test_accuracy": 0.7900000237940072,
    "time_to_best_test_accuracy_s": 3.597402916988358,
    "remote_feature_latency_s": {
      "count": 0,
      "total_s": 0.0,
      "mean_s": null,
      "p50_s": null,
      "p90_s": null,
      "p99_s": null,
      "min_s": null,
      "max_s": null
    },
    "remote_feature_total_s": 0.0,
    "cache_hits": 0,
    "cache_misses": 0,
    "cache_hit_rate": null,
    "validation_time_s": {
      "count": 100,
      "total_s": 0.4875834119739011,
      "mean_s": 0.004875834119739011,
      "p50_s": 0.0047443749936064705,
      "p90_s": 0.0049958582851104445,
      "p99_s": 0.0072536459137336785,
      "min_s": 0.004189082974335179,
      "max_s": 0.015625375002855435
    },
    "saving_weights_time_s": {
      "count": 74,
      "total_s": 0.00014954301877878606,
      "mean_s": 2.0208516051187304e-06,
      "p50_s": 2.0419975044205785e-06,
      "p90_s": 2.4999899324029684e-06,
      "p99_s": 2.970066270790994e-06,
      "min_s": 1.4579854905605316e-06,
      "max_s": 3.00002284348011e-06
    },
    "batch_train_loss_mean": 0.5866597329359502,
    "avg_batch_nodes": 353.54,
    "avg_batch_edges": 569.7,
    "avg_seed_node_ratio": 0.08592277339076862
  },
  "notes": [
    "GPU/CPU utilization and explicit DB write/query timings are not in the Measurer CSV (unless you log them); this parser will report None for those.",
    "throughput_samples_per_s assumes nbr_training_datapoints is per-epoch; if it's total across training, remove the * epochs_completed multiplier.",
    "remote_feature_total_s is a proxy for time spent waiting on remote feature reads (DB reads)."
  ]
}