{
  "run": {
    "csv": "/home/victor.pekkari/thesis-folder/neo4j-mpgnn-thesis/experiment_results/results/run_8_2026-05-11/measurements.csv",
    "runtime_s": 947.6253962828778,
    "training_time_s": 941.8228216767311,
    "epochs_completed": 1,
    "batches_seen": 1536,
    "nbr_training_datapoints": 196615.0
  },
  "metrics": {
    "throughput_samples_per_s": 208.7600719315396,
    "epoch_time_s": {
      "count": 1,
      "total_s": 942.4217537879013,
      "mean_s": 942.4217537879013,
      "p50_s": 942.4217537879013,
      "p90_s": 942.4217537879013,
      "p99_s": 942.4217537879013,
      "min_s": 942.4217537879013,
      "max_s": 942.4217537879013
    },
    "sampling_phase_time_s": {
      "count": 1536,
      "total_s": 767.0469945641235,
      "mean_s": 0.49937955375268456,
      "p50_s": 0.48453497025184333,
      "p90_s": 0.5545177706517279,
      "p99_s": 0.5932538371533156,
      "min_s": 0.44235711079090834,
      "max_s": 0.9680398530326784
    },
    "training_phase_time_s": {
      "count": 1536,
      "total_s": 102.15810055658221,
      "mean_s": 0.06650918004985822,
      "p50_s": 0.06496080011129379,
      "p90_s": 0.07186923455446959,
      "p99_s": 0.0925388291012496,
      "min_s": 0.060641962103545666,
      "max_s": 0.09800113923847675
    },
    "convergence_time_s": null,
    "converged_epoch": null,
    "avg_cpu_utilization": null,
    "final_validation_accuracy": 0.0,
    "best_validation_accuracy": 0.0,
    "time_to_first_validation_accuracy_s": 947.6253257598728,
    "time_to_best_accuracy_s": 947.6253257598728,
    "final_validation_loss": 0.9608904123306274,
    "best_validation_loss": 0.9608904123306274,
    "time_to_best_loss_s": 947.625334598124,
    "final_test_accuracy": 0.62,
    "best_test_accuracy": 0.62,
    "time_to_best_test_accuracy_s": 948.7993789501488,
    "remote_feature_latency_s": {
      "count": 1538,
      "total_s": 392.8704765676521,
      "mean_s": 0.2554424425017244,
      "p50_s": 0.24596503167413175,
      "p90_s": 0.2968686083331704,
      "p99_s": 0.31516775994561613,
      "min_s": 0.004331561736762524,
      "max_s": 0.3424730198457837
    },
    "remote_feature_total_s": 392.8704765676521,
    "cache_hits": 1538,
    "cache_misses": 1538,
    "cache_hit_rate": 0.5,
    "validation_time_s": {
      "count": 1,
      "total_s": 0.6059376168996096,
      "mean_s": 0.6059376168996096,
      "p50_s": 0.6059376168996096,
      "p90_s": 0.6059376168996096,
      "p99_s": 0.6059376168996096,
      "min_s": 0.6059376168996096,
      "max_s": 0.6059376168996096
    },
    "saving_weights_time_s": {
      "count": 1,
      "total_s": 1.7283018678426743e-05,
      "mean_s": 1.7283018678426743e-05,
      "p50_s": 1.7283018678426743e-05,
      "p90_s": 1.7283018678426743e-05,
      "p99_s": 1.7283018678426743e-05,
      "min_s": 1.7283018678426743e-05,
      "max_s": 1.7283018678426743e-05
    },
    "batch_train_loss_mean": 1.1693606890039518,
    "avg_batch_nodes": 22811.194010416668,
    "avg_batch_edges": 27196.561197916668,
    "avg_seed_node_ratio": 0.0056124764606392185,
    "topo_query_sent_ms": null,
    "topo_first_record_ms": null,
    "topo_transfer_ms": null,
    "topo_etl_ms": 16.653773308548743,
    "feat_x_query_sent_ms": null,
    "feat_x_first_record_ms": null,
    "feat_x_transfer_ms": null,
    "feat_x_etl_ms": 28.23667560906303,
    "feat_x_etl_parse_ms": null,
    "feat_y_query_sent_ms": null,
    "feat_y_first_record_ms": null,
    "feat_y_transfer_ms": null,
    "feat_y_etl_ms": null,
    "network_baseline_ms": 145.1401959738957,
    "avg_feat_bytes": 2041639.2717815344,
    "sampler_avg_db_exec_time_ms": 0,
    "sampler_avg_network_transfer_ms": 126.425877763329,
    "sampler_avg_driver_overhead_ms": 145.1401959738957,
    "sampler_avg_result_consumed_after_ms": 126.425877763329,
    "sampler_avg_result_available_after_ms": 0.7659297789336801,
    "sampler_avg_client_wall_time_ms": 145.1401959738957,
    "sampler_avg_query_startup_ms": 0.7659297789336801,
    "sampler_avg_exec_serialize_ms": 125.65994798439532,
    "sampler_avg_client_recv_ms": 18.714318210566688,
    "feat_x_avg_db_exec_time_ms": 0,
    "feat_x_avg_network_transfer_ms": 201.0923276983095,
    "feat_x_avg_driver_overhead_ms": 249.49229433066824,
    "feat_x_avg_result_consumed_after_ms": 201.0923276983095,
    "feat_x_avg_result_available_after_ms": 18.070871261378414,
    "feat_x_avg_client_wall_time_ms": 249.49229433066824,
    "feat_x_avg_query_startup_ms": 18.070871261378414,
    "feat_x_avg_exec_serialize_ms": 183.0214564369311,
    "feat_x_avg_client_recv_ms": 48.39996663235874,
    "topo_fetch_ms": 145.1401959738957
  },
  "notes": [
    "GPU/CPU utilization and explicit DB write/query timings are not in the Measurer CSV (unless you log them); this parser will report None for those.",
    "throughput_samples_per_s assumes nbr_training_datapoints is per-epoch; if it's total across training, remove the * epochs_completed multiplier.",
    "remote_feature_total_s is a proxy for time spent waiting on remote feature reads (DB reads)."
  ]
}