{
  "run": {
    "csv": "/Users/victorpekkari/Desktop/neo4j-mpgnn-thesis/experiment_results/sampler_comparison/comparison_15/Neo4jNeighborSampler/run_11/measurements.csv",
    "runtime_s": 47.75487404098385,
    "training_time_s": 45.92043324999395,
    "epochs_completed": 100,
    "batches_seen": 400,
    "nbr_training_datapoints": 140.0
  },
  "metrics": {
    "throughput_samples_per_s": 304.87517231780134,
    "epoch_time_s": {
      "count": 100,
      "total_s": 12.72302386420779,
      "mean_s": 0.1272302386420779,
      "p50_s": 0.12604087451472878,
      "p90_s": 0.1357626336015528,
      "p99_s": 0.14126248301094171,
      "min_s": 0.11725066599319689,
      "max_s": 0.15319445802015252
    },
    "sampling_phase_time_s": {
      "count": 400,
      "total_s": 12.108798255154397,
      "mean_s": 0.030271995637885993,
      "p50_s": 0.030065583501709625,
      "p90_s": 0.032740629199543035,
      "p99_s": 0.04147796832461609,
      "min_s": 0.025297999993199483,
      "max_s": 0.04359537499840371
    },
    "training_phase_time_s": {
      "count": 400,
      "total_s": 0.5887147231260315,
      "mean_s": 0.0014717868078150786,
      "p50_s": 0.0014358545158756897,
      "p90_s": 0.001683425603550859,
      "p99_s": 0.0018318029268993995,
      "min_s": 0.0010852079722099006,
      "max_s": 0.013773625018075109
    },
    "convergence_time_s": null,
    "converged_epoch": null,
    "avg_cpu_utilization": 56.98260869565218,
    "final_validation_accuracy": 0.7380000222168985,
    "best_validation_accuracy": 0.7640000231617482,
    "time_to_first_validation_accuracy_s": 1.9360844579932746,
    "time_to_best_accuracy_s": 43.60942762499326,
    "final_validation_loss": 0.8468877077102661,
    "best_validation_loss": 0.8468877077102661,
    "time_to_best_loss_s": 47.754861374996835,
    "final_test_accuracy": 0.7610000225691254,
    "best_test_accuracy": 0.7610000225691254,
    "time_to_best_test_accuracy_s": 48.755168125004275,
    "remote_feature_latency_s": {
      "count": 0,
      "total_s": 0.0,
      "mean_s": null,
      "p50_s": null,
      "p90_s": null,
      "p99_s": null,
      "min_s": null,
      "max_s": null
    },
    "remote_feature_total_s": 0.0,
    "cache_hits": 0,
    "cache_misses": 0,
    "cache_hit_rate": null,
    "validation_time_s": {
      "count": 100,
      "total_s": 33.58804591902299,
      "mean_s": 0.3358804591902299,
      "p50_s": 0.33290031251090113,
      "p90_s": 0.3467424212110927,
      "p99_s": 0.4112148287452874,
      "min_s": 0.3181230830086861,
      "max_s": 0.4176947500091046
    },
    "saving_weights_time_s": {
      "count": 63,
      "total_s": 0.00015867187175899744,
      "mean_s": 2.518601139031705e-06,
      "p50_s": 2.2920139599591494e-06,
      "p90_s": 2.991617657244206e-06,
      "p99_s": 5.864907288923859e-06,
      "min_s": 1.7920101527124643e-06,
      "max_s": 5.916983354836702e-06
    },
    "batch_train_loss_mean": 0.538034491208382,
    "avg_batch_nodes": 359.85,
    "avg_batch_edges": 573.2275,
    "avg_seed_node_ratio": 0.0836524676833008
  },
  "notes": [
    "GPU/CPU utilization and explicit DB write/query timings are not in the Measurer CSV (unless you log them); this parser will report None for those.",
    "throughput_samples_per_s assumes nbr_training_datapoints is per-epoch; if it's total across training, remove the * epochs_completed multiplier.",
    "remote_feature_total_s is a proxy for time spent waiting on remote feature reads (DB reads)."
  ]
}