{
  "sampler": {
    "plan_meta": {},
    "global": {
      "sample_count": 386,
      "avg_client_wall_time_ms": 595.4022202387433,
      "avg_result_available_after_ms": 0.9922279792746114,
      "avg_result_consumed_after_ms": 530.9948186528497,
      "avg_profile_total_time_ms": 0.0,
      "avg_global_memory_bytes": 0.0,
      "avg_root_rows": 0.0,
      "avg_root_db_hits": 0.0,
      "avg_page_cache_hits": 0.0,
      "avg_page_cache_misses": 0.0,
      "avg_db_exec_time_ms": 0,
      "avg_network_transfer_ms": 530.9948186528497,
      "avg_driver_overhead_ms": 595.4022202387433,
      "avg_query_startup_ms": 0.9922279792746114,
      "avg_exec_serialize_ms": 530.0025906735751,
      "avg_client_recv_ms": 64.40740158589358
    },
    "operators": [],
    "top_by_time_ms": [],
    "top_by_db_hits": [],
    "top_by_memory_bytes": []
  },
  "feat_x": {
    "plan_meta": {},
    "global": {
      "sample_count": 386,
      "avg_client_wall_time_ms": 998.2594095539649,
      "avg_result_available_after_ms": 15.955958549222798,
      "avg_result_consumed_after_ms": 810.6658031088083,
      "avg_profile_total_time_ms": 0.0,
      "avg_global_memory_bytes": 0.0,
      "avg_root_rows": 0.0,
      "avg_root_db_hits": 0.0,
      "avg_page_cache_hits": 0.0,
      "avg_page_cache_misses": 0.0,
      "avg_db_exec_time_ms": 0,
      "avg_network_transfer_ms": 810.6658031088083,
      "avg_driver_overhead_ms": 998.2594095539649,
      "avg_query_startup_ms": 15.955958549222798,
      "avg_exec_serialize_ms": 794.7098445595855,
      "avg_client_recv_ms": 187.59360644515664
    },
    "operators": [],
    "top_by_time_ms": [],
    "top_by_db_hits": [],
    "top_by_memory_bytes": []
  },
  "subphase_metrics": {
    "throughput_samples_per_s": 238.2505897548435,
    "epoch_time_s": {
      "count": 1,
      "total_s": 827.1514023989439,
      "mean_s": 827.1514023989439,
      "p50_s": 827.1514023989439,
      "p90_s": 827.1514023989439,
      "p99_s": 827.1514023989439,
      "min_s": 827.1514023989439,
      "max_s": 827.1514023989439
    },
    "sampling_phase_time_s": {
      "count": 384,
      "total_s": 738.6016755360179,
      "mean_s": 1.9234418633750465,
      "p50_s": 1.927836255170405,
      "p90_s": 2.1104168094694615,
      "p99_s": 2.233682169048116,
      "min_s": 1.6416258541867137,
      "max_s": 2.5736923199146986
    },
    "training_phase_time_s": {
      "count": 384,
      "total_s": 17.84326030081138,
      "mean_s": 0.046466823700029636,
      "p50_s": 0.045081575866788626,
      "p90_s": 0.05513350227847695,
      "p99_s": 0.06213103069923819,
      "min_s": 0.03664121124893427,
      "max_s": 0.07694131415337324
    },
    "convergence_time_s": null,
    "converged_epoch": null,
    "avg_cpu_utilization": null,
    "final_validation_accuracy": 0.0,
    "best_validation_accuracy": 0.0,
    "time_to_first_validation_accuracy_s": 831.8116264049895,
    "time_to_best_accuracy_s": 831.8116264049895,
    "final_validation_loss": 1.0473483800888062,
    "best_validation_loss": 1.0473483800888062,
    "time_to_best_loss_s": 831.8116391329095,
    "final_test_accuracy": 0.63,
    "best_test_accuracy": 0.63,
    "time_to_best_test_accuracy_s": 833.4508987800218,
    "remote_feature_latency_s": {
      "count": 386,
      "total_s": 385.4121360187419,
      "mean_s": 0.9984770363179841,
      "p50_s": 1.0018630372360349,
      "p90_s": 1.1186982551589608,
      "p99_s": 1.199495248822495,
      "min_s": 0.0037739169783890247,
      "max_s": 1.2389508592896163
    },
    "remote_feature_total_s": 385.4121360187419,
    "cache_hits": 386,
    "cache_misses": 386,
    "cache_hit_rate": 0.5,
    "validation_time_s": {
      "count": 1,
      "total_s": 0.6089972169138491,
      "mean_s": 0.6089972169138491,
      "p50_s": 0.6089972169138491,
      "p90_s": 0.6089972169138491,
      "p99_s": 0.6089972169138491,
      "min_s": 0.6089972169138491,
      "max_s": 0.6089972169138491
    },
    "saving_weights_time_s": {
      "count": 1,
      "total_s": 1.9188039004802704e-05,
      "mean_s": 1.9188039004802704e-05,
      "p50_s": 1.9188039004802704e-05,
      "p90_s": 1.9188039004802704e-05,
      "p99_s": 1.9188039004802704e-05,
      "min_s": 1.9188039004802704e-05,
      "max_s": 1.9188039004802704e-05
    },
    "batch_train_loss_mean": 1.1590853645466268,
    "avg_batch_nodes": 85183.88020833333,
    "avg_batch_edges": 107639.33072916667,
    "avg_seed_node_ratio": 0.0060108336092756995,
    "topo_query_sent_ms": null,
    "topo_first_record_ms": null,
    "topo_transfer_ms": null,
    "topo_etl_ms": 76.24381981365421,
    "feat_x_query_sent_ms": null,
    "feat_x_first_record_ms": null,
    "feat_x_transfer_ms": null,
    "feat_x_etl_ms": 115.59846896166705,
    "feat_x_etl_parse_ms": null,
    "feat_y_query_sent_ms": null,
    "feat_y_first_record_ms": null,
    "feat_y_transfer_ms": null,
    "feat_y_etl_ms": null,
    "network_baseline_ms": 595.4022202387433,
    "avg_feat_bytes": 33908958.5492228,
    "sampler_avg_db_exec_time_ms": 0,
    "sampler_avg_network_transfer_ms": 530.9948186528497,
    "sampler_avg_driver_overhead_ms": 595.4022202387433,
    "sampler_avg_result_consumed_after_ms": 530.9948186528497,
    "sampler_avg_result_available_after_ms": 0.9922279792746114,
    "sampler_avg_client_wall_time_ms": 595.4022202387433,
    "sampler_avg_query_startup_ms": 0.9922279792746114,
    "sampler_avg_exec_serialize_ms": 530.0025906735751,
    "sampler_avg_client_recv_ms": 64.40740158589358,
    "feat_x_avg_db_exec_time_ms": 0,
    "feat_x_avg_network_transfer_ms": 810.6658031088083,
    "feat_x_avg_driver_overhead_ms": 998.2594095539649,
    "feat_x_avg_result_consumed_after_ms": 810.6658031088083,
    "feat_x_avg_result_available_after_ms": 15.955958549222798,
    "feat_x_avg_client_wall_time_ms": 998.2594095539649,
    "feat_x_avg_query_startup_ms": 15.955958549222798,
    "feat_x_avg_exec_serialize_ms": 794.7098445595855,
    "feat_x_avg_client_recv_ms": 187.59360644515664,
    "topo_fetch_ms": 595.4022202387433
  }
}