{
  "n_runs": 3,
  "metrics": {
    "best_validation_accuracy": {
      "mean": 0.8166666666666668,
      "std": 0.004714045207910268,
      "ci_95": 0.005334444328727755
    },
    "final_validation_accuracy": {
      "mean": 0.8066666666666666,
      "std": 0.012472191289246443,
      "ci_95": 0.014113613076532644
    },
    "throughput_samples_per_s": {
      "mean": 1605.883938990666,
      "std": 84.49452101618455,
      "ci_95": 95.61455152933559
    },
    "time_to_best_accuracy_s": {
      "mean": 7.712226777997178,
      "std": 2.1599388339332455,
      "ci_95": 2.444200883720792
    },
    "training_time_s": {
      "mean": 7.86870102766746,
      "std": 0.4287201131550135,
      "ci_95": 0.48514247856462556
    },
    "avg_batch_nodes": {
      "mean": 353.7916666666667,
      "std": 0.6897097856905915,
      "ci_95": 0.780480095645117
    },
    "avg_batch_edges": {
      "mean": 569.1824074074074,
      "std": 1.1984243198800748,
      "ci_95": 1.3561447832248645
    },
    "remote_feature_total_s": {
      "mean": 2.6790855516058705,
      "std": 0.2252262436082154,
      "ci_95": 0.2548674874565119
    },
    "sampling_mean_s": {
      "mean": 0.010314266279952048,
      "std": 0.0010331407975687917,
      "ci_95": 0.0011691088704707682
    },
    "training_mean_s": {
      "mean": 0.006733936827556505,
      "std": 0.00014819802451266498,
      "ci_95": 0.00016770185191768546
    },
    "sampling_overhead_fraction": {
      "mean": 0.603761588039014,
      "std": 0.017980384553269307,
      "ci_95": 0.020346720529447526
    },
    "batch_nodes_cv": {
      "mean": 0.09376600936659951,
      "std": 0.0002014055285041391,
      "ci_95": 0.00022791181075236137
    },
    "epochs_to_best_accuracy": {
      "mean": 65.33333333333333,
      "std": 16.33673433979046,
      "ci_95": 18.486755218764554
    },
    "feature_fetch_overhead_fraction": {
      "mean": 0.3399577365487014,
      "std": 0.010164631212142115,
      "ci_95": 0.011502363030425304
    },
    "topo_fetch_ms": {
      "mean": 2.1199712173523664,
      "std": 0.508208586118329,
      "ci_95": 0.5750921534397968
    },
    "topo_etl_ms": {
      "mean": 0.1754100775864473,
      "std": 0.0017451605891872094,
      "ci_95": 0.001974835114454868
    },
    "feat_x_etl_ms": {
      "mean": 0.4229608766950678,
      "std": 0.007928141195597071,
      "ci_95": 0.008971536328764608
    },
    "network_baseline_ms": {
      "mean": 2.1199712173523664,
      "std": 0.508208586118329,
      "ci_95": 0.5750921534397968
    }
  }
}