{
  "n_runs": 3,
  "run": {
    "runtime_s": {
      "mean": 9.158172416655967,
      "std": 2.360646136474146,
      "ci_95": 2.6713225774154044
    },
    "training_time_s": {
      "mean": 7.86870102766746,
      "std": 0.5250727598490245,
      "ci_95": 0.5941757625162291
    },
    "epochs_completed": {
      "mean": 90.0,
      "std": 0.0,
      "ci_95": 0.0
    },
    "batches_seen": {
      "mean": 360.0,
      "std": 0.0,
      "ci_95": 0.0
    },
    "nbr_training_datapoints": {
      "mean": 140.0,
      "std": 0.0,
      "ci_95": 0.0
    }
  },
  "metrics": {
    "throughput_samples_per_s": {
      "mean": 1605.883938990666,
      "std": 103.48423127526087,
      "ci_95": 117.10343161596057
    },
    "epoch_time_s": {
      "count": {
        "mean": 90.0,
        "std": 0.0,
        "ci_95": 0.0
      },
      "total_s": {
        "mean": 6.299608651276988,
        "std": 0.5192730484113077,
        "ci_95": 0.5876127711950448
      },
      "mean_s": {
        "mean": 0.06999565168085542,
        "std": 0.005769700537903417,
        "ci_95": 0.00652903079105605
      },
      "p50_s": {
        "mean": 0.04005895151446263,
        "std": 0.0019654916536814963,
        "ci_95": 0.00222416318527223
      },
      "p90_s": {
        "mean": 0.04645937422368055,
        "std": 0.007386723327830626,
        "ci_95": 0.008358864335434509
      },
      "p99_s": {
        "mean": 1.2610640852265835,
        "std": 0.06800180115341638,
        "ci_95": 0.07695128207455652
      },
      "min_s": {
        "mean": 0.03607468035382529,
        "std": 0.0002550238596338992,
        "ci_95": 0.0002885866642584418
      },
      "max_s": {
        "mean": 1.4071746803044032,
        "std": 0.1887827871065089,
        "ci_95": 0.21362783419044903
      }
    },
    "sampling_phase_time_s": {
      "count": {
        "mean": 360.0,
        "std": 0.0,
        "ci_95": 0.0
      },
      "total_s": {
        "mean": 3.7131358607827374,
        "std": 0.45552020156920575,
        "ci_95": 0.5154696335546953
      },
      "mean_s": {
        "mean": 0.010314266279952048,
        "std": 0.0012653338932477934,
        "ci_95": 0.0014318600932074867
      },
      "p50_s": {
        "mean": 0.00725330567608277,
        "std": 0.000498585315402601,
        "ci_95": 0.0005642023974809049
      },
      "p90_s": {
        "mean": 0.009162177657708527,
        "std": 0.0016149429034799745,
        "ci_95": 0.0018274799312980765
      },
      "p99_s": {
        "mean": 0.12081865603143051,
        "std": 0.005623185425133642,
        "ci_95": 0.006363233333052013
      },
      "min_s": {
        "mean": 0.00531056965701282,
        "std": 0.00012920257065059557,
        "ci_95": 0.00014620647233242146
      },
      "max_s": {
        "mean": 0.20325837497754642,
        "std": 0.11583503357709735,
        "ci_95": 0.13107968012195992
      }
    },
    "training_phase_time_s": {
      "count": {
        "mean": 360.0,
        "std": 0.0,
        "ci_95": 0.0
      },
      "total_s": {
        "mean": 2.424217257920342,
        "std": 0.06534171737001052,
        "ci_95": 0.07394111390126051
      },
      "mean_s": {
        "mean": 0.006733936827556505,
        "std": 0.0001815047704722514,
        "ci_95": 0.00020539198305905695
      },
      "p50_s": {
        "mean": 0.0024810279719531536,
        "std": 5.093367063455873e-05,
        "ci_95": 5.763687416528932e-05
      },
      "p90_s": {
        "mean": 0.002760645657933007,
        "std": 7.305676494818093e-05,
        "ci_95": 8.267151210155274e-05
      },
      "p99_s": {
        "mean": 0.19038745456491615,
        "std": 0.004105712120573646,
        "ci_95": 0.004646050636135475
      },
      "min_s": {
        "mean": 0.002021166651199261,
        "std": 0.00012960237018571036,
        "ci_95": 0.00014665888809609347
      },
      "max_s": {
        "mean": 0.2253634026662136,
        "std": 0.015477809001292387,
        "ci_95": 0.017514789698989074
      }
    },
    "final_validation_accuracy": {
      "mean": 0.8066666666666666,
      "std": 0.015275252316519432,
      "ci_95": 0.01728557523228862
    },
    "best_validation_accuracy": {
      "mean": 0.8166666666666668,
      "std": 0.005773502691896198,
      "ci_95": 0.006533333333333266
    },
    "time_to_first_validation_accuracy_s": {
      "mean": 2.498205888667144,
      "std": 1.9374366445958304,
      "ci_95": 2.1924159538586863
    },
    "time_to_best_accuracy_s": {
      "mean": 7.712226777997178,
      "std": 2.6453740093792715,
      "ci_95": 2.9935224969878296
    },
    "final_validation_loss": {
      "mean": 0.702124814192454,
      "std": 0.023309443690466416,
      "ci_95": 0.026377118635128368
    },
    "best_validation_loss": {
      "mean": 0.702124814192454,
      "std": 0.023309443690466416,
      "ci_95": 0.026377118635128368
    },
    "time_to_best_loss_s": {
      "mean": 9.158163347359126,
      "std": 2.3606465653700743,
      "ci_95": 2.6713230627568367
    },
    "final_test_accuracy": {
      "mean": 0.7700000231491466,
      "std": 0.004582575937582411,
      "ci_95": 0.005185672844244409
    },
    "best_test_accuracy": {
      "mean": 0.7700000231491466,
      "std": 0.004582575937582411,
      "ci_95": 0.005185672844244409
    },
    "time_to_best_test_accuracy_s": {
      "mean": 9.322366083312469,
      "std": 2.4043729415462503,
      "ci_95": 2.720804115466601
    },
    "remote_feature_latency_s": {
      "count": {
        "mean": 454.0,
        "std": 0.0,
        "ci_95": 0.0
      },
      "total_s": {
        "mean": 2.6790855516058705,
        "std": 0.27584468676195445,
        "ci_95": 0.3121476481468231
      },
      "mean_s": {
        "mean": 0.00590106949692923,
        "std": 0.0006075874157752301,
        "ci_95": 0.0006875498857859541
      },
      "p50_s": {
        "mean": 0.004142854149298121,
        "std": 0.00021373168773850104,
        "ci_95": 0.00024186017300234616
      },
      "p90_s": {
        "mean": 0.008106749931660792,
        "std": 0.0002476254422239381,
        "ci_95": 0.0002802145668233339
      },
      "p99_s": {
        "mean": 0.04571456218914428,
        "std": 0.0048441356123812285,
        "ci_95": 0.005481655479606736
      },
      "min_s": {
        "mean": 0.0028320136480033398,
        "std": 4.527728908783096e-05,
        "ci_95": 5.123607588434999e-05
      },
      "max_s": {
        "mean": 0.08830920804757625,
        "std": 0.05729087604061625,
        "ci_95": 0.06483072930015218
      }
    },
    "remote_feature_total_s": {
      "mean": 2.6790855516058705,
      "std": 0.27584468676195445,
      "ci_95": 0.3121476481468231
    },
    "cache_hits": {
      "mean": 454.0,
      "std": 0.0,
      "ci_95": 0.0
    },
    "cache_misses": {
      "mean": 454.0,
      "std": 0.0,
      "ci_95": 0.0
    },
    "cache_hit_rate": {
      "mean": 0.5,
      "std": 0.0,
      "ci_95": 0.0
    },
    "validation_time_s": {
      "count": {
        "mean": 90.0,
        "std": 0.0,
        "ci_95": 0.0
      },
      "total_s": {
        "mean": 1.8080935026130949,
        "std": 0.12814653129883177,
        "ci_95": 0.14501145130855075
      },
      "mean_s": {
        "mean": 0.020089927806812166,
        "std": 0.0014238503477647965,
        "ci_95": 0.0016112383478727851
      },
      "p50_s": {
        "mean": 0.019318798615131527,
        "std": 0.0006408545450444974,
        "ci_95": 0.0007251951864219582
      },
      "p90_s": {
        "mean": 0.021650795739454526,
        "std": 0.0024539722705865766,
        "ci_95": 0.002776931039973793
      },
      "p99_s": {
        "mean": 0.036611753916367874,
        "std": 0.01094670568058698,
        "ci_95": 0.012387363603995937
      },
      "min_s": {
        "mean": 0.017459138956231374,
        "std": 0.0005422857203151442,
        "ci_95": 0.0006136540609392117
      },
      "max_s": {
        "mean": 0.04707074995773534,
        "std": 0.02693217599847684,