{
  "run": {
    "csv": "/home/victor.pekkari/thesis-folder/neo4j-mpgnn-thesis/experiment_results/results/run_10_2026-05-12/measurements.csv",
    "runtime_s": 7.321827521082014,
    "training_time_s": 6.918854529969394,
    "epochs_completed": 20,
    "batches_seen": 0,
    "nbr_training_datapoints": 120.0
  },
  "metrics": {
    "throughput_samples_per_s": 346.878228123495,
    "epoch_time_s": {
      "count": 20,
      "total_s": 0.00489423144608736,
      "mean_s": 0.000244711572304368,
      "p50_s": 0.0001434453297406435,
      "p90_s": 0.0003390917088836443,
      "p99_s": 0.0011236373847350477,
      "min_s": 0.0001257280819118023,
      "max_s": 0.001136493869125843
    },
    "sampling_phase_time_s": {
      "count": 0,
      "total_s": 0.0,
      "mean_s": null,
      "p50_s": null,
      "p90_s": null,
      "p99_s": null,
      "min_s": null,
      "max_s": null
    },
    "training_phase_time_s": {
      "count": 0,
      "total_s": 0.0,
      "mean_s": null,
      "p50_s": null,
      "p90_s": null,
      "p99_s": null,
      "min_s": null,
      "max_s": null
    },
    "convergence_time_s": null,
    "converged_epoch": null,
    "avg_cpu_utilization": null,
    "final_validation_accuracy": 0.1460000035986609,
    "best_validation_accuracy": 0.1460000035986609,
    "time_to_first_validation_accuracy_s": 0.5148006989620626,
    "time_to_best_accuracy_s": 0.5148006989620626,
    "final_validation_loss": 1.7963271141052246,
    "best_validation_loss": 1.7963271141052246,
    "time_to_best_loss_s": 0.5148117886856198,
    "final_test_accuracy": 0.1520000040924562,
    "best_test_accuracy": 0.1520000040924562,
    "time_to_best_test_accuracy_s": 7.8238637880422175,
    "remote_feature_latency_s": {
      "count": 44,
      "total_s": 5.213530138134956,
      "mean_s": 0.11848932132124901,
      "p50_s": 0.10083396267145872,
      "p90_s": 0.16375187393277885,
      "p99_s": 0.20818998265545816,
      "min_s": 0.053757980931550264,
      "max_s": 0.21301152557134628
    },
    "remote_feature_total_s": 5.213530138134956,
    "cache_hits": 44,
    "cache_misses": 44,
    "cache_hit_rate": 0.5,
    "validation_time_s": {
      "count": 20,
      "total_s": 7.21062943758443,
      "mean_s": 0.3605314718792215,
      "p50_s": 0.32752809044905007,
      "p90_s": 0.46232305024750536,
      "p99_s": 0.5140594999119639,
      "min_s": 0.2853822987526655,
      "max_s": 0.5217090188525617
    },
    "saving_weights_time_s": {
      "count": 1,
      "total_s": 7.655937224626541e-06,
      "mean_s": 7.655937224626541e-06,
      "p50_s": 7.655937224626541e-06,
      "p90_s": 7.655937224626541e-06,
      "p99_s": 7.655937224626541e-06,
      "min_s": 7.655937224626541e-06,
      "max_s": 7.655937224626541e-06
    },
    "batch_train_loss_mean": null,
    "avg_batch_nodes": null,
    "avg_batch_edges": null,
    "avg_seed_node_ratio": null,
    "topo_query_sent_ms": null,
    "topo_first_record_ms": null,
    "topo_transfer_ms": null,
    "topo_etl_ms": 1.0676563463427804,
    "feat_x_query_sent_ms": null,
    "feat_x_first_record_ms": null,
    "feat_x_transfer_ms": null,
    "feat_x_etl_ms": 8.821516414172947,
    "feat_x_etl_parse_ms": null,
    "feat_y_query_sent_ms": null,
    "feat_y_first_record_ms": null,
    "feat_y_transfer_ms": null,
    "feat_y_etl_ms": null,
    "network_baseline_ms": 6.420335933481428,
    "avg_feat_bytes": 18774210.0,
    "sampler_avg_db_exec_time_ms": 0,
    "sampler_avg_network_transfer_ms": 4.159090909090909,
    "sampler_avg_driver_overhead_ms": 6.420335933481428,
    "sampler_avg_result_consumed_after_ms": 4.159090909090909,
    "sampler_avg_result_available_after_ms": 0.5681818181818182,
    "sampler_avg_client_wall_time_ms": 6.420335933481428,
    "sampler_avg_query_startup_ms": 0.5681818181818182,
    "sampler_avg_exec_serialize_ms": 3.590909090909091,
    "sampler_avg_client_recv_ms": 2.2612450243905187,
    "feat_x_avg_db_exec_time_ms": 0,
    "feat_x_avg_network_transfer_ms": 79.4090909090909,
    "feat_x_avg_driver_overhead_ms": 117.97367363363843,
    "feat_x_avg_result_consumed_after_ms": 79.4090909090909,
    "feat_x_avg_result_available_after_ms": 1.7727272727272727,
    "feat_x_avg_client_wall_time_ms": 117.97367363363843,
    "feat_x_avg_query_startup_ms": 1.7727272727272727,
    "feat_x_avg_exec_serialize_ms": 77.63636363636364,
    "feat_x_avg_client_recv_ms": 38.56458272454752,
    "topo_fetch_ms": 6.420335933481428
  },
  "notes": [
    "GPU/CPU utilization and explicit DB write/query timings are not in the Measurer CSV (unless you log them); this parser will report None for those.",
    "throughput_samples_per_s assumes nbr_training_datapoints is per-epoch; if it's total across training, remove the * epochs_completed multiplier.",
    "remote_feature_total_s is a proxy for time spent waiting on remote feature reads (DB reads)."
  ]
}