{
  "sampler": {
    "plan_meta": {},
    "global": {
      "sample_count": 404,
      "avg_client_wall_time_ms": 7.271201256432081,
      "avg_result_available_after_ms": 0.5198019801980198,
      "avg_result_consumed_after_ms": 3.5792079207920793,
      "avg_profile_total_time_ms": 0.0,
      "avg_global_memory_bytes": 0.0,
      "avg_root_rows": 0.0,
      "avg_root_db_hits": 0.0,
      "avg_page_cache_hits": 0.0,
      "avg_page_cache_misses": 0.0,
      "avg_db_exec_time_ms": 0,
      "avg_network_transfer_ms": 3.5792079207920793,
      "avg_driver_overhead_ms": 7.271201256432081,
      "avg_query_startup_ms": 0.5198019801980198,
      "avg_exec_serialize_ms": 3.0594059405940595,
      "avg_client_recv_ms": 3.691993335640002
    },
    "operators": [],
    "top_by_time_ms": [],
    "top_by_db_hits": [],
    "top_by_memory_bytes": []
  },
  "feat_x": {
    "plan_meta": {},
    "global": {
      "sample_count": 404,
      "avg_client_wall_time_ms": 102.00239318805646,
      "avg_result_available_after_ms": 1.7351485148514851,
      "avg_result_consumed_after_ms": 57.34158415841584,
      "avg_profile_total_time_ms": 0.0,
      "avg_global_memory_bytes": 0.0,
      "avg_root_rows": 0.0,
      "avg_root_db_hits": 0.0,
      "avg_page_cache_hits": 0.0,
      "avg_page_cache_misses": 0.0,
      "avg_db_exec_time_ms": 0,
      "avg_network_transfer_ms": 57.34158415841584,
      "avg_driver_overhead_ms": 102.00239318805646,
      "avg_query_startup_ms": 1.7351485148514851,
      "avg_exec_serialize_ms": 55.60643564356435,
      "avg_client_recv_ms": 44.66080902964062
    },
    "operators": [],
    "top_by_time_ms": [],
    "top_by_db_hits": [],
    "top_by_memory_bytes": []
  },
  "subphase_metrics": {
    "throughput_samples_per_s": 379.3753639645436,
    "epoch_time_s": {
      "count": 200,
      "total_s": 0.03061540750786662,
      "mean_s": 0.0001530770375393331,
      "p50_s": 0.00013774540275335312,
      "p90_s": 0.00017041452229022978,
      "p99_s": 0.0003016565274447147,
      "min_s": 0.00011612987145781517,
      "max_s": 0.0012641269713640213
    },
    "sampling_phase_time_s": {
      "count": 0,
      "total_s": 0.0,
      "mean_s": null,
      "p50_s": null,
      "p90_s": null,
      "p99_s": null,
      "min_s": null,
      "max_s": null
    },
    "training_phase_time_s": {
      "count": 0,
      "total_s": 0.0,
      "mean_s": null,
      "p50_s": null,
      "p90_s": null,
      "p99_s": null,
      "min_s": null,
      "max_s": null
    },
    "convergence_time_s": null,
    "converged_epoch": null,
    "avg_cpu_utilization": null,
    "final_validation_accuracy": 0.1260000033739221,
    "best_validation_accuracy": 0.1260000033739221,
    "time_to_first_validation_accuracy_s": 0.46887071104720235,
    "time_to_best_accuracy_s": 0.46887071104720235,
    "final_validation_loss": 1.8029417991638184,
    "best_validation_loss": 1.8029417991638184,
    "time_to_best_loss_s": 0.4688836643472314,
    "final_test_accuracy": 0.123000004087928,
    "best_test_accuracy": 0.123000004087928,
    "time_to_best_test_accuracy_s": 64.11628725938499,
    "remote_feature_latency_s": {
      "count": 404,
      "total_s": 41.44453577743843,
      "mean_s": 0.10258548459761987,
      "p50_s": 0.10288401460275054,
      "p90_s": 0.11519469702616333,
      "p99_s": 0.14986124052666125,
      "min_s": 0.054033040069043636,
      "max_s": 0.15203757723793387
    },
    "remote_feature_total_s": 41.44453577743843,
    "cache_hits": 404,
    "cache_misses": 404,
    "cache_hit_rate": 0.5,
    "validation_time_s": {
      "count": 200,
      "total_s": 63.526792919728905,
      "mean_s": 0.3176339645986445,
      "p50_s": 0.3100141955073923,
      "p90_s": 0.33130734353326263,
      "p99_s": 0.4112632943969212,
      "min_s": 0.28741318406537175,
      "max_s": 0.6092092371545732
    },
    "saving_weights_time_s": {
      "count": 1,
      "total_s": 7.988885045051575e-06,
      "mean_s": 7.988885045051575e-06,
      "p50_s": 7.988885045051575e-06,
      "p90_s": 7.988885045051575e-06,
      "p99_s": 7.988885045051575e-06,
      "min_s": 7.988885045051575e-06,
      "max_s": 7.988885045051575e-06
    },
    "batch_train_loss_mean": null,
    "avg_batch_nodes": null,
    "avg_batch_edges": null,
    "avg_seed_node_ratio": null,
    "topo_query_sent_ms": null,
    "topo_first_record_ms": null,
    "topo_transfer_ms": null,
    "topo_etl_ms": 1.1600345536826713,
    "feat_x_query_sent_ms": null,
    "feat_x_first_record_ms": null,
    "feat_x_transfer_ms": null,
    "feat_x_etl_ms": 5.692969551217733,
    "feat_x_etl_parse_ms": null,
    "feat_y_query_sent_ms": null,
    "feat_y_first_record_ms": null,
    "feat_y_transfer_ms": null,
    "feat_y_etl_ms": null,
    "network_baseline_ms": 7.271201256432081,
    "avg_feat_bytes": 18978791.584158417,
    "sampler_avg_db_exec_time_ms": 0,
    "sampler_avg_network_transfer_ms": 3.5792079207920793,
    "sampler_avg_driver_overhead_ms": 7.271201256432081,
    "sampler_avg_result_consumed_after_ms": 3.5792079207920793,
    "sampler_avg_result_available_after_ms": 0.5198019801980198,
    "sampler_avg_client_wall_time_ms": 7.271201256432081,
    "sampler_avg_query_startup_ms": 0.5198019801980198,
    "sampler_avg_exec_serialize_ms": 3.0594059405940595,
    "sampler_avg_client_recv_ms": 3.691993335640002,
    "feat_x_avg_db_exec_time_ms": 0,
    "feat_x_avg_network_transfer_ms": 57.34158415841584,
    "feat_x_avg_driver_overhead_ms": 102.00239318805646,
    "feat_x_avg_result_consumed_after_ms": 57.34158415841584,
    "feat_x_avg_result_available_after_ms": 1.7351485148514851,
    "feat_x_avg_client_wall_time_ms": 102.00239318805646,
    "feat_x_avg_query_startup_ms": 1.7351485148514851,
    "feat_x_avg_exec_serialize_ms": 55.60643564356435,
    "feat_x_avg_client_recv_ms": 44.66080902964062,
    "topo_fetch_ms": 7.271201256432081
  }
}