{
  "run": {
    "csv": "/home/victor.pekkari/thesis-folder/neo4j-mpgnn-thesis/experiment_results/results/run_9_2026-05-12/measurements.csv",
    "runtime_s": 60.79032794712111,
    "training_time_s": 60.38607997819781,
    "epochs_completed": 200,
    "batches_seen": 0,
    "nbr_training_datapoints": 120.0
  },
  "metrics": {
    "throughput_samples_per_s": 397.4425895614539,
    "epoch_time_s": {
      "count": 200,
      "total_s": 0.02605063933879137,
      "mean_s": 0.00013025319669395685,
      "p50_s": 0.00011572474613785744,
      "p90_s": 0.00014409110881388187,
      "p99_s": 0.00022443374153226003,
      "min_s": 9.905127808451653e-05,
      "max_s": 0.001149910967797041
    },
    "sampling_phase_time_s": {
      "count": 0,
      "total_s": 0.0,
      "mean_s": null,
      "p50_s": null,
      "p90_s": null,
      "p99_s": null,
      "min_s": null,
      "max_s": null
    },
    "training_phase_time_s": {
      "count": 0,
      "total_s": 0.0,
      "mean_s": null,
      "p50_s": null,
      "p90_s": null,
      "p99_s": null,
      "min_s": null,
      "max_s": null
    },
    "convergence_time_s": null,
    "converged_epoch": null,
    "avg_cpu_utilization": null,
    "final_validation_accuracy": 0.1260000033739221,
    "best_validation_accuracy": 0.1260000033739221,
    "time_to_first_validation_accuracy_s": 0.46329324087128043,
    "time_to_best_accuracy_s": 0.46329324087128043,
    "final_validation_loss": 1.8029417991638184,
    "best_validation_loss": 1.8029417991638184,
    "time_to_best_loss_s": 0.463305882178247,
    "final_test_accuracy": 0.123000004087928,
    "best_test_accuracy": 0.123000004087928,
    "time_to_best_test_accuracy_s": 61.25462707085535,
    "remote_feature_latency_s": {
      "count": 404,
      "total_s": 39.07962649688125,
      "mean_s": 0.09673174875465655,
      "p50_s": 0.09403960104100406,
      "p90_s": 0.10178160415962338,
      "p99_s": 0.14071386488620188,
      "min_s": 0.0559160690754652,
      "max_s": 0.19510201085358858
    },
    "remote_feature_total_s": 39.07962649688125,
    "cache_hits": 404,
    "cache_misses": 404,
    "cache_hit_rate": 0.5,
    "validation_time_s": {
      "count": 200,
      "total_s": 60.65581438271329,
      "mean_s": 0.30327907191356646,
      "p50_s": 0.29560349439270794,
      "p90_s": 0.3115968420635909,
      "p99_s": 0.44098689225967896,
      "min_s": 0.2804664890281856,
      "max_s": 0.5632200171239674
    },
    "saving_weights_time_s": {
      "count": 1,
      "total_s": 9.092036634683609e-06,
      "mean_s": 9.092036634683609e-06,
      "p50_s": 9.092036634683609e-06,
      "p90_s": 9.092036634683609e-06,
      "p99_s": 9.092036634683609e-06,
      "min_s": 9.092036634683609e-06,
      "max_s": 9.092036634683609e-06
    },
    "batch_train_loss_mean": null,
    "avg_batch_nodes": null,
    "avg_batch_edges": null,
    "avg_seed_node_ratio": null,
    "topo_query_sent_ms": null,
    "topo_first_record_ms": null,
    "topo_transfer_ms": null,
    "topo_etl_ms": 1.1295479178281114,
    "feat_x_query_sent_ms": null,
    "feat_x_first_record_ms": null,
    "feat_x_transfer_ms": null,
    "feat_x_etl_ms": 5.752596131636586,
    "feat_x_etl_parse_ms": null,
    "feat_y_query_sent_ms": null,
    "feat_y_first_record_ms": null,
    "feat_y_transfer_ms": null,
    "feat_y_etl_ms": null,
    "network_baseline_ms": 7.066670042176796,
    "avg_feat_bytes": 18978791.584158417,
    "sampler_avg_db_exec_time_ms": 0,
    "sampler_avg_network_transfer_ms": 3.5247524752475248,
    "sampler_avg_driver_overhead_ms": 7.066670042176796,
    "sampler_avg_result_consumed_after_ms": 3.5247524752475248,
    "sampler_avg_result_available_after_ms": 0.48267326732673266,
    "sampler_avg_client_wall_time_ms": 7.066670042176796,
    "sampler_avg_query_startup_ms": 0.48267326732673266,
    "sampler_avg_exec_serialize_ms": 3.042079207920792,
    "sampler_avg_client_recv_ms": 3.541917566929271,
    "feat_x_avg_db_exec_time_ms": 0,
    "feat_x_avg_network_transfer_ms": 57.11138613861386,
    "feat_x_avg_driver_overhead_ms": 96.16219797079442,
    "feat_x_avg_result_consumed_after_ms": 57.11138613861386,
    "feat_x_avg_result_available_after_ms": 1.688118811881188,
    "feat_x_avg_client_wall_time_ms": 96.16219797079442,
    "feat_x_avg_query_startup_ms": 1.688118811881188,
    "feat_x_avg_exec_serialize_ms": 55.42326732673267,
    "feat_x_avg_client_recv_ms": 39.050811832180564,
    "topo_fetch_ms": 7.066670042176796
  },
  "notes": [
    "GPU/CPU utilization and explicit DB write/query timings are not in the Measurer CSV (unless you log them); this parser will report None for those.",
    "throughput_samples_per_s assumes nbr_training_datapoints is per-epoch; if it's total across training, remove the * epochs_completed multiplier.",
    "remote_feature_total_s is a proxy for time spent waiting on remote feature reads (DB reads)."
  ]
}