{
  "run": {
    "csv": "/home/victor.pekkari/thesis-folder/neo4j-mpgnn-thesis/experiment_results/results/run_7_2026-05-11/measurements.csv",
    "runtime_s": 921.1239090948366,
    "training_time_s": 915.4648597380146,
    "epochs_completed": 1,
    "batches_seen": 768,
    "nbr_training_datapoints": 196615.0
  },
  "metrics": {
    "throughput_samples_per_s": 214.77066859373147,
    "epoch_time_s": {
      "count": 1,
      "total_s": 916.5813812380657,
      "mean_s": 916.5813812380657,
      "p50_s": 916.5813812380657,
      "p90_s": 916.5813812380657,
      "p99_s": 916.5813812380657,
      "min_s": 916.5813812380657,
      "max_s": 916.5813812380657
    },
    "sampling_phase_time_s": {
      "count": 768,
      "total_s": 743.2476506535895,
      "mean_s": 0.9677703784551946,
      "p50_s": 0.9407591708004475,
      "p90_s": 1.0708605693653226,
      "p99_s": 1.1395514673739673,
      "min_s": 0.8732496872544289,
      "max_s": 1.5338527238927782
    },
    "training_phase_time_s": {
      "count": 768,
      "total_s": 97.31334272259846,
      "mean_s": 0.12671008167005007,
      "p50_s": 0.12366661988198757,
      "p90_s": 0.13789266613312068,
      "p99_s": 0.15947301586624235,
      "min_s": 0.1174214668571949,
      "max_s": 0.1719199288636446
    },
    "convergence_time_s": null,
    "converged_epoch": null,
    "avg_cpu_utilization": null,
    "final_validation_accuracy": 0.0,
    "best_validation_accuracy": 0.0,
    "time_to_first_validation_accuracy_s": 921.1238506166264,
    "time_to_best_accuracy_s": 921.1238506166264,
    "final_validation_loss": 1.0203118324279783,
    "best_validation_loss": 1.0203118324279783,
    "time_to_best_loss_s": 921.1238586218096,
    "final_test_accuracy": 0.55,
    "best_test_accuracy": 0.55,
    "time_to_best_test_accuracy_s": 922.4974225419573,
    "remote_feature_latency_s": {
      "count": 770,
      "total_s": 375.59425231441855,
      "mean_s": 0.48778474326547866,
      "p50_s": 0.4706159869674593,
      "p90_s": 0.5682023393455893,
      "p99_s": 0.5938319927128032,
      "min_s": 0.004684022162109613,
      "max_s": 0.6285829399712384
    },
    "remote_feature_total_s": 375.59425231441855,
    "cache_hits": 770,
    "cache_misses": 770,
    "cache_hit_rate": 0.5,
    "validation_time_s": {
      "count": 1,
      "total_s": 0.667770829051733,
      "mean_s": 0.667770829051733,
      "p50_s": 0.667770829051733,
      "p90_s": 0.667770829051733,
      "p99_s": 0.667770829051733,
      "min_s": 0.667770829051733,
      "max_s": 0.667770829051733
    },
    "saving_weights_time_s": {
      "count": 1,
      "total_s": 1.3513024896383286e-05,
      "mean_s": 1.3513024896383286e-05,
      "p50_s": 1.3513024896383286e-05,
      "p90_s": 1.3513024896383286e-05,
      "p99_s": 1.3513024896383286e-05,
      "min_s": 1.3513024896383286e-05,
      "max_s": 1.3513024896383286e-05
    },
    "batch_train_loss_mean": 1.451442521220694,
    "avg_batch_nodes": 44528.84375,
    "avg_batch_edges": 54201.420572916664,
    "avg_seed_node_ratio": 0.00574963598354131,
    "topo_query_sent_ms": null,
    "topo_first_record_ms": null,
    "topo_transfer_ms": null,
    "topo_etl_ms": 34.78744011916607,
    "feat_x_query_sent_ms": null,
    "feat_x_first_record_ms": null,
    "feat_x_transfer_ms": null,
    "feat_x_etl_ms": 56.268781334065,
    "feat_x_etl_parse_ms": null,
    "feat_y_query_sent_ms": null,
    "feat_y_first_record_ms": null,
    "feat_y_transfer_ms": null,
    "feat_y_etl_ms": null,
    "network_baseline_ms": 281.19325860064816,
    "avg_feat_bytes": 4062712.2077922076,
    "sampler_avg_db_exec_time_ms": 0,
    "sampler_avg_network_transfer_ms": 247.5818181818182,
    "sampler_avg_driver_overhead_ms": 281.19325860064816,
    "sampler_avg_result_consumed_after_ms": 247.5818181818182,
    "sampler_avg_result_available_after_ms": 0.5402597402597402,
    "sampler_avg_client_wall_time_ms": 281.19325860064816,
    "sampler_avg_query_startup_ms": 0.5402597402597402,
    "sampler_avg_exec_serialize_ms": 247.04155844155846,
    "sampler_avg_client_recv_ms": 33.61144041882997,
    "feat_x_avg_db_exec_time_ms": 0,
    "feat_x_avg_network_transfer_ms": 382.14285714285717,
    "feat_x_avg_driver_overhead_ms": 476.12426819509596,
    "feat_x_avg_result_consumed_after_ms": 382.14285714285717,
    "feat_x_avg_result_available_after_ms": 34.38051948051948,
    "feat_x_avg_client_wall_time_ms": 476.12426819509596,
    "feat_x_avg_query_startup_ms": 34.38051948051948,
    "feat_x_avg_exec_serialize_ms": 347.7623376623377,
    "feat_x_avg_client_recv_ms": 93.9814110522388,
    "topo_fetch_ms": 281.19325860064816
  },
  "notes": [
    "GPU/CPU utilization and explicit DB write/query timings are not in the Measurer CSV (unless you log them); this parser will report None for those.",
    "throughput_samples_per_s assumes nbr_training_datapoints is per-epoch; if it's total across training, remove the * epochs_completed multiplier.",
    "remote_feature_total_s is a proxy for time spent waiting on remote feature reads (DB reads)."
  ]
}