{
  "run": {
    "csv": "/Users/victorpekkari/Desktop/neo4j-mpgnn-thesis/experiments/results/run_4/measurements.csv",
    "runtime_s": 1.2514720420003869,
    "training_time_s": 0.21131241699913517,
    "epochs_completed": 20,
    "batches_seen": 20,
    "nbr_training_datapoints": 140.0
  },
  "metrics": {
    "throughput_samples_per_s": 13250.522802980668,
    "epoch_time_s": {
      "count": 20,
      "total_s": 0.12251012500200886,
      "mean_s": 0.006125506250100443,
      "p50_s": 0.0038736249989597127,
      "p90_s": 0.004400924404035322,
      "p99_s": 0.04049901026344736,
      "min_s": 0.0033346249983878806,
      "max_s": 0.04894216699176468
    },
    "sampling_phase_time_s": {
      "count": 20,
      "total_s": 0.01932466501602903,
      "mean_s": 0.0009662332508014515,
      "p50_s": 0.0005264165010885336,
      "p90_s": 0.0006094961005146615,
      "p99_s": 0.007816193271428335,
      "min_s": 0.0004209580074530095,
      "max_s": 0.009504375004325993
    },
    "training_phase_time_s": {
      "count": 20,
      "total_s": 0.09008208598243073,
      "mean_s": 0.004504104299121537,
      "p50_s": 0.0033519165008328855,
      "p90_s": 0.003726775290851947,
      "p99_s": 0.022982654022343892,
      "min_s": 0.0027933749952353537,
      "max_s": 0.027464667000458576
    },
    "convergence_time_s": null,
    "converged_epoch": null,
    "avg_cpu_utilization": 101.2,
    "final_validation_accuracy": 0.4600000143066415,
    "best_validation_accuracy": 0.5020000156488453,
    "time_to_first_validation_accuracy_s": 1.0708774999948218,
    "time_to_best_accuracy_s": 1.1484658749977825,
    "final_validation_loss": 1.620927810668945,
    "best_validation_loss": 1.620927810668945,
    "time_to_best_loss_s": 1.2514606670010835,
    "final_test_accuracy": 0.502000015682605,
    "best_test_accuracy": 0.502000015682605,
    "time_to_best_test_accuracy_s": 2.0658281249925494,
    "remote_feature_latency_s": {
      "count": 0,
      "total_s": 0.0,
      "mean_s": null,
      "p50_s": null,
      "p90_s": null,
      "p99_s": null,
      "min_s": null,
      "max_s": null
    },
    "remote_feature_total_s": 0.0,
    "cache_hits": 0,
    "cache_misses": 0,
    "cache_hit_rate": null,
    "validation_time_s": {
      "count": 20,
      "total_s": 0.11551320603757631,
      "mean_s": 0.0057756603018788155,
      "p50_s": 0.005485770496306941,
      "p90_s": 0.006242282998573501,
      "p99_s": 0.008297669259191022,
      "min_s": 0.0051305410015629604,
      "max_s": 0.008700208010850474
    },
    "saving_weights_time_s": {
      "count": 20,
      "total_s": 5.508500908035785e-05,
      "mean_s": 2.7542504540178924e-06,
      "p50_s": 2.187509380746633e-06,
      "p90_s": 5.146402691025287e-06,
      "p99_s": 6.518810987472533e-06,
      "min_s": 1.5419936971738935e-06,
      "max_s": 6.709000444971025e-06
    },
    "batch_train_loss_mean": 1.805182284116745,
    "avg_batch_nodes": 1139.2,
    "avg_batch_edges": 2281.65,
    "avg_seed_node_ratio": 0.12290159189293466
  },
  "notes": [
    "GPU/CPU utilization and explicit DB write/query timings are not in the Measurer CSV (unless you log them); this parser will report None for those.",
    "throughput_samples_per_s assumes nbr_training_datapoints is per-epoch; if it's total across training, remove the * epochs_completed multiplier.",
    "remote_feature_total_s is a proxy for time spent waiting on remote feature reads (DB reads)."
  ]
}