{
  "run": {
    "csv": "/Users/victorpekkari/Desktop/neo4j-mpgnn-thesis/experiments/results/run_10/measurements.csv",
    "runtime_s": 7.6116523329983465,
    "training_time_s": 5.945790208003018,
    "epochs_completed": 10,
    "batches_seen": 50,
    "nbr_training_datapoints": 140.0
  },
  "metrics": {
    "throughput_samples_per_s": 235.4607127099109,
    "epoch_time_s": {
      "count": 10,
      "total_s": 2.426442793017486,
      "mean_s": 0.24264427930174862,
      "p50_s": 0.22745245850092033,
      "p90_s": 0.257026312497328,
      "p99_s": 0.3894071437552339,
      "min_s": 0.20825479199993424,
      "max_s": 0.40411612500611227
    },
    "sampling_phase_time_s": {
      "count": 50,
      "total_s": 2.3068322040489875,
      "mean_s": 0.04613664408097975,
      "p50_s": 0.0439727920020232,
      "p90_s": 0.05122483720915625,
      "p99_s": 0.1507180230887022,
      "min_s": 0.023007292009424418,
      "max_s": 0.21688650001306087
    },
    "training_phase_time_s": {
      "count": 50,
      "total_s": 0.1111402029346209,
      "mean_s": 0.002222804058692418,
      "p50_s": 0.0019585834961617365,
      "p90_s": 0.002387307801109273,
      "p99_s": 0.009588943575363346,
      "min_s": 0.0013544999965233728,
      "max_s": 0.016189957997994497
    },
    "convergence_time_s": null,
    "converged_epoch": null,
    "avg_cpu_utilization": 83.32857142857142,
    "final_validation_accuracy": 0.638000019932868,
    "best_validation_accuracy": 0.7180000217745967,
    "time_to_first_validation_accuracy_s": 1.878595582995331,
    "time_to_best_accuracy_s": 4.465286666993052,
    "final_validation_loss": 1.5487412214279177,
    "best_validation_loss": 0.898937463760376,
    "time_to_best_loss_s": 4.465290249994723,
    "final_test_accuracy": 0.6560000203276888,
    "best_test_accuracy": 0.6560000203276888,
    "time_to_best_test_accuracy_s": 8.485861124994699,
    "remote_feature_latency_s": {
      "count": 148,
      "total_s": 2.6251344098564005,
      "mean_s": 0.017737394661191896,
      "p50_s": 0.01018760449369438,
      "p90_s": 0.04074799559894018,
      "p99_s": 0.049149966481782034,
      "min_s": 0.004703707993030548,
      "max_s": 0.05141216699848883
    },
    "remote_feature_total_s": 2.6251344098564005,
    "cache_hits": 148,
    "cache_misses": 148,
    "cache_hit_rate": 0.5,
    "validation_time_s": {
      "count": 10,
      "total_s": 4.150040625958354,
      "mean_s": 0.41500406259583544,
      "p50_s": 0.4126378539876896,
      "p90_s": 0.4395060083945282,
      "p99_s": 0.4397703389378148,
      "min_s": 0.39689795799495187,
      "max_s": 0.43979970899818
    },
    "saving_weights_time_s": {
      "count": 5,
      "total_s": 1.2416014214977622e-05,
      "mean_s": 2.4832028429955243e-06,
      "p50_s": 2.040993422269821e-06,
      "p90_s": 3.5998062230646613e-06,
      "p99_s": 4.034685553051531e-06,
      "min_s": 1.5830009942874312e-06,
      "max_s": 4.083005478605628e-06
    },
    "batch_train_loss_mean": 0.4927312640781747,
    "avg_batch_nodes": 302.94,
    "avg_batch_edges": 665.6,
    "avg_seed_node_ratio": 0.09339578354620695
  },
  "notes": [
    "GPU/CPU utilization and explicit DB write/query timings are not in the Measurer CSV (unless you log them); this parser will report None for those.",
    "throughput_samples_per_s assumes nbr_training_datapoints is per-epoch; if it's total across training, remove the * epochs_completed multiplier.",
    "remote_feature_total_s is a proxy for time spent waiting on remote feature reads (DB reads)."
  ]
}