{
  "run": {
    "csv": "/Users/victorpekkari/Desktop/neo4j-mpgnn-thesis/experiment_results/sampler_comparison/comparison_15/Neo4jNeighborSampler/run_4/measurements.csv",
    "runtime_s": 48.162802415987244,
    "training_time_s": 46.23862495800131,
    "epochs_completed": 100,
    "batches_seen": 400,
    "nbr_training_datapoints": 140.0
  },
  "metrics": {
    "throughput_samples_per_s": 302.7771697950846,
    "epoch_time_s": {
      "count": 100,
      "total_s": 13.184224534023087,
      "mean_s": 0.13184224534023087,
      "p50_s": 0.1293652710155584,
      "p90_s": 0.14008539129863495,
      "p99_s": 0.18566307259985484,
      "min_s": 0.12034150000545196,
      "max_s": 0.19973241700790823
    },
    "sampling_phase_time_s": {
      "count": 400,
      "total_s": 12.589021167223109,
      "mean_s": 0.03147255291805777,
      "p50_s": 0.030428395999479108,
      "p90_s": 0.034063887817319484,
      "p99_s": 0.04410115667153148,
      "min_s": 0.027512458007549867,
      "max_s": 0.0794709580077324
    },
    "training_phase_time_s": {
      "count": 400,
      "total_s": 0.5690384590707254,
      "mean_s": 0.0014225961476768134,
      "p50_s": 0.0014201250014593825,
      "p90_s": 0.001664887508377433,
      "p99_s": 0.001857584588578902,
      "min_s": 0.001096375024644658,
      "max_s": 0.002198583009885624
    },
    "convergence_time_s": null,
    "converged_epoch": null,
    "avg_cpu_utilization": 57.42391304347826,
    "final_validation_accuracy": 0.7660000238369112,
    "best_validation_accuracy": 0.7700000234467329,
    "time_to_first_validation_accuracy_s": 2.036158999981126,
    "time_to_best_accuracy_s": 29.260433999996167,
    "final_validation_loss": 0.8733868598937988,
    "best_validation_loss": 0.8632230162620544,
    "time_to_best_loss_s": 43.07303724999656,
    "final_test_accuracy": 0.7890000233651492,
    "best_test_accuracy": 0.7890000233651492,
    "time_to_best_test_accuracy_s": 48.679914749984164,
    "remote_feature_latency_s": {
      "count": 0,
      "total_s": 0.0,
      "mean_s": null,
      "p50_s": null,
      "p90_s": null,
      "p99_s": null,
      "min_s": null,
      "max_s": null
    },
    "remote_feature_total_s": 0.0,
    "cache_hits": 0,
    "cache_misses": 0,
    "cache_hit_rate": null,
    "validation_time_s": {
      "count": 100,
      "total_s": 33.47559128314606,
      "mean_s": 0.3347559128314606,
      "p50_s": 0.33395233350165654,
      "p90_s": 0.34494382110133304,
      "p99_s": 0.39223261582723357,
      "min_s": 0.31467333299224265,
      "max_s": 0.3947685830062255
    },
    "saving_weights_time_s": {
      "count": 66,
      "total_s": 0.00016441906336694956,
      "mean_s": 2.491197929802266e-06,
      "p50_s": 2.3955071810632944e-06,
      "p90_s": 2.8545036911964417e-06,
      "p99_s": 5.8870602515526024e-06,
      "min_s": 1.7079873941838741e-06,
      "max_s": 6.9160014390945435e-06
    },
    "batch_train_loss_mean": 0.522920973864384,
    "avg_batch_nodes": 371.1875,
    "avg_batch_edges": 589.885,
    "avg_seed_node_ratio": 0.0809227372079198
  },
  "notes": [
    "GPU/CPU utilization and explicit DB write/query timings are not in the Measurer CSV (unless you log them); this parser will report None for those.",
    "throughput_samples_per_s assumes nbr_training_datapoints is per-epoch; if it's total across training, remove the * epochs_completed multiplier.",
    "remote_feature_total_s is a proxy for time spent waiting on remote feature reads (DB reads)."
  ]
}